{
  "gt_count": 6900,
  "mean_obj_recall": 0.2103714727529074,
  "mean_scene_recall": 0.2131202518378159,
  "obj_recalls": {"1": 0.059219380888290714, "2": 0.24263038548752835, "3": 0.203125, "4": 0.15151515151515152, "5": 0.5210526315789473, "6": 0.3877551020408163, "7": 0.296, "8": 0.44, "9": 0.6056910569105691, "10": 0.35664335664335667, "11": 0.07428571428571429, "12": 0.2302158273381295, "13": 0.08571428571428572, "14": 0.3356164383561644, "15": 0.0410958904109589, "16": 0.5585106382978723, "17": 0.6506849315068494, "18": 0.22602739726027396, "19": 0.05235602094240838, "20": 0.0125, "21": 0.05142857142857143, "22": 0.0851063829787234, "23": 0.12096774193548387, "24": 0.09895833333333333, "25": 0.09473684210526316, "26": 0.15151515151515152, "27": 0.010416666666666666, "28": 0.020833333333333332, "29": 0.1326530612244898, "30": 0.013888888888888888},
  "recall": 0.19803829985987856,
  "scene_recalls": {"1": 0.06091370558375635, "2": 0.4489795918367347, "3": 0.314410480349345, "4": 0.26153846153846155, "5": 0.19672131147540983, "6": 0.16666666666666666, "7": 0.2551546391752577, "8": 0.05102040816326531, "9": 0.14233576642335766, "10": 0.13541666666666666, "11": 0.6091370558375635, "12": 0.3161512027491409, "13": 0.0332409972299169, "14": 0.056716417910447764, "15": 0.07958477508650519, "16": 0.32558139534883723, "17": 0.2392638036809816, "18": 0.14878892733564014, "19": 0.2376470588235294, "20": 0.1831357048748353},
  "targets_count": 6423,
  "tp_count": 1272
}