{
  "gt_count": 6900,
  "mean_obj_recall": 0.31155757892779806,
  "mean_scene_recall": 0.32076647467051445,
  "obj_recalls": {"1": 0.1440107671601615, "2": 0.3378684807256236, "3": 0.3072916666666667, "4": 0.2542087542087542, "5": 0.5631578947368421, "6": 0.5408163265306123, "7": 0.52, "8": 0.6933333333333334, "9": 0.7073170731707317, "10": 0.5524475524475524, "11": 0.2, "12": 0.43884892086330934, "13": 0.15, "14": 0.3972602739726027, "15": 0.0958904109589041, "16": 0.6117021276595744, "17": 0.6986301369863014, "18": 0.3082191780821918, "19": 0.13089005235602094, "20": 0.07083333333333333, "21": 0.16, "22": 0.15425531914893617, "23": 0.3064516129032258, "24": 0.19791666666666666, "25": 0.17894736842105263, "26": 0.26262626262626265, "27": 0.0625, "28": 0.0625, "29": 0.20408163265306123, "30": 0.034722222222222224},
  "recall": 0.299237116612175,
  "scene_recalls": {"1": 0.15228426395939088, "2": 0.5850340136054422, "3": 0.5021834061135371, "4": 0.41025641025641024, "5": 0.3401639344262295, "6": 0.32051282051282054, "7": 0.327319587628866, "8": 0.16666666666666666, "9": 0.2427007299270073, "10": 0.2361111111111111, "11": 0.6903553299492385, "12": 0.43986254295532645, "13": 0.09141274238227147, "14": 0.17313432835820897, "15": 0.14186851211072665, "16": 0.40310077519379844, "17": 0.3773006134969325, "18": 0.24567474048442905, "19": 0.3058823529411765, "20": 0.2635046113306983},
  "targets_count": 6423,
  "tp_count": 1922
}