{
  "gt_count": 6900,
  "mean_obj_recall": 0.15421394567964056,
  "mean_scene_recall": 0.15552454603907304,
  "obj_recalls": {"1": 0.03633916554508748, "2": 0.19954648526077098, "3": 0.1328125, "4": 0.09932659932659933, "5": 0.4421052631578947, "6": 0.29591836734693877, "7": 0.188, "8": 0.32666666666666666, "9": 0.491869918699187, "10": 0.16783216783216784, "11": 0.017142857142857144, "12": 0.14388489208633093, "13": 0.03571428571428571, "14": 0.2671232876712329, "15": 0.03424657534246575, "16": 0.5372340425531915, "17": 0.5753424657534246, "18": 0.1095890410958904, "19": 0.031413612565445025, "20": 0.0, "21": 0.02857142857142857, "22": 0.03723404255319149, "23": 0.09274193548387097, "24": 0.052083333333333336, "25": 0.06315789473684211, "26": 0.1111111111111111, "27": 0.0, "28": 0.020833333333333332, "29": 0.08163265306122448, "30": 0.006944444444444444},
  "recall": 0.1452592246613732,
  "scene_recalls": {"1": 0.04060913705583756, "2": 0.3129251700680272, "3": 0.2183406113537118, "4": 0.18974358974358974, "5": 0.13114754098360656, "6": 0.09401709401709402, "7": 0.2036082474226804, "8": 0.030612244897959183, "9": 0.10401459854014598, "10": 0.0763888888888889, "11": 0.5025380710659898, "12": 0.2542955326460481, "13": 0.013850415512465374, "14": 0.04477611940298507, "15": 0.05190311418685121, "16": 0.2454780361757106, "17": 0.1687116564417178, "18": 0.09342560553633218, "19": 0.2023529411764706, "20": 0.13175230566534915},
  "targets_count": 6423,
  "tp_count": 933
}