{
  "gt_count": 6900,
  "mean_obj_recall": 0.28501340545345655,
  "mean_scene_recall": 0.2925172336952064,
  "obj_recalls": {"1": 0.1278600269179004, "2": 0.3242630385487528, "3": 0.2864583333333333, "4": 0.2255892255892256, "5": 0.5421052631578948, "6": 0.46938775510204084, "7": 0.468, "8": 0.6333333333333333, "9": 0.6829268292682927, "10": 0.5244755244755245, "11": 0.1657142857142857, "12": 0.39568345323741005, "13": 0.12857142857142856, "14": 0.3767123287671233, "15": 0.08904109589041095, "16": 0.6063829787234043, "17": 0.678082191780822, "18": 0.2945205479452055, "19": 0.11518324607329843, "20": 0.041666666666666664, "21": 0.11428571428571428, "22": 0.12234042553191489, "23": 0.25, "24": 0.18229166666666666, "25": 0.16842105263157894, "26": 0.25252525252525254, "27": 0.03125, "28": 0.052083333333333336, "29": 0.17346938775510204, "30": 0.027777777777777776},
  "recall": 0.2738595671804453,
  "scene_recalls": {"1": 0.1319796954314721, "2": 0.5374149659863946, "3": 0.4497816593886463, "4": 0.37435897435897436, "5": 0.29508196721311475, "6": 0.2692307692307692, "7": 0.30927835051546393, "8": 0.11904761904761904, "9": 0.22627737226277372, "10": 0.20833333333333334, "11": 0.6751269035532995, "12": 0.41924398625429554, "13": 0.07479224376731301, "14": 0.13432835820895522, "15": 0.12802768166089964, "16": 0.39018087855297157, "17": 0.35276073619631904, "18": 0.2179930795847751, "19": 0.28941176470588237, "20": 0.24769433465085638},
  "targets_count": 6423,
  "tp_count": 1759
}