{
  "gt_count": 6900,
  "mean_obj_recall": 0.29953713697505596,
  "mean_scene_recall": 0.30796291750109406,
  "obj_recalls": {"1": 0.13593539703903096, "2": 0.32653061224489793, "3": 0.296875, "4": 0.24074074074074073, "5": 0.5526315789473685, "6": 0.5, "7": 0.496, "8": 0.66, "9": 0.6991869918699187, "10": 0.5314685314685315, "11": 0.19428571428571428, "12": 0.4172661870503597, "13": 0.1357142857142857, "14": 0.3904109589041096, "15": 0.08904109589041095, "16": 0.6117021276595744, "17": 0.6986301369863014, "18": 0.2945205479452055, "19": 0.1256544502617801, "20": 0.058333333333333334, "21": 0.13714285714285715, "22": 0.14361702127659576, "23": 0.2903225806451613, "24": 0.19791666666666666, "25": 0.17894736842105263, "26": 0.26262626262626265, "27": 0.041666666666666664, "28": 0.057291666666666664, "29": 0.19387755102040816, "30": 0.027777777777777776},
  "recall": 0.2877160205511443,
  "scene_recalls": {"1": 0.13705583756345177, "2": 0.564625850340136, "3": 0.47161572052401746, "4": 0.4, "5": 0.319672131147541, "6": 0.2905982905982906, "7": 0.3118556701030928, "8": 0.14625850340136054, "9": 0.2354014598540146, "10": 0.2222222222222222, "11": 0.6802030456852792, "12": 0.4329896907216495, "13": 0.08587257617728532, "14": 0.16417910447761194, "15": 0.1384083044982699, "16": 0.4005167958656331, "17": 0.37423312883435583, "18": 0.22837370242214533, "19": 0.3035294117647059, "20": 0.2516469038208169},
  "targets_count": 6423,
  "tp_count": 1848
}