{
  "gt_count": 6900,
  "mean_obj_recall": 0.246943444007402,
  "mean_scene_recall": 0.24964057341090024,
  "obj_recalls": {"1": 0.08344549125168237, "2": 0.2789115646258503, "3": 0.23697916666666666, "4": 0.1835016835016835, "5": 0.531578947368421, "6": 0.4489795918367347, "7": 0.376, "8": 0.52, "9": 0.6341463414634146, "10": 0.43356643356643354, "11": 0.11428571428571428, "12": 0.33093525179856115, "13": 0.10714285714285714, "14": 0.3767123287671233, "15": 0.0547945205479452, "16": 0.5904255319148937, "17": 0.6712328767123288, "18": 0.2534246575342466, "19": 0.07853403141361257, "20": 0.020833333333333332, "21": 0.07428571428571429, "22": 0.10638297872340426, "23": 0.17338709677419356, "24": 0.16145833333333334, "25": 0.12631578947368421, "26": 0.2222222222222222, "27": 0.010416666666666666, "28": 0.03125, "29": 0.16326530612244897, "30": 0.013888888888888888},
  "recall": 0.23291296901759304,
  "scene_recalls": {"1": 0.08629441624365482, "2": 0.4897959183673469, "3": 0.3930131004366812, "4": 0.3128205128205128, "5": 0.23770491803278687, "6": 0.2264957264957265, "7": 0.28350515463917525, "8": 0.08163265306122448, "9": 0.177007299270073, "10": 0.18055555555555555, "11": 0.6395939086294417, "12": 0.35738831615120276, "13": 0.05263157894736842, "14": 0.08358208955223881, "15": 0.10380622837370242, "16": 0.36175710594315247, "17": 0.27607361963190186, "18": 0.1695501730103806, "19": 0.2635294117647059, "20": 0.2160737812911726},
  "targets_count": 6423,
  "tp_count": 1496
}