{
  "gt_count": 6900,
  "mean_obj_recall": 0.08110397314933714,
  "mean_scene_recall": 0.08056914459276175,
  "obj_recalls": {"1": 0.018842530282637954, "2": 0.09750566893424037, "3": 0.0546875, "4": 0.05218855218855219, "5": 0.24736842105263157, "6": 0.11224489795918367, "7": 0.08, "8": 0.13333333333333333, "9": 0.32113821138211385, "10": 0.013986013986013986, "11": 0.005714285714285714, "12": 0.05755395683453238, "13": 0.014285714285714285, "14": 0.136986301369863, "15": 0.0136986301369863, "16": 0.4521276595744681, "17": 0.3561643835616438, "18": 0.02054794520547945, "19": 0.005235602094240838, "20": 0.0, "21": 0.005714285714285714, "22": 0.005319148936170213, "23": 0.04838709677419355, "24": 0.026041666666666668, "25": 0.042105263157894736, "26": 0.050505050505050504, "27": 0.0, "28": 0.010416666666666666, "29": 0.05102040816326531, "30": 0.0},
  "recall": 0.07737817219367897,
  "scene_recalls": {"1": 0.01015228426395939, "2": 0.14965986394557823, "3": 0.10043668122270742, "4": 0.08205128205128205, "5": 0.045081967213114756, "6": 0.03418803418803419, "7": 0.1134020618556701, "8": 0.006802721088435374, "9": 0.05474452554744526, "10": 0.03125, "11": 0.27918781725888325, "12": 0.13745704467353953, "13": 0.002770083102493075, "14": 0.023880597014925373, "15": 0.02768166089965398, "16": 0.1421188630490956, "17": 0.08588957055214724, "18": 0.05536332179930796, "19": 0.16470588235294117, "20": 0.06455862977602109},
  "targets_count": 6423,
  "tp_count": 497
}