{
  "gt_count": 6900,
  "mean_obj_recall": 0.32213657956677977,
  "mean_scene_recall": 0.3322044191853303,
  "obj_recalls": {"1": 0.15074024226110364, "2": 0.3492063492063492, "3": 0.3229166666666667, "4": 0.265993265993266, "5": 0.5789473684210527, "6": 0.5612244897959183, "7": 0.528, "8": 0.7333333333333333, "9": 0.7154471544715447, "10": 0.5664335664335665, "11": 0.21142857142857144, "12": 0.4460431654676259, "13": 0.15714285714285714, "14": 0.3972602739726027, "15": 0.0958904109589041, "16": 0.6170212765957447, "17": 0.7054794520547946, "18": 0.3219178082191781, "19": 0.14659685863874344, "20": 0.08333333333333333, "21": 0.1657142857142857, "22": 0.1595744680851064, "23": 0.3185483870967742, "24": 0.21354166666666666, "25": 0.18947368421052632, "26": 0.26262626262626265, "27": 0.07291666666666667, "28": 0.08854166666666667, "29": 0.20408163265306123, "30": 0.034722222222222224},
  "recall": 0.3099797602366495,
  "scene_recalls": {"1": 0.15228426395939088, "2": 0.5918367346938775, "3": 0.5327510917030568, "4": 0.4358974358974359, "5": 0.3483606557377049, "6": 0.33760683760683763, "7": 0.32989690721649484, "8": 0.17687074829931973, "9": 0.2518248175182482, "10": 0.24305555555555555, "11": 0.7055837563451777, "12": 0.4536082474226804, "13": 0.10526315789473684, "14": 0.1880597014925373, "15": 0.1522491349480969, "16": 0.40568475452196384, "17": 0.39263803680981596, "18": 0.25259515570934254, "19": 0.31529411764705884, "20": 0.2727272727272727},
  "targets_count": 6423,
  "tp_count": 1991
}