{
  "gt_count": 6900,
  "mean_obj_recall": 0.26972071666707653,
  "mean_scene_recall": 0.2754342364103754,
  "obj_recalls": {"1": 0.10767160161507403, "2": 0.30839002267573695, "3": 0.2734375, "4": 0.21212121212121213, "5": 0.5421052631578948, "6": 0.46938775510204084, "7": 0.44, "8": 0.56, "9": 0.6626016260162602, "10": 0.5034965034965035, "11": 0.15428571428571428, "12": 0.381294964028777, "13": 0.12857142857142856, "14": 0.3767123287671233, "15": 0.0684931506849315, "16": 0.5957446808510638, "17": 0.678082191780822, "18": 0.2808219178082192, "19": 0.11518324607329843, "20": 0.03333333333333333, "21": 0.09142857142857143, "22": 0.11170212765957446, "23": 0.2056451612903226, "24": 0.17708333333333334, "25": 0.1368421052631579, "26": 0.23232323232323232, "27": 0.03125, "28": 0.036458333333333336, "29": 0.16326530612244897, "30": 0.013888888888888888},
  "recall": 0.25782344698738907,
  "scene_recalls": {"1": 0.1065989847715736, "2": 0.5306122448979592, "3": 0.4279475982532751, "4": 0.3282051282051282, "5": 0.27049180327868855, "6": 0.2692307692307692, "7": 0.29896907216494845, "8": 0.10204081632653061, "9": 0.2116788321167883, "10": 0.2013888888888889, "11": 0.6649746192893401, "12": 0.4054982817869416, "13": 0.06371191135734072, "14": 0.10746268656716418, "15": 0.11072664359861592, "16": 0.3798449612403101, "17": 0.3159509202453988, "18": 0.1972318339100346, "19": 0.2776470588235294, "20": 0.23847167325428195},
  "targets_count": 6423,
  "tp_count": 1656
}