{
  "gt_count": 6900,
  "mean_obj_recall": 0.01018593063535291,
  "mean_scene_recall": 0.009696893125290248,
  "obj_recalls": {"1": 0.0, "2": 0.013605442176870748, "3": 0.0026041666666666665, "4": 0.006734006734006734, "5": 0.031578947368421054, "6": 0.0, "7": 0.008, "8": 0.04, "9": 0.024390243902439025, "10": 0.0, "11": 0.0, "12": 0.0, "13": 0.0, "14": 0.0136986301369863, "15": 0.0, "16": 0.11702127659574468, "17": 0.04794520547945205, "18": 0.0, "19": 0.0, "20": 0.0, "21": 0.0, "22": 0.0, "23": 0.0, "24": 0.0, "25": 0.0, "26": 0.0, "27": 0.0, "28": 0.0, "29": 0.0, "30": 0.0},
  "recall": 0.009652810213295967,
  "scene_recalls": {"1": 0.0, "2": 0.027210884353741496, "3": 0.008733624454148471, "4": 0.010256410256410256, "5": 0.004098360655737705, "6": 0.0, "7": 0.015463917525773196, "8": 0.0, "9": 0.005474452554744526, "10": 0.0, "11": 0.025380710659898477, "12": 0.010309278350515464, "13": 0.0, "14": 0.0, "15": 0.0, "16": 0.046511627906976744, "17": 0.009202453987730062, "18": 0.006920415224913495, "19": 0.01647058823529412, "20": 0.007905138339920948},
  "targets_count": 6423,
  "tp_count": 62
}