{
  "gt_count": 6900,
  "mean_obj_recall": 0.047372229457231525,
  "mean_scene_recall": 0.04904599664909285,
  "obj_recalls": {"1": 0.013458950201884253, "2": 0.07029478458049887, "3": 0.026041666666666668, "4": 0.030303030303030304, "5": 0.13157894736842105, "6": 0.09183673469387756, "7": 0.044, "8": 0.12666666666666668, "9": 0.18292682926829268, "10": 0.04895104895104895, "11": 0.005714285714285714, "12": 0.04316546762589928, "13": 0.02142857142857143, "14": 0.03424657534246575, "15": 0.0273972602739726, "16": 0.2127659574468085, "17": 0.13013698630136986, "18": 0.0410958904109589, "19": 0.0, "20": 0.0, "21": 0.005714285714285714, "22": 0.005319148936170213, "23": 0.008064516129032258, "24": 0.020833333333333332, "25": 0.021052631578947368, "26": 0.04040404040404041, "27": 0.0, "28": 0.010416666666666666, "29": 0.02040816326530612, "30": 0.006944444444444444},
  "recall": 0.044838860345632885,
  "scene_recalls": {"1": 0.01015228426395939, "2": 0.10204081632653061, "3": 0.056768558951965066, "4": 0.06666666666666667, "5": 0.040983606557377046, "6": 0.02564102564102564, "7": 0.059278350515463915, "8": 0.003401360544217687, "9": 0.032846715328467155, "10": 0.017361111111111112, "11": 0.19289340101522842, "12": 0.07560137457044673, "13": 0.0, "14": 0.005970149253731343, "15": 0.020761245674740483, "16": 0.08527131782945736, "17": 0.05828220858895705, "18": 0.03806228373702422, "19": 0.04941176470588235, "20": 0.039525691699604744},
  "targets_count": 6423,
  "tp_count": 288
}