{
  "gt_count": 6900,
  "mean_obj_recall": 0.09257925320072724,
  "mean_scene_recall": 0.09750136709300138,
  "obj_recalls": {"1": 0.03230148048452221, "2": 0.11791383219954649, "3": 0.057291666666666664, "4": 0.0707070707070707, "5": 0.24210526315789474, "6": 0.15306122448979592, "7": 0.124, "8": 0.2866666666666667, "9": 0.2926829268292683, "10": 0.15384615384615385, "11": 0.05142857142857143, "12": 0.1223021582733813, "13": 0.03571428571428571, "14": 0.0684931506849315, "15": 0.0273972602739726, "16": 0.26063829787234044, "17": 0.2054794520547945, "18": 0.10273972602739725, "19": 0.010471204188481676, "20": 0.004166666666666667, "21": 0.017142857142857144, "22": 0.0425531914893617, "23": 0.05241935483870968, "24": 0.06770833333333333, "25": 0.042105263157894736, "26": 0.0707070707070707, "27": 0.010416666666666666, "28": 0.010416666666666666, "29": 0.030612244897959183, "30": 0.013888888888888888},
  "recall": 0.08827650630546474,
  "scene_recalls": {"1": 0.030456852791878174, "2": 0.17687074829931973, "3": 0.16593886462882096, "4": 0.13333333333333333, "5": 0.0778688524590164, "6": 0.0811965811965812, "7": 0.08505154639175258, "8": 0.023809523809523808, "9": 0.06569343065693431, "10": 0.06597222222222222, "11": 0.3299492385786802, "12": 0.15120274914089346, "13": 0.013850415512465374, "14": 0.020895522388059702, "15": 0.03460207612456748, "16": 0.13178294573643412, "17": 0.12576687116564417, "18": 0.06920415224913495, "19": 0.09411764705882353, "20": 0.07246376811594203},
  "targets_count": 6423,
  "tp_count": 567
}