{
  "gt_count": 6900,
  "mean_obj_recall": 0.0765190995080473,
  "mean_scene_recall": 0.07899837432137954,
  "obj_recalls": {"1": 0.02288021534320323, "2": 0.09523809523809523, "3": 0.052083333333333336, "4": 0.05218855218855219, "5": 0.19473684210526315, "6": 0.14285714285714285, "7": 0.084, "8": 0.23333333333333334, "9": 0.26422764227642276, "10": 0.11188811188811189, "11": 0.03428571428571429, "12": 0.1223021582733813, "13": 0.02857142857142857, "14": 0.0547945205479452, "15": 0.0273972602739726, "16": 0.25, "17": 0.18493150684931506, "18": 0.10273972602739725, "19": 0.005235602094240838, "20": 0.0, "21": 0.017142857142857144, "22": 0.02127659574468085, "23": 0.03225806451612903, "24": 0.03125, "25": 0.031578947368421054, "26": 0.06060606060606061, "27": 0.0, "28": 0.010416666666666666, "29": 0.02040816326530612, "30": 0.006944444444444444},
  "recall": 0.07192900513778608,
  "scene_recalls": {"1": 0.015228426395939087, "2": 0.14285714285714285, "3": 0.14410480349344978, "4": 0.10256410256410256, "5": 0.06557377049180328, "6": 0.05982905982905983, "7": 0.07989690721649484, "8": 0.013605442176870748, "9": 0.05291970802919708, "10": 0.034722222222222224, "11": 0.29441624365482233, "12": 0.11683848797250859, "13": 0.008310249307479225, "14": 0.014925373134328358, "15": 0.02768166089965398, "16": 0.12403100775193798, "17": 0.09202453987730061, "18": 0.05190311418685121, "19": 0.07529411764705882, "20": 0.06324110671936758},
  "targets_count": 6423,
  "tp_count": 462
}