{
  "gt_count": 6900,
  "mean_obj_recall": 0.06710125910866371,
  "mean_scene_recall": 0.06938572127652036,
  "obj_recalls": {"1": 0.020188425302826378, "2": 0.08616780045351474, "3": 0.046875, "4": 0.04713804713804714, "5": 0.1736842105263158, "6": 0.1326530612244898, "7": 0.068, "8": 0.20666666666666667, "9": 0.23577235772357724, "10": 0.0979020979020979, "11": 0.017142857142857144, "12": 0.09352517985611511, "13": 0.02857142857142857, "14": 0.04794520547945205, "15": 0.0273972602739726, "16": 0.23404255319148937, "17": 0.17123287671232876, "18": 0.06164383561643835, "19": 0.005235602094240838, "20": 0.0, "21": 0.017142857142857144, "22": 0.015957446808510637, "23": 0.03225806451612903, "24": 0.026041666666666668, "25": 0.031578947368421054, "26": 0.050505050505050504, "27": 0.0, "28": 0.010416666666666666, "29": 0.02040816326530612, "30": 0.006944444444444444},
  "recall": 0.06336602833566869,
  "scene_recalls": {"1": 0.015228426395939087, "2": 0.1292517006802721, "3": 0.11353711790393013, "4": 0.09230769230769231, "5": 0.06147540983606557, "6": 0.038461538461538464, "7": 0.06958762886597938, "8": 0.013605442176870748, "9": 0.04744525547445255, "10": 0.03125, "11": 0.26903553299492383, "12": 0.09621993127147767, "13": 0.008310249307479225, "14": 0.011940298507462687, "15": 0.02422145328719723, "16": 0.1111111111111111, "17": 0.08588957055214724, "18": 0.04498269896193772, "19": 0.06588235294117648, "20": 0.057971014492753624},
  "targets_count": 6423,
  "tp_count": 407
}