{
  "gt_count": 6900,
  "mean_obj_recall": 0.02253846311166669,
  "mean_scene_recall": 0.0222734448929229,
  "obj_recalls": {"1": 0.0026917900403768506, "2": 0.024943310657596373, "3": 0.013020833333333334, "4": 0.015151515151515152, "5": 0.04736842105263158, "6": 0.030612244897959183, "7": 0.024, "8": 0.06, "9": 0.09349593495934959, "10": 0.0, "11": 0.005714285714285714, "12": 0.007194244604316547, "13": 0.007142857142857143, "14": 0.02054794520547945, "15": 0.0136986301369863, "16": 0.17553191489361702, "17": 0.08904109589041095, "18": 0.0, "19": 0.0, "20": 0.0, "21": 0.005714285714285714, "22": 0.0, "23": 0.004032258064516129, "24": 0.005208333333333333, "25": 0.010526315789473684, "26": 0.010101010101010102, "27": 0.0, "28": 0.010416666666666666, "29": 0.0, "30": 0.0},
  "recall": 0.02148528724894909,
  "scene_recalls": {"1": 0.0, "2": 0.04081632653061224, "3": 0.017467248908296942, "4": 0.02564102564102564, "5": 0.00819672131147541, "6": 0.008547008547008548, "7": 0.03865979381443299, "8": 0.003401360544217687, "9": 0.012773722627737226, "10": 0.003472222222222222, "11": 0.08121827411167512, "12": 0.024054982817869417, "13": 0.0, "14": 0.0029850746268656717, "15": 0.006920415224913495, "16": 0.06459948320413436, "17": 0.03374233128834356, "18": 0.02422145328719723, "19": 0.03294117647058824, "20": 0.015810276679841896},
  "targets_count": 6423,
  "tp_count": 138
}