{
  "gt_count": 6900,
  "mean_obj_recall": 0.0840300316681361,
  "mean_scene_recall": 0.08791648741005291,
  "obj_recalls": {"1": 0.03230148048452221, "2": 0.10204081632653061, "3": 0.057291666666666664, "4": 0.06397306397306397, "5": 0.21578947368421053, "6": 0.14285714285714285, "7": 0.096, "8": 0.25333333333333335, "9": 0.2682926829268293, "10": 0.13986013986013987, "11": 0.045714285714285714, "12": 0.1223021582733813, "13": 0.02857142857142857, "14": 0.0547945205479452, "15": 0.0273972602739726, "16": 0.2553191489361702, "17": 0.18493150684931506, "18": 0.10273972602739725, "19": 0.010471204188481676, "20": 0.0, "21": 0.017142857142857144, "22": 0.0425531914893617, "23": 0.04435483870967742, "24": 0.052083333333333336, "25": 0.042105263157894736, "26": 0.0707070707070707, "27": 0.0, "28": 0.010416666666666666, "29": 0.030612244897959183, "30": 0.006944444444444444},
  "recall": 0.0800249104779698,
  "scene_recalls": {"1": 0.025380710659898477, "2": 0.1564625850340136, "3": 0.1572052401746725, "4": 0.11282051282051282, "5": 0.07377049180327869, "6": 0.06837606837606838, "7": 0.07989690721649484, "8": 0.023809523809523808, "9": 0.06204379562043796, "10": 0.052083333333333336, "11": 0.3096446700507614, "12": 0.12714776632302405, "13": 0.0110803324099723, "14": 0.020895522388059702, "15": 0.031141868512110725, "16": 0.12919896640826872, "17": 0.11349693251533742, "18": 0.05536332179930796, "19": 0.08, "20": 0.06851119894598155},
  "targets_count": 6423,
  "tp_count": 514
}