{
  "gt_count": 6900,
  "mean_obj_recall": 0.0369891957248268,
  "mean_scene_recall": 0.037240332649659,
  "obj_recalls": {"1": 0.005383580080753701, "2": 0.045351473922902494, "3": 0.0234375, "4": 0.020202020202020204, "5": 0.10526315789473684, "6": 0.08163265306122448, "7": 0.024, "8": 0.10666666666666667, "9": 0.15040650406504066, "10": 0.013986013986013986, "11": 0.005714285714285714, "12": 0.03597122302158273, "13": 0.007142857142857143, "14": 0.03424657534246575, "15": 0.02054794520547945, "16": 0.2074468085106383, "17": 0.11643835616438356, "18": 0.0136986301369863, "19": 0.0, "20": 0.0, "21": 0.005714285714285714, "22": 0.0, "23": 0.004032258064516129, "24": 0.010416666666666666, "25": 0.021052631578947368, "26": 0.030303030303030304, "27": 0.0, "28": 0.010416666666666666, "29": 0.01020408163265306, "30": 0.0},
  "recall": 0.03409621672115834,
  "scene_recalls": {"1": 0.005076142131979695, "2": 0.08843537414965986, "3": 0.039301310043668124, "4": 0.05128205128205128, "5": 0.020491803278688523, "6": 0.017094017094017096, "7": 0.04896907216494845, "8": 0.003401360544217687, "9": 0.023722627737226276, "10": 0.006944444444444444, "11": 0.14720812182741116, "12": 0.054982817869415807, "13": 0.0, "14": 0.0029850746268656717, "15": 0.01384083044982699, "16": 0.08010335917312661, "17": 0.03987730061349693, "18": 0.02768166089965398, "19": 0.047058823529411764, "20": 0.026350461133069828},
  "targets_count": 6423,
  "tp_count": 219
}