{
  "gt_count": 6900,
  "mean_obj_recall": 0.058456040614052365,
  "mean_scene_recall": 0.06089579223800358,
  "obj_recalls": {"1": 0.018842530282637954, "2": 0.07936507936507936, "3": 0.028645833333333332, "4": 0.04040404040404041, "5": 0.1631578947368421, "6": 0.11224489795918367, "7": 0.064, "8": 0.17333333333333334, "9": 0.2073170731707317, "10": 0.08391608391608392, "11": 0.011428571428571429, "12": 0.07194244604316546, "13": 0.02142857142857143, "14": 0.04794520547945205, "15": 0.0273972602739726, "16": 0.23404255319148937, "17": 0.14383561643835616, "18": 0.0410958904109589, "19": 0.005235602094240838, "20": 0.0, "21": 0.017142857142857144, "22": 0.010638297872340425, "23": 0.020161290322580645, "24": 0.020833333333333332, "25": 0.021052631578947368, "26": 0.050505050505050504, "27": 0.0, "28": 0.010416666666666666, "29": 0.02040816326530612, "30": 0.006944444444444444},
  "recall": 0.05527012299548498,
  "scene_recalls": {"1": 0.01015228426395939, "2": 0.12244897959183673, "3": 0.08296943231441048, "4": 0.08205128205128205, "5": 0.05737704918032787, "6": 0.03418803418803419, "7": 0.06443298969072164, "8": 0.013605442176870748, "9": 0.041970802919708027, "10": 0.024305555555555556, "11": 0.24873096446700507, "12": 0.0859106529209622, "13": 0.002770083102493075, "14": 0.008955223880597015, "15": 0.020761245674740483, "16": 0.09560723514211886, "17": 0.0736196319018405, "18": 0.04152249134948097, "19": 0.05647058823529412, "20": 0.05006587615283267},
  "targets_count": 6423,
  "tp_count": 355
}