{
  "gt_count": 6900,
  "mean_obj_recall": 0.4474425744070638,
  "mean_scene_recall": 0.43883399148308977,
  "obj_recalls": {"1": 0.3041722745625841, "2": 0.47619047619047616, "3": 0.5364583333333334, "4": 0.43602693602693604, "5": 0.3736842105263158, "6": 0.3877551020408163, "7": 0.512, "8": 0.56, "9": 0.7560975609756098, "10": 0.2867132867132867, "11": 0.2914285714285714, "12": 0.4316546762589928, "13": 0.5928571428571429, "14": 0.5958904109589042, "15": 0.684931506849315, "16": 0.7446808510638298, "17": 0.8424657534246576, "18": 0.19863013698630136, "19": 0.28272251308900526, "20": 0.4375, "21": 0.2057142857142857, "22": 0.18085106382978725, "23": 0.4314516129032258, "24": 0.46875, "25": 0.10526315789473684, "26": 0.21212121212121213, "27": 0.65625, "28": 0.16145833333333334, "29": 0.5612244897959183, "30": 0.7083333333333334},
  "recall": 0.44060407909076754,
  "scene_recalls": {"1": 0.45685279187817257, "2": 0.42857142857142855, "3": 0.5545851528384279, "4": 0.2564102564102564, "5": 0.5327868852459017, "6": 0.32051282051282054, "7": 0.49226804123711343, "8": 0.30612244897959184, "9": 0.42883211678832117, "10": 0.4652777777777778, "11": 0.5532994923857868, "12": 0.6254295532646048, "13": 0.23822714681440443, "14": 0.3283582089552239, "15": 0.39792387543252594, "16": 0.5219638242894057, "17": 0.4754601226993865, "18": 0.35986159169550175, "19": 0.6070588235294118, "20": 0.4268774703557312},
  "targets_count": 6423,
  "tp_count": 2830
}