{
  "gt_count": 6900,
  "mean_obj_recall": 0.11355720814398039,
  "mean_scene_recall": 0.10253330079709906,
  "obj_recalls": {"1": 0.06729475100942127, "2": 0.08616780045351474, "3": 0.14322916666666666, "4": 0.08585858585858586, "5": 0.08947368421052632, "6": 0.04081632653061224, "7": 0.072, "8": 0.12666666666666668, "9": 0.1991869918699187, "10": 0.04895104895104895, "11": 0.06857142857142857, "12": 0.08633093525179857, "13": 0.19285714285714287, "14": 0.2054794520547945, "15": 0.1780821917808219, "16": 0.30319148936170215, "17": 0.4589041095890411, "18": 0.02054794520547945, "19": 0.04712041884816754, "20": 0.07916666666666666, "21": 0.0, "22": 0.02127659574468085, "23": 0.10080645161290322, "24": 0.08854166666666667, "25": 0.0, "26": 0.0, "27": 0.22916666666666666, "28": 0.005208333333333333, "29": 0.1326530612244898, "30": 0.22916666666666666},
  "recall": 0.10664798380818932,
  "scene_recalls": {"1": 0.08121827411167512, "2": 0.08163265306122448, "3": 0.13973799126637554, "4": 0.020512820512820513, "5": 0.10245901639344263, "6": 0.05555555555555555, "7": 0.18556701030927836, "8": 0.05442176870748299, "9": 0.10766423357664233, "10": 0.09722222222222222, "11": 0.09137055837563451, "12": 0.15120274914089346, "13": 0.030470914127423823, "14": 0.050746268656716415, "15": 0.1314878892733564, "16": 0.1937984496124031, "17": 0.10429447852760736, "18": 0.10034602076124567, "19": 0.19058823529411764, "20": 0.08036890645586298},
  "targets_count": 6423,
  "tp_count": 685
}