{
  "gt_count": 6900,
  "mean_obj_recall": 0.288310651235737,
  "mean_scene_recall": 0.27398886855795096,
  "obj_recalls": {"1": 0.18977119784656796, "2": 0.2766439909297052, "3": 0.3567708333333333, "4": 0.24242424242424243, "5": 0.21052631578947367, "6": 0.20408163265306123, "7": 0.276, "8": 0.42, "9": 0.516260162601626, "10": 0.16783216783216784, "11": 0.17142857142857143, "12": 0.22302158273381295, "13": 0.42142857142857143, "14": 0.4657534246575342, "15": 0.4041095890410959, "16": 0.5691489361702128, "17": 0.7465753424657534, "18": 0.0821917808219178, "19": 0.1256544502617801, "20": 0.2625, "21": 0.08, "22": 0.10638297872340426, "23": 0.2862903225806452, "24": 0.296875, "25": 0.031578947368421054, "26": 0.06060606060606061, "27": 0.4791666666666667, "28": 0.06770833333333333, "29": 0.3877551020408163, "30": 0.5208333333333334},
  "recall": 0.2789973532617157,
  "scene_recalls": {"1": 0.27411167512690354, "2": 0.23809523809523808, "3": 0.34934497816593885, "4": 0.11794871794871795, "5": 0.319672131147541, "6": 0.16666666666666666, "7": 0.33762886597938147, "8": 0.1598639455782313, "9": 0.2518248175182482, "10": 0.2604166666666667, "11": 0.3553299492385787, "12": 0.37800687285223367, "13": 0.11911357340720222, "14": 0.22388059701492538, "15": 0.2837370242214533, "16": 0.3850129198966408, "17": 0.3159509202453988, "18": 0.22837370242214533, "19": 0.4447058823529412, "20": 0.27009222661396576},
  "targets_count": 6423,
  "tp_count": 1792
}