{
  "gt_count": 6900,
  "mean_obj_recall": 0.33243806670919956,
  "mean_scene_recall": 0.32104697720179,
  "obj_recalls": {"1": 0.23149394347240915, "2": 0.3356009070294785, "3": 0.40625, "4": 0.30303030303030304, "5": 0.24736842105263157, "6": 0.25510204081632654, "7": 0.344, "8": 0.44666666666666666, "9": 0.573170731707317, "10": 0.20279720279720279, "11": 0.21714285714285714, "12": 0.2949640287769784, "13": 0.4785714285714286, "14": 0.5, "15": 0.5342465753424658, "16": 0.6276595744680851, "17": 0.7945205479452054, "18": 0.1095890410958904, "19": 0.14659685863874344, "20": 0.30833333333333335, "21": 0.12571428571428572, "22": 0.14361702127659576, "23": 0.3225806451612903, "24": 0.34375, "25": 0.031578947368421054, "26": 0.0707070707070707, "27": 0.5, "28": 0.08333333333333333, "29": 0.41836734693877553, "30": 0.5763888888888888},
  "recall": 0.3258601899423945,
  "scene_recalls": {"1": 0.3197969543147208, "2": 0.272108843537415, "3": 0.40611353711790393, "4": 0.15384615384615385, "5": 0.39344262295081966, "6": 0.2094017094017094, "7": 0.38144329896907214, "8": 0.19727891156462585, "9": 0.3029197080291971, "10": 0.3194444444444444, "11": 0.41116751269035534, "12": 0.47079037800687284, "13": 0.14681440443213298, "14": 0.2507462686567164, "15": 0.3044982698961938, "16": 0.4315245478036176, "17": 0.36503067484662577, "18": 0.2664359861591695, "19": 0.5058823529411764, "20": 0.31225296442687744},
  "targets_count": 6423,
  "tp_count": 2093
}