{
  "gt_count": 6900,
  "mean_obj_recall": 0.17579734099389274,
  "mean_scene_recall": 0.16453130216945108,
  "obj_recalls": {"1": 0.09959623149394348, "2": 0.14965986394557823, "3": 0.234375, "4": 0.1531986531986532, "5": 0.1368421052631579, "6": 0.10204081632653061, "7": 0.14, "8": 0.22666666666666666, "9": 0.3252032520325203, "10": 0.1048951048951049, "11": 0.12, "12": 0.12949640287769784, "13": 0.2714285714285714, "14": 0.3219178082191781, "15": 0.2602739726027397, "16": 0.425531914893617, "17": 0.589041095890411, "18": 0.03424657534246575, "19": 0.06282722513089005, "20": 0.15416666666666667, "21": 0.0, "22": 0.06382978723404255, "23": 0.1935483870967742, "24": 0.14583333333333334, "25": 0.010526315789473684, "26": 0.010101010101010102, "27": 0.2604166666666667, "28": 0.03125, "29": 0.1836734693877551, "30": 0.3333333333333333},
  "recall": 0.16970263116923556,
  "scene_recalls": {"1": 0.12690355329949238, "2": 0.1292517006802721, "3": 0.2052401746724891, "4": 0.046153846153846156, "5": 0.19262295081967212, "6": 0.1111111111111111, "7": 0.25773195876288657, "8": 0.08843537414965986, "9": 0.1624087591240876, "10": 0.18055555555555555, "11": 0.18781725888324874, "12": 0.23024054982817868, "13": 0.05817174515235457, "14": 0.10149253731343283, "15": 0.1695501730103806, "16": 0.268733850129199, "17": 0.19938650306748465, "18": 0.1384083044982699, "19": 0.29411764705882354, "20": 0.1422924901185771},
  "targets_count": 6423,
  "tp_count": 1090
}