{
  "gt_count": 6900,
  "mean_obj_recall": 0.2334480266351323,
  "mean_scene_recall": 0.21919380857224685,
  "obj_recalls": {"1": 0.1440107671601615, "2": 0.2199546485260771, "3": 0.296875, "4": 0.1936026936026936, "5": 0.18947368421052632, "6": 0.1326530612244898, "7": 0.208, "8": 0.32, "9": 0.4146341463414634, "10": 0.13286713286713286, "11": 0.14285714285714285, "12": 0.17985611510791366, "13": 0.36428571428571427, "14": 0.3904109589041096, "15": 0.3424657534246575, "16": 0.4946808510638298, "17": 0.684931506849315, "18": 0.0547945205479452, "19": 0.08900523560209424, "20": 0.19583333333333333, "21": 0.04, "22": 0.0851063829787234, "23": 0.22580645161290322, "24": 0.21875, "25": 0.031578947368421054, "26": 0.050505050505050504, "27": 0.375, "28": 0.052083333333333336, "29": 0.29591836734693877, "30": 0.4375},
  "recall": 0.22466137319009807,
  "scene_recalls": {"1": 0.2131979695431472, "2": 0.17006802721088435, "3": 0.28820960698689957, "4": 0.09230769230769231, "5": 0.24180327868852458, "6": 0.1282051282051282, "7": 0.3118556701030928, "8": 0.12244897959183673, "9": 0.20802919708029197, "10": 0.20833333333333334, "11": 0.27918781725888325, "12": 0.29896907216494845, "13": 0.08033240997229917, "14": 0.1582089552238806, "15": 0.23529411764705882, "16": 0.330749354005168, "17": 0.26380368098159507, "18": 0.1695501730103806, "19": 0.3764705882352941, "20": 0.20685111989459815},
  "targets_count": 6423,
  "tp_count": 1443
}