{
  "gt_count": 6900,
  "mean_obj_recall": 0.4128219037329911,
  "mean_scene_recall": 0.4036095595596514,
  "obj_recalls": {"1": 0.2853297442799462, "2": 0.4308390022675737, "3": 0.5078125, "4": 0.3956228956228956, "5": 0.3368421052631579, "6": 0.32653061224489793, "7": 0.452, "8": 0.54, "9": 0.7113821138211383, "10": 0.2517482517482518, "11": 0.25142857142857145, "12": 0.38848920863309355, "13": 0.5571428571428572, "14": 0.5616438356164384, "15": 0.6643835616438356, "16": 0.7127659574468085, "17": 0.821917808219178, "18": 0.1643835616438356, "19": 0.24607329842931938, "20": 0.42083333333333334, "21": 0.18285714285714286, "22": 0.1595744680851064, "23": 0.4032258064516129, "24": 0.4375, "25": 0.08421052631578947, "26": 0.1717171717171717, "27": 0.625, "28": 0.140625, "29": 0.5, "30": 0.6527777777777778},
  "recall": 0.4071306243188541,
  "scene_recalls": {"1": 0.4010152284263959, "2": 0.3673469387755102, "3": 0.5021834061135371, "4": 0.22564102564102564, "5": 0.5, "6": 0.2692307692307692, "7": 0.46649484536082475, "8": 0.2891156462585034, "9": 0.3978102189781022, "10": 0.4270833333333333, "11": 0.5177664974619289, "12": 0.584192439862543, "13": 0.21606648199445982, "14": 0.29850746268656714, "15": 0.36678200692041524, "16": 0.4935400516795866, "17": 0.4601226993865031, "18": 0.3217993079584775, "19": 0.5788235294117647, "20": 0.38866930171277997},
  "targets_count": 6423,
  "tp_count": 2615
}