{
  "gt_count": 6900,
  "mean_obj_recall": 0.05313792449627337,
  "mean_scene_recall": 0.04538057532832593,
  "obj_recalls": {"1": 0.020188425302826378, "2": 0.04308390022675737, "3": 0.059895833333333336, "4": 0.04040404040404041, "5": 0.021052631578947368, "6": 0.0, "7": 0.02, "8": 0.06666666666666667, "9": 0.08130081300813008, "10": 0.013986013986013986, "11": 0.045714285714285714, "12": 0.02158273381294964, "13": 0.09285714285714286, "14": 0.1232876712328767, "15": 0.08904109589041095, "16": 0.14361702127659576, "17": 0.2808219178082192, "18": 0.0, "19": 0.015706806282722512, "20": 0.029166666666666667, "21": 0.0, "22": 0.005319148936170213, "23": 0.04838709677419355, "24": 0.052083333333333336, "25": 0.0, "26": 0.0, "27": 0.11458333333333333, "28": 0.0, "29": 0.061224489795918366, "30": 0.10416666666666667},
  "recall": 0.04826405106647984,
  "scene_recalls": {"1": 0.02030456852791878, "2": 0.027210884353741496, "3": 0.039301310043668124, "4": 0.010256410256410256, "5": 0.045081967213114756, "6": 0.029914529914529916, "7": 0.09536082474226804, "8": 0.034013605442176874, "9": 0.04562043795620438, "10": 0.04513888888888889, "11": 0.05583756345177665, "12": 0.061855670103092786, "13": 0.008310249307479225, "14": 0.014925373134328358, "15": 0.0657439446366782, "16": 0.10335917312661498, "17": 0.03374233128834356, "18": 0.03460207612456748, "19": 0.0988235294117647, "20": 0.03820816864295125},
  "targets_count": 6423,
  "tp_count": 310
}