{
  "gt_count": 6900,
  "mean_obj_recall": 0.3781892790717048,
  "mean_scene_recall": 0.36690028313772527,
  "obj_recalls": {"1": 0.26244952893674295, "2": 0.38095238095238093, "3": 0.4609375, "4": 0.3552188552188552, "5": 0.29473684210526313, "6": 0.29591836734693877, "7": 0.4, "8": 0.4866666666666667, "9": 0.6626016260162602, "10": 0.22377622377622378, "11": 0.2342857142857143, "12": 0.3597122302158273, "13": 0.5357142857142857, "14": 0.5616438356164384, "15": 0.6232876712328768, "16": 0.675531914893617, "17": 0.815068493150685, "18": 0.1232876712328767, "19": 0.21465968586387435, "20": 0.3458333333333333, "21": 0.16, "22": 0.14893617021276595, "23": 0.3629032258064516, "24": 0.4010416666666667, "25": 0.042105263157894736, "26": 0.13131313131313133, "27": 0.59375, "28": 0.11979166666666667, "29": 0.46938775510204084, "30": 0.6041666666666666},
  "recall": 0.37116612174996105,
  "scene_recalls": {"1": 0.3553299492385787, "2": 0.3197278911564626, "3": 0.44541484716157204, "4": 0.18974358974358974, "5": 0.45081967213114754, "6": 0.24786324786324787, "7": 0.44072164948453607, "8": 0.25510204081632654, "9": 0.35766423357664234, "10": 0.375, "11": 0.4873096446700508, "12": 0.5326460481099656, "13": 0.17174515235457063, "14": 0.27761194029850744, "15": 0.3391003460207612, "16": 0.4728682170542636, "17": 0.4171779141104294, "18": 0.3044982698961938, "19": 0.5458823529411765, "20": 0.35177865612648224},
  "targets_count": 6423,
  "tp_count": 2384
}