{
  "gt_count": 6900,
  "mean_obj_recall": 0.009755313425473804,
  "mean_scene_recall": 0.00745119337173644,
  "obj_recalls": {"1": 0.004037685060565276, "2": 0.0022675736961451248, "3": 0.018229166666666668, "4": 0.005050505050505051, "5": 0.0, "6": 0.0, "7": 0.0, "8": 0.006666666666666667, "9": 0.016260162601626018, "10": 0.0, "11": 0.0, "12": 0.0, "13": 0.02142857142857143, "14": 0.0273972602739726, "15": 0.02054794520547945, "16": 0.02127659574468085, "17": 0.0958904109589041, "18": 0.0, "19": 0.0, "20": 0.0, "21": 0.0, "22": 0.0, "23": 0.0, "24": 0.015625, "25": 0.0, "26": 0.0, "27": 0.0, "28": 0.0, "29": 0.01020408163265306, "30": 0.027777777777777776},
  "recall": 0.00856297680211739,
  "scene_recalls": {"1": 0.005076142131979695, "2": 0.0, "3": 0.0, "4": 0.0, "5": 0.004098360655737705, "6": 0.0, "7": 0.023195876288659795, "8": 0.003401360544217687, "9": 0.005474452554744526, "10": 0.003472222222222222, "11": 0.01015228426395939, "12": 0.013745704467353952, "13": 0.0, "14": 0.0, "15": 0.006920415224913495, "16": 0.023255813953488372, "17": 0.006134969325153374, "18": 0.006920415224913495, "19": 0.03058823529411765, "20": 0.006587615283267457},
  "targets_count": 6423,
  "tp_count": 55
}