{
  "bop19_average_recall": 0.486837926202709,
  "bop19_average_recall_mspd": 0.7224194301728164,
  "bop19_average_recall_mssd": 0.38891483730344073,
  "bop19_average_recall_vsd": 0.3491795111318698,
  "bop19_average_time_per_image": 0.20000000000000004
}