{
  "gt_count": 6900,
  "mean_obj_recall": 0.41419681575397127,
  "mean_scene_recall": 0.4360124973807752,
  "obj_recalls": {"1": 0.5370121130551817, "2": 0.655328798185941, "3": 0.7682291666666666, "4": 0.696969696969697, "5": 0.6578947368421053, "6": 0.7244897959183674, "7": 0.252, "8": 0.23333333333333334, "9": 0.6585365853658537, "10": 0.6433566433566433, "11": 0.32571428571428573, "12": 0.4748201438848921, "13": 0.7714285714285715, "14": 0.7671232876712328, "15": 0.815068493150685, "16": 0.7712765957446809, "17": 0.821917808219178, "18": 0.21232876712328766, "19": 0.18848167539267016, "20": 0.09166666666666666, "21": 0.13714285714285715, "22": 0.14361702127659576, "23": 0.16532258064516128, "24": 0.3958333333333333, "25": 0.11578947368421053, "26": 0.23232323232323232, "27": 0.0, "28": 0.026041666666666668, "29": 0.14285714285714285, "30": 0.0},
  "recall": 0.4642690331620738,
  "scene_recalls": {"1": 0.19796954314720813, "2": 0.6258503401360545, "3": 0.4672489082969432, "4": 0.2717948717948718, "5": 0.4672131147540984, "6": 0.3333333333333333, "7": 0.7139175257731959, "8": 0.16666666666666666, "9": 0.7390510948905109, "10": 0.3333333333333333, "11": 0.6243654822335025, "12": 0.6838487972508591, "13": 0.08310249307479224, "14": 0.11940298507462686, "15": 0.09342560553633218, "16": 0.661498708010336, "17": 0.6012269938650306, "18": 0.4083044982698962, "19": 0.52, "20": 0.6086956521739131},
  "targets_count": 6423,
  "tp_count": 2982
}