{
  "gt_count": 6900,
  "mean_obj_recall": 0.5734782499616654,
  "mean_scene_recall": 0.6110670998962203,
  "obj_recalls": {"1": 0.7671601615074024, "2": 0.780045351473923, "3": 0.8463541666666666, "4": 0.8468013468013468, "5": 0.7578947368421053, "6": 0.8367346938775511, "7": 0.652, "8": 0.6333333333333333, "9": 0.8536585365853658, "10": 0.8111888111888111, "11": 0.6171428571428571, "12": 0.6618705035971223, "13": 0.8285714285714286, "14": 0.8904109589041096, "15": 0.8698630136986302, "16": 0.8297872340425532, "17": 0.8835616438356164, "18": 0.5068493150684932, "19": 0.3089005235602094, "20": 0.225, "21": 0.3314285714285714, "22": 0.30319148936170215, "23": 0.4274193548387097, "24": 0.6458333333333334, "25": 0.18947368421052632, "26": 0.4444444444444444, "27": 0.041666666666666664, "28": 0.09375, "29": 0.30612244897959184, "30": 0.013888888888888888},
  "recall": 0.6317919975089522,
  "scene_recalls": {"1": 0.30456852791878175, "2": 0.7891156462585034, "3": 0.74235807860262, "4": 0.4512820512820513, "5": 0.680327868852459, "6": 0.5897435897435898, "7": 0.8273195876288659, "8": 0.35034013605442177, "9": 0.8740875912408759, "10": 0.5, "11": 0.7918781725888325, "12": 0.852233676975945, "13": 0.19667590027700832, "14": 0.3164179104477612, "15": 0.20069204152249134, "16": 0.8062015503875969, "17": 0.8159509202453987, "18": 0.7231833910034602, "19": 0.6658823529411765, "20": 0.7430830039525692},
  "targets_count": 6423,
  "tp_count": 4058
}