{
  "gt_count": 6900,
  "mean_obj_recall": 0.5971018903546598,
  "mean_scene_recall": 0.6359778693751806,
  "obj_recalls": {"1": 0.800807537012113, "2": 0.7936507936507936, "3": 0.859375, "4": 0.8653198653198653, "5": 0.7684210526315789, "6": 0.8571428571428571, "7": 0.688, "8": 0.6666666666666666, "9": 0.8658536585365854, "10": 0.8181818181818182, "11": 0.6914285714285714, "12": 0.7194244604316546, "13": 0.8642857142857143, "14": 0.8972602739726028, "15": 0.8835616438356164, "16": 0.8351063829787234, "17": 0.8904109589041096, "18": 0.5205479452054794, "19": 0.32460732984293195, "20": 0.25833333333333336, "21": 0.36, "22": 0.3404255319148936, "23": 0.43951612903225806, "24": 0.6614583333333334, "25": 0.21052631578947367, "26": 0.46464646464646464, "27": 0.052083333333333336, "28": 0.10416666666666667, "29": 0.3979591836734694, "30": 0.013888888888888888},
  "recall": 0.6546784991437024,
  "scene_recalls": {"1": 0.350253807106599, "2": 0.8163265306122449, "3": 0.777292576419214, "4": 0.48205128205128206, "5": 0.7131147540983607, "6": 0.6495726495726496, "7": 0.8402061855670103, "8": 0.3945578231292517, "9": 0.8813868613138686, "10": 0.5173611111111112, "11": 0.8020304568527918, "12": 0.865979381443299, "13": 0.21052631578947367, "14": 0.33432835820895523, "15": 0.2179930795847751, "16": 0.8294573643410853, "17": 0.8404907975460123, "18": 0.7508650519031141, "19": 0.6776470588235294, "20": 0.7681159420289855},
  "targets_count": 6423,
  "tp_count": 4205
}