{
  "gt_count": 6900,
  "mean_obj_recall": 0.5549520198388271,
  "mean_scene_recall": 0.5891675334919728,
  "obj_recalls": {"1": 0.7240915208613729, "2": 0.7528344671201814, "3": 0.8385416666666666, "4": 0.8181818181818182, "5": 0.7578947368421053, "6": 0.826530612244898, "7": 0.616, "8": 0.5866666666666667, "9": 0.8495934959349594, "10": 0.8041958041958042, "11": 0.5828571428571429, "12": 0.6330935251798561, "13": 0.8285714285714286, "14": 0.863013698630137, "15": 0.8698630136986302, "16": 0.8138297872340425, "17": 0.8835616438356164, "18": 0.4794520547945205, "19": 0.2931937172774869, "20": 0.2, "21": 0.3028571428571429, "22": 0.2765957446808511, "23": 0.4112903225806452, "24": 0.625, "25": 0.17894736842105263, "26": 0.40404040404040403, "27": 0.03125, "28": 0.09375, "29": 0.29591836734693877, "30": 0.006944444444444444},
  "recall": 0.6101510197726919,
  "scene_recalls": {"1": 0.28426395939086296, "2": 0.7891156462585034, "3": 0.7117903930131004, "4": 0.4256410256410256, "5": 0.6639344262295082, "6": 0.5555555555555556, "7": 0.8170103092783505, "8": 0.32653061224489793, "9": 0.8558394160583942, "10": 0.4861111111111111, "11": 0.7817258883248731, "12": 0.8316151202749141, "13": 0.18559556786703602, "14": 0.2835820895522388, "15": 0.18685121107266436, "16": 0.7906976744186046, "17": 0.7760736196319018, "18": 0.6539792387543253, "19": 0.6541176470588236, "20": 0.7233201581027668},
  "targets_count": 6423,
  "tp_count": 3919
}