{
  "gt_count": 6900,
  "mean_obj_recall": 0.08209092936435458,
  "mean_scene_recall": 0.07061624666886511,
  "obj_recalls": {"1": 0.04306864064602961, "2": 0.1383219954648526, "3": 0.22135416666666666, "4": 0.12457912457912458, "5": 0.042105263157894736, "6": 0.030612244897959183, "7": 0.004, "8": 0.013333333333333334, "9": 0.044715447154471545, "10": 0.06293706293706294, "11": 0.005714285714285714, "12": 0.03597122302158273, "13": 0.2571428571428571, "14": 0.2602739726027397, "15": 0.3356164383561644, "16": 0.5797872340425532, "17": 0.18493150684931506, "18": 0.0, "19": 0.005235602094240838, "20": 0.0, "21": 0.0, "22": 0.005319148936170213, "23": 0.0, "24": 0.06770833333333333, "25": 0.0, "26": 0.0, "27": 0.0, "28": 0.0, "29": 0.0, "30": 0.0},
  "recall": 0.08812081581815351,
  "scene_recalls": {"1": 0.030456852791878174, "2": 0.027210884353741496, "3": 0.03056768558951965, "4": 0.010256410256410256, "5": 0.045081967213114756, "6": 0.008547008547008548, "7": 0.2963917525773196, "8": 0.003401360544217687, "9": 0.15693430656934307, "10": 0.04861111111111111, "11": 0.04060913705583756, "12": 0.1134020618556701, "13": 0.0, "14": 0.0, "15": 0.0, "16": 0.24031007751937986, "17": 0.06134969325153374, "18": 0.01384083044982699, "19": 0.16941176470588235, "20": 0.11594202898550725},
  "targets_count": 6423,
  "tp_count": 566
}