{
  "gt_count": 6900,
  "mean_obj_recall": 0.503195283241091,
  "mean_scene_recall": 0.5344596824246185,
  "obj_recalls": {"1": 0.6500672947510094, "2": 0.7256235827664399, "3": 0.8151041666666666, "4": 0.7794612794612794, "5": 0.7368421052631579, "6": 0.7857142857142857, "7": 0.488, "8": 0.5066666666666667, "9": 0.8130081300813008, "10": 0.7832167832167832, "11": 0.46285714285714286, "12": 0.5539568345323741, "13": 0.8071428571428572, "14": 0.8493150684931506, "15": 0.8493150684931506, "16": 0.7925531914893617, "17": 0.8424657534246576, "18": 0.3561643835616438, "19": 0.2670157068062827, "20": 0.15, "21": 0.2342857142857143, "22": 0.21808510638297873, "23": 0.29838709677419356, "24": 0.5625, "25": 0.14736842105263157, "26": 0.31313131313131315, "27": 0.010416666666666666, "28": 0.0625, "29": 0.23469387755102042, "30": 0.0},
  "recall": 0.5575276350614977,
  "scene_recalls": {"1": 0.25380710659898476, "2": 0.7278911564625851, "3": 0.6244541484716157, "4": 0.36923076923076925, "5": 0.5819672131147541, "6": 0.4829059829059829, "7": 0.770618556701031, "8": 0.2687074829931973, "9": 0.8065693430656934, "10": 0.4270833333333333, "11": 0.7563451776649747, "12": 0.7869415807560137, "13": 0.1440443213296399, "14": 0.208955223880597, "15": 0.14878892733564014, "16": 0.7260981912144703, "17": 0.7177914110429447, "18": 0.5882352941176471, "19": 0.6070588235294118, "20": 0.691699604743083},
  "targets_count": 6423,
  "tp_count": 3581
}