{
  "gt_count": 6900,
  "mean_obj_recall": 0.5338006387601434,
  "mean_scene_recall": 0.5666479821410026,
  "obj_recalls": {"1": 0.6877523553162853, "2": 0.7392290249433107, "3": 0.8229166666666666, "4": 0.8080808080808081, "5": 0.7473684210526316, "6": 0.826530612244898, "7": 0.556, "8": 0.56, "9": 0.8455284552845529, "10": 0.7902097902097902, "11": 0.5428571428571428, "12": 0.5899280575539568, "13": 0.8214285714285714, "14": 0.8561643835616438, "15": 0.863013698630137, "16": 0.8031914893617021, "17": 0.8767123287671232, "18": 0.4246575342465753, "19": 0.2774869109947644, "20": 0.175, "21": 0.2571428571428571, "22": 0.24468085106382978, "23": 0.36693548387096775, "24": 0.609375, "25": 0.15789473684210525, "26": 0.36363636363636365, "27": 0.03125, "28": 0.08333333333333333, "29": 0.2857142857142857, "30": 0.0},
  "recall": 0.5878872800871867,
  "scene_recalls": {"1": 0.2639593908629442, "2": 0.7687074829931972, "3": 0.6812227074235808, "4": 0.38974358974358975, "5": 0.6475409836065574, "6": 0.5384615384615384, "7": 0.7938144329896907, "8": 0.30612244897959184, "9": 0.8321167883211679, "10": 0.4479166666666667, "11": 0.7766497461928934, "12": 0.8109965635738832, "13": 0.16620498614958448, "14": 0.2507462686567164, "15": 0.17993079584775087, "16": 0.7596899224806202, "17": 0.754601226993865, "18": 0.6193771626297578, "19": 0.6376470588235295, "20": 0.7075098814229249},
  "targets_count": 6423,
  "tp_count": 3776
}