{
  "gt_count": 6900,
  "mean_obj_recall": 0.46888832394170155,
  "mean_scene_recall": 0.49727023950045995,
  "obj_recalls": {"1": 0.6177658142664872, "2": 0.6984126984126984, "3": 0.8020833333333334, "4": 0.765993265993266, "5": 0.7157894736842105, "6": 0.7857142857142857, "7": 0.348, "8": 0.41333333333333333, "9": 0.7642276422764228, "10": 0.7272727272727273, "11": 0.3942857142857143, "12": 0.5107913669064749, "13": 0.8, "14": 0.8082191780821918, "15": 0.8287671232876712, "16": 0.7819148936170213, "17": 0.8424657534246576, "18": 0.3150684931506849, "19": 0.2617801047120419, "20": 0.12083333333333333, "21": 0.18857142857142858, "22": 0.17553191489361702, "23": 0.22983870967741934, "24": 0.484375, "25": 0.12631578947368421, "26": 0.29292929292929293, "27": 0.0, "28": 0.052083333333333336, "29": 0.21428571428571427, "30": 0.0},
  "recall": 0.5228086563910945,
  "scene_recalls": {"1": 0.22842639593908629, "2": 0.6802721088435374, "3": 0.5764192139737991, "4": 0.3384615384615385, "5": 0.5409836065573771, "6": 0.41452991452991456, "7": 0.7603092783505154, "8": 0.23809523809523808, "9": 0.791970802919708, "10": 0.3993055555555556, "11": 0.7106598984771574, "12": 0.7250859106529209, "13": 0.10526315789473684, "14": 0.16119402985074627, "15": 0.1314878892733564, "16": 0.6976744186046512, "17": 0.6871165644171779, "18": 0.5294117647058824, "19": 0.5647058823529412, "20": 0.6640316205533597},
  "targets_count": 6423,
  "tp_count": 3358
}