{
  "gt_count": 6900,
  "mean_obj_recall": 0.23749117395377878,
  "mean_scene_recall": 0.2355979542329188,
  "obj_recalls": {"1": 0.23418573351278602, "2": 0.4671201814058957, "3": 0.5729166666666666, "4": 0.39730639730639733, "5": 0.33157894736842103, "6": 0.2857142857142857, "7": 0.028, "8": 0.07333333333333333, "9": 0.2967479674796748, "10": 0.4125874125874126, "11": 0.08571428571428572, "12": 0.22302158273381295, "13": 0.5642857142857143, "14": 0.6027397260273972, "15": 0.7123287671232876, "16": 0.7393617021276596, "17": 0.5753424657534246, "18": 0.0136986301369863, "19": 0.06806282722513089, "20": 0.016666666666666666, "21": 0.022857142857142857, "22": 0.06914893617021277, "23": 0.03225806451612903, "24": 0.19270833333333334, "25": 0.0, "26": 0.04040404040404041, "27": 0.0, "28": 0.015625, "29": 0.05102040816326531, "30": 0.0},
  "recall": 0.2662307333021952,
  "scene_recalls": {"1": 0.1218274111675127, "2": 0.272108843537415, "3": 0.2096069868995633, "4": 0.07692307692307693, "5": 0.22950819672131148, "6": 0.0641025641025641, "7": 0.538659793814433, "8": 0.04081632653061224, "9": 0.4489051094890511, "10": 0.1840277777777778, "11": 0.34517766497461927, "12": 0.4329896907216495, "13": 0.0110803324099723, "14": 0.023880597014925373, "15": 0.020761245674740483, "16": 0.5116279069767442, "17": 0.2852760736196319, "18": 0.14186851211072665, "19": 0.36941176470588233, "20": 0.383399209486166},
  "targets_count": 6423,
  "tp_count": 1710
}