{
  "gt_count": 6900,
  "mean_obj_recall": 0.33887922522617386,
  "mean_scene_recall": 0.3523423524001427,
  "obj_recalls": {"1": 0.3983849259757739, "2": 0.5827664399092971, "3": 0.6979166666666666, "4": 0.5976430976430976, "5": 0.5842105263157895, "6": 0.5612244897959183, "7": 0.136, "8": 0.15333333333333332, "9": 0.5284552845528455, "10": 0.5524475524475524, "11": 0.21142857142857144, "12": 0.3597122302158273, "13": 0.6928571428571428, "14": 0.6917808219178082, "15": 0.773972602739726, "16": 0.7659574468085106, "17": 0.7191780821917808, "18": 0.0821917808219178, "19": 0.14659685863874344, "20": 0.058333333333333334, "21": 0.08571428571428572, "22": 0.12234042553191489, "23": 0.08064516129032258, "24": 0.296875, "25": 0.05263157894736842, "26": 0.13131313131313133, "27": 0.0, "28": 0.020833333333333332, "29": 0.08163265306122448, "30": 0.0},
  "recall": 0.38206445586174687,
  "scene_recalls": {"1": 0.15228426395939088, "2": 0.48299319727891155, "3": 0.31877729257641924, "4": 0.19487179487179487, "5": 0.3729508196721312, "6": 0.20512820512820512, "7": 0.634020618556701, "8": 0.1054421768707483, "9": 0.6368613138686131, "10": 0.2951388888888889, "11": 0.5329949238578681, "12": 0.6288659793814433, "13": 0.0443213296398892, "14": 0.0626865671641791, "15": 0.05190311418685121, "16": 0.6175710594315246, "17": 0.4723926380368098, "18": 0.28719723183391005, "19": 0.43529411764705883, "20": 0.5151515151515151},
  "targets_count": 6423,
  "tp_count": 2454
}