{
  "gt_count": 6900,
  "mean_obj_recall": 0.12523840233998235,
  "mean_scene_recall": 0.11613640412263149,
  "obj_recalls": {"1": 0.0847913862718708, "2": 0.15873015873015872, "3": 0.1484375, "4": 0.11616161616161616, "5": 0.1, "6": 0.061224489795918366, "7": 0.076, "8": 0.2, "9": 0.15040650406504066, "10": 0.0979020979020979, "11": 0.10285714285714286, "12": 0.09352517985611511, "13": 0.1, "14": 0.13013698630136986, "15": 0.1232876712328767, "16": 0.21808510638297873, "17": 0.547945205479452, "18": 0.0958904109589041, "19": 0.1099476439790576, "20": 0.025, "21": 0.03428571428571429, "22": 0.05319148936170213, "23": 0.056451612903225805, "24": 0.11458333333333333, "25": 0.05263157894736842, "26": 0.12121212121212122, "27": 0.09375, "28": 0.15625, "29": 0.11224489795918367, "30": 0.2222222222222222},
  "recall": 0.12128288961544449,
  "scene_recalls": {"1": 0.1065989847715736, "2": 0.047619047619047616, "3": 0.14847161572052403, "4": 0.15897435897435896, "5": 0.11065573770491803, "6": 0.08547008547008547, "7": 0.18298969072164947, "8": 0.05442176870748299, "9": 0.12773722627737227, "10": 0.09375, "11": 0.1218274111675127, "12": 0.14432989690721648, "13": 0.09418282548476455, "14": 0.04477611940298507, "15": 0.12802768166089964, "16": 0.20155038759689922, "17": 0.0950920245398773, "18": 0.07612456747404844, "19": 0.16705882352941176, "20": 0.13306982872200263},
  "targets_count": 6423,
  "tp_count": 779
}