{
  "gt_count": 6900,
  "mean_obj_recall": 0.5445267960052528,
  "mean_scene_recall": 0.5267991575629599,
  "obj_recalls": {"1": 0.297442799461642, "2": 0.3424036281179138, "3": 0.3854166666666667, "4": 0.2239057239057239, "5": 0.7736842105263158, "6": 0.6326530612244898, "7": 0.74, "8": 0.52, "9": 0.8455284552845529, "10": 0.6363636363636364, "11": 0.44, "12": 0.6762589928057554, "13": 0.5857142857142857, "14": 0.4657534246575342, "15": 0.678082191780822, "16": 0.48936170212765956, "17": 0.9041095890410958, "18": 0.6506849315068494, "19": 0.418848167539267, "20": 0.37916666666666665, "21": 0.4685714285714286, "22": 0.4308510638297872, "23": 0.592741935483871, "24": 0.4166666666666667, "25": 0.21052631578947367, "26": 0.47474747474747475, "27": 0.7291666666666666, "28": 0.6458333333333334, "29": 0.6632653061224489, "30": 0.6180555555555556},
  "recall": 0.48871243966993616,
  "scene_recalls": {"1": 0.4517766497461929, "2": 0.7278911564625851, "3": 0.6462882096069869, "4": 0.5128205128205128, "5": 0.6065573770491803, "6": 0.5555555555555556, "7": 0.5670103092783505, "8": 0.5, "9": 0.33394160583941607, "10": 0.6076388888888888, "11": 0.7817258883248731, "12": 0.6048109965635738, "13": 0.4182825484764543, "14": 0.382089552238806, "15": 0.6020761245674741, "16": 0.5917312661498708, "17": 0.48773006134969327, "18": 0.3737024221453287, "19": 0.5458823529411765, "20": 0.23847167325428195},
  "targets_count": 6423,
  "tp_count": 3139
}