{
  "gt_count": 6900,
  "mean_obj_recall": 0.025833603315713025,
  "mean_scene_recall": 0.018740145289448087,
  "obj_recalls": {"1": 0.005383580080753701, "2": 0.02947845804988662, "3": 0.03125, "4": 0.013468013468013467, "5": 0.005263157894736842, "6": 0.0, "7": 0.0, "8": 0.006666666666666667, "9": 0.008130081300813009, "10": 0.0, "11": 0.0, "12": 0.0, "13": 0.02142857142857143, "14": 0.04794520547945205, "15": 0.03424657534246575, "16": 0.11170212765957446, "17": 0.3767123287671233, "18": 0.0, "19": 0.0, "20": 0.0, "21": 0.0, "22": 0.0, "23": 0.0, "24": 0.041666666666666664, "25": 0.0, "26": 0.0, "27": 0.0, "28": 0.0, "29": 0.0, "30": 0.041666666666666664},
  "recall": 0.02273081114743889,
  "scene_recalls": {"1": 0.015228426395939087, "2": 0.0, "3": 0.0, "4": 0.005128205128205128, "5": 0.00819672131147541, "6": 0.0, "7": 0.07474226804123711, "8": 0.0, "9": 0.02737226277372263, "10": 0.024305555555555556, "11": 0.015228426395939087, "12": 0.013745704467353952, "13": 0.0, "14": 0.0029850746268656717, "15": 0.0034602076124567475, "16": 0.10335917312661498, "17": 0.006134969325153374, "18": 0.0, "19": 0.05647058823529412, "20": 0.01844532279314888},
  "targets_count": 6423,
  "tp_count": 146
}