{
  "gt_count": 6900,
  "mean_obj_recall": 0.014664852071322999,
  "mean_scene_recall": 0.009545726788982096,
  "obj_recalls": {"1": 0.0013458950201884253, "2": 0.009070294784580499, "3": 0.010416666666666666, "4": 0.005050505050505051, "5": 0.005263157894736842, "6": 0.0, "7": 0.0, "8": 0.0, "9": 0.0040650406504065045, "10": 0.0, "11": 0.0, "12": 0.0, "13": 0.0, "14": 0.02054794520547945, "15": 0.0136986301369863, "16": 0.05851063829787234, "17": 0.2876712328767123, "18": 0.0, "19": 0.0, "20": 0.0, "21": 0.0, "22": 0.0, "23": 0.0, "24": 0.010416666666666666, "25": 0.0, "26": 0.0, "27": 0.0, "28": 0.0, "29": 0.0, "30": 0.013888888888888888},
  "recall": 0.011832477035653122,
  "scene_recalls": {"1": 0.005076142131979695, "2": 0.0, "3": 0.0, "4": 0.0, "5": 0.0, "6": 0.0, "7": 0.04381443298969072, "8": 0.0, "9": 0.009124087591240875, "10": 0.006944444444444444, "11": 0.01015228426395939, "12": 0.0, "13": 0.0, "14": 0.0, "15": 0.0, "16": 0.06718346253229975, "17": 0.003067484662576687, "18": 0.0, "19": 0.03764705882352941, "20": 0.007905138339920948},
  "targets_count": 6423,
  "tp_count": 76
}