{
  "gt_count": 6900,
  "mean_obj_recall": 0.1087611983031242,
  "mean_scene_recall": 0.10151366517243765,
  "obj_recalls": {"1": 0.07537012113055182, "2": 0.14512471655328799, "3": 0.12760416666666666, "4": 0.10606060606060606, "5": 0.08421052631578947, "6": 0.05102040816326531, "7": 0.076, "8": 0.16666666666666666, "9": 0.13821138211382114, "10": 0.06993006993006994, "11": 0.08571428571428572, "12": 0.07194244604316546, "13": 0.07857142857142857, "14": 0.1095890410958904, "15": 0.1095890410958904, "16": 0.2127659574468085, "17": 0.5205479452054794, "18": 0.07534246575342465, "19": 0.06806282722513089, "20": 0.020833333333333332, "21": 0.02857142857142857, "22": 0.026595744680851064, "23": 0.05241935483870968, "24": 0.09895833333333333, "25": 0.031578947368421054, "26": 0.1111111111111111, "27": 0.08333333333333333, "28": 0.140625, "29": 0.10204081632653061, "30": 0.19444444444444445},
  "recall": 0.10633660283356687,
  "scene_recalls": {"1": 0.09644670050761421, "2": 0.047619047619047616, "3": 0.13100436681222707, "4": 0.14871794871794872, "5": 0.09836065573770492, "6": 0.06837606837606838, "7": 0.16494845360824742, "8": 0.03741496598639456, "9": 0.11131386861313869, "10": 0.0798611111111111, "11": 0.10152284263959391, "12": 0.12027491408934708, "13": 0.07756232686980609, "14": 0.029850746268656716, "15": 0.10726643598615918, "16": 0.18087855297157623, "17": 0.08895705521472393, "18": 0.0657439446366782, "19": 0.15294117647058825, "20": 0.12121212121212122},
  "targets_count": 6423,
  "tp_count": 683
}