{
  "gt_count": 6900,
  "mean_obj_recall": 0.5341820118044734,
  "mean_scene_recall": 0.5167442173644067,
  "obj_recalls": {"1": 0.288021534320323, "2": 0.3333333333333333, "3": 0.3802083333333333, "4": 0.22053872053872053, "5": 0.7631578947368421, "6": 0.6122448979591837, "7": 0.72, "8": 0.52, "9": 0.8414634146341463, "10": 0.6293706293706294, "11": 0.4228571428571429, "12": 0.6690647482014388, "13": 0.5714285714285714, "14": 0.4589041095890411, "15": 0.678082191780822, "16": 0.48404255319148937, "17": 0.8972602739726028, "18": 0.6301369863013698, "19": 0.39790575916230364, "20": 0.35833333333333334, "21": 0.45714285714285713, "22": 0.4148936170212766, "23": 0.5846774193548387, "24": 0.40625, "25": 0.2, "26": 0.47474747474747475, "27": 0.71875, "28": 0.6354166666666666, "29": 0.6530612244897959, "30": 0.6041666666666666},
  "recall": 0.478903938969329,
  "scene_recalls": {"1": 0.4416243654822335, "2": 0.7074829931972789, "3": 0.6375545851528385, "4": 0.5128205128205128, "5": 0.5942622950819673, "6": 0.5384615384615384, "7": 0.5618556701030928, "8": 0.4897959183673469, "9": 0.3302919708029197, "10": 0.5833333333333334, "11": 0.7817258883248731, "12": 0.5979381443298969, "13": 0.3988919667590028, "14": 0.373134328358209, "15": 0.5916955017301038, "16": 0.5788113695090439, "17": 0.4815950920245399, "18": 0.370242214532872, "19": 0.5341176470588235, "20": 0.22924901185770752},
  "targets_count": 6423,
  "tp_count": 3076
}