{
  "gt_count": 6900,
  "mean_obj_recall": 0.48330146171594224,
  "mean_scene_recall": 0.4647045289018183,
  "obj_recalls": {"1": 0.24360699865410498, "2": 0.29705215419501135, "3": 0.3541666666666667, "4": 0.17003367003367004, "5": 0.7315789473684211, "6": 0.4897959183673469, "7": 0.68, "8": 0.37333333333333335, "9": 0.8089430894308943, "10": 0.5804195804195804, "11": 0.3142857142857143, "12": 0.6115107913669064, "13": 0.5285714285714286, "14": 0.4041095890410959, "15": 0.6712328767123288, "16": 0.4574468085106383, "17": 0.8972602739726028, "18": 0.6027397260273972, "19": 0.3612565445026178, "20": 0.2791666666666667, "21": 0.3657142857142857, "22": 0.3351063829787234, "23": 0.5, "24": 0.3489583333333333, "25": 0.2, "26": 0.45454545454545453, "27": 0.6354166666666666, "28": 0.59375, "29": 0.6326530612244898, "30": 0.5763888888888888},
  "recall": 0.4293943640043593,
  "scene_recalls": {"1": 0.4213197969543147, "2": 0.673469387755102, "3": 0.5633187772925764, "4": 0.4666666666666667, "5": 0.5163934426229508, "6": 0.42735042735042733, "7": 0.5257731958762887, "8": 0.41496598639455784, "9": 0.26824817518248173, "10": 0.5034722222222222, "11": 0.7208121827411168, "12": 0.5807560137457045, "13": 0.3407202216066482, "14": 0.30149253731343284, "15": 0.5467128027681661, "16": 0.5400516795865633, "17": 0.43558282208588955, "18": 0.33217993079584773, "19": 0.5105882352941177, "20": 0.20421607378129117},
  "targets_count": 6423,
  "tp_count": 2758
}