{
  "gt_count": 6900,
  "mean_obj_recall": 0.03710911740430432,
  "mean_scene_recall": 0.03052281883955269,
  "obj_recalls": {"1": 0.016150740242261104, "2": 0.05442176870748299, "3": 0.046875, "4": 0.03198653198653199, "5": 0.021052631578947368, "6": 0.0, "7": 0.0, "8": 0.02666666666666667, "9": 0.028455284552845527, "10": 0.0, "11": 0.0, "12": 0.007194244604316547, "13": 0.02857142857142857, "14": 0.06164383561643835, "15": 0.04794520547945205, "16": 0.1276595744680851, "17": 0.4315068493150685, "18": 0.0136986301369863, "19": 0.0, "20": 0.0, "21": 0.0, "22": 0.0, "23": 0.012096774193548387, "24": 0.046875, "25": 0.0, "26": 0.0, "27": 0.0, "28": 0.010416666666666666, "29": 0.030612244897959183, "30": 0.06944444444444445},
  "recall": 0.03503035964502569,
  "scene_recalls": {"1": 0.04060913705583756, "2": 0.0, "3": 0.017467248908296942, "4": 0.020512820512820513, "5": 0.01639344262295082, "6": 0.0, "7": 0.09536082474226804, "8": 0.0, "9": 0.04562043795620438, "10": 0.027777777777777776, "11": 0.025380710659898477, "12": 0.041237113402061855, "13": 0.00554016620498615, "14": 0.005970149253731343, "15": 0.01384083044982699, "16": 0.11886304909560723, "17": 0.015337423312883436, "18": 0.01730103806228374, "19": 0.07294117647058823, "20": 0.030303030303030304},
  "targets_count": 6423,
  "tp_count": 225
}