{
  "gt_count": 6900,
  "mean_obj_recall": 0.094221620868333,
  "mean_scene_recall": 0.07719730946649235,
  "obj_recalls": {"1": 0.021534320323014805, "2": 0.02947845804988662, "3": 0.033854166666666664, "4": 0.003367003367003367, "5": 0.13157894736842105, "6": 0.02040816326530612, "7": 0.096, "8": 0.02, "9": 0.10975609756097561, "10": 0.02097902097902098, "11": 0.0, "12": 0.02877697841726619, "13": 0.007142857142857143, "14": 0.02054794520547945, "15": 0.23972602739726026, "16": 0.13297872340425532, "17": 0.5753424657534246, "18": 0.136986301369863, "19": 0.020942408376963352, "20": 0.025, "21": 0.03428571428571429, "22": 0.03723404255319149, "23": 0.06048387096774194, "24": 0.036458333333333336, "25": 0.09473684210526316, "26": 0.06060606060606061, "27": 0.23958333333333334, "28": 0.16666666666666666, "29": 0.23469387755102042, "30": 0.1875},
  "recall": 0.07239607659971976,
  "scene_recalls": {"1": 0.15736040609137056, "2": 0.08843537414965986, "3": 0.06986899563318777, "4": 0.08205128205128205, "5": 0.06147540983606557, "6": 0.008547008547008548, "7": 0.13659793814432988, "8": 0.04421768707482993, "9": 0.029197080291970802, "10": 0.0625, "11": 0.09644670050761421, "12": 0.054982817869415807, "13": 0.05817174515235457, "14": 0.020895522388059702, "15": 0.17301038062283736, "16": 0.10852713178294573, "17": 0.06748466257668712, "18": 0.031141868512110725, "19": 0.1811764705882353, "20": 0.011857707509881422},
  "targets_count": 6423,
  "tp_count": 465
}