{
  "gt_count": 6900,
  "mean_obj_recall": 0.42881696335730496,
  "mean_scene_recall": 0.4105038606969318,
  "obj_recalls": {"1": 0.20457604306864063, "2": 0.2675736961451247, "3": 0.2890625, "4": 0.12457912457912458, "5": 0.7, "6": 0.35714285714285715, "7": 0.628, "8": 0.28, "9": 0.7845528455284553, "10": 0.5174825174825175, "11": 0.19428571428571428, "12": 0.5323741007194245, "13": 0.44285714285714284, "14": 0.3972602739726027, "15": 0.6232876712328768, "16": 0.44148936170212766, "17": 0.863013698630137, "18": 0.5547945205479452, "19": 0.2879581151832461, "20": 0.2125, "21": 0.2914285714285714, "22": 0.26063829787234044, "23": 0.4314516129032258, "24": 0.296875, "25": 0.18947368421052632, "26": 0.42424242424242425, "27": 0.6041666666666666, "28": 0.5572916666666666, "29": 0.5714285714285714, "30": 0.5347222222222222},
  "recall": 0.37770512221703256,
  "scene_recalls": {"1": 0.38071065989847713, "2": 0.6054421768707483, "3": 0.49344978165938863, "4": 0.4461538461538462, "5": 0.4713114754098361, "6": 0.33760683760683763, "7": 0.47680412371134023, "8": 0.3299319727891156, "9": 0.21715328467153286, "10": 0.4340277777777778, "11": 0.6345177664974619, "12": 0.5292096219931272, "13": 0.296398891966759, "14": 0.2298507462686567, "15": 0.5051903114186851, "16": 0.4728682170542636, "17": 0.39263803680981596, "18": 0.3044982698961938, "19": 0.4823529411764706, "20": 0.16996047430830039},
  "targets_count": 6423,
  "tp_count": 2426
}