{
  "gt_count": 6900,
  "mean_obj_recall": 0.5557154531379452,
  "mean_scene_recall": 0.5382783326738321,
  "obj_recalls": {"1": 0.3082099596231494, "2": 0.3492063492063492, "3": 0.3932291666666667, "4": 0.22895622895622897, "5": 0.7736842105263158, "6": 0.6530612244897959, "7": 0.756, "8": 0.5733333333333334, "9": 0.8455284552845529, "10": 0.6363636363636364, "11": 0.4685714285714286, "12": 0.6906474820143885, "13": 0.5857142857142857, "14": 0.4794520547945205, "15": 0.684931506849315, "16": 0.5, "17": 0.9041095890410958, "18": 0.6506849315068494, "19": 0.42408376963350786, "20": 0.4, "21": 0.48, "22": 0.4521276595744681, "23": 0.6129032258064516, "24": 0.4166666666666667, "25": 0.24210526315789474, "26": 0.47474747474747475, "27": 0.7291666666666666, "28": 0.65625, "29": 0.6836734693877551, "30": 0.6180555555555556},
  "recall": 0.4991437023197883,
  "scene_recalls": {"1": 0.4720812182741117, "2": 0.7346938775510204, "3": 0.6768558951965066, "4": 0.5282051282051282, "5": 0.6065573770491803, "6": 0.5683760683760684, "7": 0.5695876288659794, "8": 0.5068027210884354, "9": 0.3375912408759124, "10": 0.6215277777777778, "11": 0.7868020304568528, "12": 0.6254295532646048, "13": 0.43490304709141275, "14": 0.40298507462686567, "15": 0.6089965397923875, "16": 0.6046511627906976, "17": 0.5, "18": 0.3875432525951557, "19": 0.548235294117647, "20": 0.2437417654808959},
  "targets_count": 6423,
  "tp_count": 3206
}