{
  "gt_count": 6900,
  "mean_obj_recall": 0.0747926123593941,
  "mean_scene_recall": 0.06818092381187042,
  "obj_recalls": {"1": 0.05383580080753701, "2": 0.10884353741496598, "3": 0.1015625, "4": 0.07744107744107744, "5": 0.06315789473684211, "6": 0.0, "7": 0.02, "8": 0.08, "9": 0.1016260162601626, "10": 0.03496503496503497, "11": 0.045714285714285714, "12": 0.02158273381294964, "13": 0.06428571428571428, "14": 0.10273972602739725, "15": 0.08904109589041095, "16": 0.18617021276595744, "17": 0.4726027397260274, "18": 0.0410958904109589, "19": 0.02617801047120419, "20": 0.008333333333333333, "21": 0.005714285714285714, "22": 0.010638297872340425, "23": 0.04435483870967742, "24": 0.06770833333333333, "25": 0.021052631578947368, "26": 0.030303030303030304, "27": 0.052083333333333336, "28": 0.08854166666666667, "29": 0.07142857142857142, "30": 0.1527777777777778},
  "recall": 0.07473143390938813,
  "scene_recalls": {"1": 0.08121827411167512, "2": 0.013605442176870748, "3": 0.07423580786026202, "4": 0.06666666666666667, "5": 0.06557377049180328, "6": 0.01282051282051282, "7": 0.14175257731958762, "8": 0.017006802721088437, "9": 0.07846715328467153, "10": 0.05555555555555555, "11": 0.07106598984771574, "12": 0.09621993127147767, "13": 0.04155124653739612, "14": 0.014925373134328358, "15": 0.06228373702422145, "16": 0.15503875968992248, "17": 0.06748466257668712, "18": 0.03460207612456748, "19": 0.12, "20": 0.09354413702239789},
  "targets_count": 6423,
  "tp_count": 480
}