{
  "gt_count": 6900,
  "mean_obj_recall": 0.05973327734526168,
  "mean_scene_recall": 0.05390240616495852,
  "obj_recalls": {"1": 0.03768506056527591, "2": 0.10204081632653061, "3": 0.078125, "4": 0.06902356902356903, "5": 0.05263157894736842, "6": 0.0, "7": 0.008, "8": 0.05333333333333334, "9": 0.08130081300813008, "10": 0.006993006993006993, "11": 0.005714285714285714, "12": 0.007194244604316547, "13": 0.05, "14": 0.0958904109589041, "15": 0.07534246575342465, "16": 0.18085106382978725, "17": 0.4657534246575342, "18": 0.0273972602739726, "19": 0.010471204188481676, "20": 0.004166666666666667, "21": 0.005714285714285714, "22": 0.0, "23": 0.020161290322580645, "24": 0.0625, "25": 0.0, "26": 0.020202020202020204, "27": 0.020833333333333332, "28": 0.06770833333333333, "29": 0.05102040816326531, "30": 0.13194444444444445},
  "recall": 0.060252218589444184,
  "scene_recalls": {"1": 0.06598984771573604, "2": 0.006802721088435374, "3": 0.048034934497816595, "4": 0.05128205128205128, "5": 0.045081967213114756, "6": 0.004273504273504274, "7": 0.12628865979381443, "8": 0.006802721088435374, "9": 0.06751824817518248, "10": 0.041666666666666664, "11": 0.05583756345177665, "12": 0.0859106529209622, "13": 0.027700831024930747, "14": 0.011940298507462687, "15": 0.03806228373702422, "16": 0.1343669250645995, "17": 0.046012269938650305, "18": 0.031141868512110725, "19": 0.10823529411764705, "20": 0.07509881422924901},
  "targets_count": 6423,
  "tp_count": 387
}