{
  "gt_count": 6900,
  "mean_obj_recall": 0.09086656449137506,
  "mean_scene_recall": 0.0839519010911051,
  "obj_recalls": {"1": 0.06729475100942127, "2": 0.1292517006802721, "3": 0.11979166666666667, "4": 0.09427609427609428, "5": 0.06842105263157895, "6": 0.01020408163265306, "7": 0.04, "8": 0.12, "9": 0.11382113821138211, "10": 0.03496503496503497, "11": 0.06285714285714286, "12": 0.050359712230215826, "13": 0.07142857142857142, "14": 0.10273972602739725, "15": 0.10273972602739725, "16": 0.2074468085106383, "17": 0.5068493150684932, "18": 0.0547945205479452, "19": 0.06282722513089005, "20": 0.016666666666666666, "21": 0.011428571428571429, "22": 0.015957446808510637, "23": 0.04435483870967742, "24": 0.08854166666666667, "25": 0.021052631578947368, "26": 0.08080808080808081, "27": 0.0625, "28": 0.109375, "29": 0.08163265306122448, "30": 0.1736111111111111},
  "recall": 0.09061186361513311,
  "scene_recalls": {"1": 0.08629441624365482, "2": 0.013605442176870748, "3": 0.1091703056768559, "4": 0.10256410256410256, "5": 0.0778688524590164, "6": 0.038461538461538464, "7": 0.15721649484536082, "8": 0.027210884353741496, "9": 0.09854014598540146, "10": 0.07291666666666667, "11": 0.08121827411167512, "12": 0.10309278350515463, "13": 0.060941828254847646, "14": 0.020895522388059702, "15": 0.08996539792387544, "16": 0.165374677002584, "17": 0.0736196319018405, "18": 0.05190311418685121, "19": 0.1388235294117647, "20": 0.10935441370223979},
  "targets_count": 6423,
  "tp_count": 582
}