{
  "gt_count": 6900,
  "mean_obj_recall": 0.04620615764466144,
  "mean_scene_recall": 0.04003538664866092,
  "obj_recalls": {"1": 0.02557200538358008, "2": 0.07482993197278912, "3": 0.0546875, "4": 0.05218855218855219, "5": 0.02631578947368421, "6": 0.0, "7": 0.004, "8": 0.03333333333333333, "9": 0.04878048780487805, "10": 0.006993006993006993, "11": 0.0, "12": 0.007194244604316547, "13": 0.03571428571428571, "14": 0.0684931506849315, "15": 0.0684931506849315, "16": 0.1595744680851064, "17": 0.4589041095890411, "18": 0.0136986301369863, "19": 0.010471204188481676, "20": 0.0, "21": 0.0, "22": 0.0, "23": 0.012096774193548387, "24": 0.057291666666666664, "25": 0.0, "26": 0.0, "27": 0.010416666666666666, "28": 0.026041666666666668, "29": 0.04081632653061224, "30": 0.09027777777777778},
  "recall": 0.04546162229487778,
  "scene_recalls": {"1": 0.050761421319796954, "2": 0.0, "3": 0.021834061135371178, "4": 0.03076923076923077, "5": 0.028688524590163935, "6": 0.0, "7": 0.11082474226804123, "8": 0.006802721088435374, "9": 0.051094890510948905, "10": 0.034722222222222224, "11": 0.04568527918781726, "12": 0.061855670103092786, "13": 0.008310249307479225, "14": 0.005970149253731343, "15": 0.01730103806228374, "16": 0.12661498708010335, "17": 0.027607361963190184, "18": 0.02768166089965398, "19": 0.09411764705882353, "20": 0.05006587615283267},
  "targets_count": 6423,
  "tp_count": 292
}