{
  "gt_count": 6900,
  "mean_obj_recall": 0.5736113482560825,
  "mean_scene_recall": 0.5561435767577168,
  "obj_recalls": {"1": 0.3283983849259758, "2": 0.3673469387755102, "3": 0.4036458333333333, "4": 0.2441077441077441, "5": 0.7736842105263158, "6": 0.673469387755102, "7": 0.772, "8": 0.6066666666666667, "9": 0.8536585365853658, "10": 0.6573426573426573, "11": 0.49714285714285716, "12": 0.6906474820143885, "13": 0.5928571428571429, "14": 0.4931506849315068, "15": 0.6986301369863014, "16": 0.5053191489361702, "17": 0.910958904109589, "18": 0.6643835616438356, "19": 0.450261780104712, "20": 0.43333333333333335, "21": 0.49714285714285716, "22": 0.4734042553191489, "23": 0.6209677419354839, "24": 0.4322916666666667, "25": 0.29473684210526313, "26": 0.47474747474747475, "27": 0.7916666666666666, "28": 0.6666666666666666, "29": 0.6938775510204082, "30": 0.6458333333333334},
  "recall": 0.5161139654367118,
  "scene_recalls": {"1": 0.5025380710659898, "2": 0.7414965986394558, "3": 0.6986899563318777, "4": 0.5435897435897435, "5": 0.639344262295082, "6": 0.5982905982905983, "7": 0.5927835051546392, "8": 0.5238095238095238, "9": 0.3521897810218978, "10": 0.6354166666666666, "11": 0.7868020304568528, "12": 0.6391752577319587, "13": 0.45429362880886426, "14": 0.4298507462686567, "15": 0.629757785467128, "16": 0.6149870801033591, "17": 0.5153374233128835, "18": 0.41522491349480967, "19": 0.5576470588235294, "20": 0.2516469038208169},
  "targets_count": 6423,
  "tp_count": 3315
}