{
  "gt_count": 6900,
  "mean_obj_recall": 0.30080284353767495,
  "mean_scene_recall": 0.2816121513016333,
  "obj_recalls": {"1": 0.1117092866756393, "2": 0.16099773242630386, "3": 0.1796875, "4": 0.05387205387205387, "5": 0.5736842105263158, "6": 0.1836734693877551, "7": 0.46, "8": 0.1, "9": 0.6056910569105691, "10": 0.2937062937062937, "11": 0.04, "12": 0.30935251798561153, "13": 0.22142857142857142, "14": 0.2465753424657534, "15": 0.541095890410959, "16": 0.3670212765957447, "17": 0.8287671232876712, "18": 0.3698630136986301, "19": 0.19895287958115182, "20": 0.13333333333333333, "21": 0.13714285714285715, "22": 0.1595744680851064, "23": 0.2540322580645161, "24": 0.16145833333333334, "25": 0.16842105263157894, "26": 0.3333333333333333, "27": 0.4791666666666667, "28": 0.46875, "29": 0.45918367346938777, "30": 0.4236111111111111},
  "recall": 0.2572006850381442,
  "scene_recalls": {"1": 0.29441624365482233, "2": 0.43537414965986393, "3": 0.30131004366812225, "4": 0.358974358974359, "5": 0.29508196721311475, "6": 0.1452991452991453, "7": 0.38917525773195877, "8": 0.23129251700680273, "9": 0.11861313868613138, "10": 0.2638888888888889, "11": 0.4517766497461929, "12": 0.3539518900343643, "13": 0.18559556786703602, "14": 0.12238805970149254, "15": 0.41522491349480967, "16": 0.3281653746770026, "17": 0.2822085889570552, "18": 0.20069204152249134, "19": 0.36, "20": 0.09881422924901186},
  "targets_count": 6423,
  "tp_count": 1652
}