{
  "gt_count": 6900,
  "mean_obj_recall": 0.5654756674646083,
  "mean_scene_recall": 0.5479973181031979,
  "obj_recalls": {"1": 0.3203230148048452, "2": 0.35600907029478457, "3": 0.4036458333333333, "4": 0.23737373737373738, "5": 0.7736842105263158, "6": 0.6632653061224489, "7": 0.768, "8": 0.5933333333333334, "9": 0.8455284552845529, "10": 0.6433566433566433, "11": 0.48, "12": 0.6906474820143885, "13": 0.5928571428571429, "14": 0.4794520547945205, "15": 0.6917808219178082, "16": 0.5, "17": 0.9041095890410958, "18": 0.6575342465753424, "19": 0.450261780104712, "20": 0.4125, "21": 0.49714285714285716, "22": 0.4521276595744681, "23": 0.6209677419354839, "24": 0.4270833333333333, "25": 0.2736842105263158, "26": 0.47474747474747475, "27": 0.7708333333333334, "28": 0.6614583333333334, "29": 0.6836734693877551, "30": 0.6388888888888888},
  "recall": 0.5084851315584618,
  "scene_recalls": {"1": 0.4873096446700508, "2": 0.7346938775510204, "3": 0.6899563318777293, "4": 0.5384615384615384, "5": 0.6270491803278688, "6": 0.5854700854700855, "7": 0.5824742268041238, "8": 0.5238095238095238, "9": 0.3448905109489051, "10": 0.6354166666666666, "11": 0.7868020304568528, "12": 0.6288659793814433, "13": 0.44321329639889195, "14": 0.41194029850746267, "15": 0.615916955017301, "16": 0.6098191214470284, "17": 0.50920245398773, "18": 0.4013840830449827, "19": 0.5529411764705883, "20": 0.2503293807641634},
  "targets_count": 6423,
  "tp_count": 3266
}