{
  "gt_count": 6900,
  "mean_obj_recall": 0.5176322044947766,
  "mean_scene_recall": 0.499654624058253,
  "obj_recalls": {"1": 0.27456258411843876, "2": 0.3219954648526077, "3": 0.3671875, "4": 0.2037037037037037, "5": 0.7526315789473684, "6": 0.5918367346938775, "7": 0.708, "8": 0.4666666666666667, "9": 0.8333333333333334, "10": 0.6153846153846154, "11": 0.36, "12": 0.6546762589928058, "13": 0.5714285714285714, "14": 0.4315068493150685, "15": 0.678082191780822, "16": 0.4787234042553192, "17": 0.8972602739726028, "18": 0.6232876712328768, "19": 0.39267015706806285, "20": 0.325, "21": 0.4114285714285714, "22": 0.39361702127659576, "23": 0.5443548387096774, "24": 0.3854166666666667, "25": 0.2, "26": 0.47474747474747475, "27": 0.6979166666666666, "28": 0.6302083333333334, "29": 0.6530612244897959, "30": 0.5902777777777778},
  "recall": 0.46208936633971665,
  "scene_recalls": {"1": 0.4416243654822335, "2": 0.7074829931972789, "3": 0.5982532751091703, "4": 0.5025641025641026, "5": 0.5737704918032787, "6": 0.49572649572649574, "7": 0.5438144329896907, "8": 0.46598639455782315, "9": 0.3083941605839416, "10": 0.5555555555555556, "11": 0.7614213197969543, "12": 0.5945017182130584, "13": 0.37119113573407203, "14": 0.34328358208955223, "15": 0.5847750865051903, "16": 0.5684754521963824, "17": 0.46932515337423314, "18": 0.35986159169550175, "19": 0.5270588235294118, "20": 0.22002635046113306},
  "targets_count": 6423,
  "tp_count": 2968
}