{
  "gt_count": 1517,
  "mean_obj_recall": 0.24855619734008388,
  "mean_scene_recall": 0.2505190311418685,
  "obj_recalls": {"1": 0.21714285714285714, "5": 0.27638190954773867, "6": 0.23976608187134502, "8": 0.105, "9": 0.4777777777777778, "10": 0.11666666666666667, "11": 0.18571428571428572, "12": 0.37},
  "recall": 0.2505190311418685,
  "scene_recalls": {"2": 0.2505190311418685},
  "targets_count": 1445,
  "tp_count": 362
}