{
  "gt_count": 1517,
  "mean_obj_recall": 0.23054758703710698,
  "mean_scene_recall": 0.23321799307958477,
  "obj_recalls": {"1": 0.2, "5": 0.24623115577889448, "6": 0.22807017543859648, "8": 0.1, "9": 0.45555555555555555, "10": 0.11666666666666667, "11": 0.14285714285714285, "12": 0.355},
  "recall": 0.23321799307958477,
  "scene_recalls": {"2": 0.23321799307958477},
  "targets_count": 1445,
  "tp_count": 337
}