{
  "gt_count": 1517,
  "mean_obj_recall": 0.2975486113734923,
  "mean_scene_recall": 0.2996539792387543,
  "obj_recalls": {"1": 0.2742857142857143, "5": 0.36683417085427134, "6": 0.2631578947368421, "8": 0.145, "9": 0.4888888888888889, "10": 0.17222222222222222, "11": 0.25, "12": 0.42},
  "recall": 0.2996539792387543,
  "scene_recalls": {"2": 0.2996539792387543},
  "targets_count": 1445,
  "tp_count": 433
}