{
  "gt_count": 1517,
  "mean_obj_recall": 0.26900842453705454,
  "mean_scene_recall": 0.271280276816609,
  "obj_recalls": {"1": 0.24571428571428572, "5": 0.31155778894472363, "6": 0.25146198830409355, "8": 0.12, "9": 0.4777777777777778, "10": 0.15555555555555556, "11": 0.2, "12": 0.39},
  "recall": 0.271280276816609,
  "scene_recalls": {"2": 0.271280276816609},
  "targets_count": 1445,
  "tp_count": 392
}