{
  "gt_count": 1517,
  "mean_obj_recall": 0.08870048341120809,
  "mean_scene_recall": 0.08996539792387544,
  "obj_recalls": {"1": 0.07428571428571429, "5": 0.05527638190954774, "6": 0.06432748538011696, "8": 0.04, "9": 0.2388888888888889, "10": 0.06111111111111111, "11": 0.03571428571428571, "12": 0.14},
  "recall": 0.08996539792387544,
  "scene_recalls": {"2": 0.08996539792387544},
  "targets_count": 1445,
  "tp_count": 130
}