{
  "gt_count": 1517,
  "mean_obj_recall": 0.5042102350726061,
  "mean_scene_recall": 0.5121107266435986,
  "obj_recalls": {"1": 0.3942857142857143, "5": 0.8140703517587939, "6": 0.47953216374269003, "8": 0.365, "9": 0.6555555555555556, "10": 0.16666666666666666, "11": 0.42857142857142855, "12": 0.73},
  "recall": 0.5121107266435986,
  "scene_recalls": {"2": 0.5121107266435986},
  "targets_count": 1445,
  "tp_count": 740
}