{
  "gt_count": 1517,
  "mean_obj_recall": 0.55538041082606,
  "mean_scene_recall": 0.5647058823529412,
  "obj_recalls": {"1": 0.4857142857142857, "5": 0.8542713567839196, "6": 0.5087719298245614, "8": 0.515, "9": 0.6833333333333333, "10": 0.16666666666666666, "11": 0.4642857142857143, "12": 0.765},
  "recall": 0.5647058823529412,
  "scene_recalls": {"2": 0.5647058823529412},
  "targets_count": 1445,
  "tp_count": 816
}