{
  "gt_count": 1517,
  "mean_obj_recall": 0.599044328786791,
  "mean_scene_recall": 0.6083044982698962,
  "obj_recalls": {"1": 0.5828571428571429, "5": 0.8994974874371859, "6": 0.5555555555555556, "8": 0.575, "9": 0.6944444444444444, "10": 0.2, "11": 0.5, "12": 0.785},
  "recall": 0.6083044982698962,
  "scene_recalls": {"2": 0.6083044982698962},
  "targets_count": 1445,
  "tp_count": 879
}