{
  "gt_count": 1517,
  "mean_obj_recall": 0.18212040255580325,
  "mean_scene_recall": 0.18685121107266436,
  "obj_recalls": {"1": 0.12, "5": 0.3316582914572864, "6": 0.05847953216374269, "8": 0.05, "9": 0.35, "10": 0.06111111111111111, "11": 0.1357142857142857, "12": 0.35},
  "recall": 0.18685121107266436,
  "scene_recalls": {"2": 0.18685121107266436},
  "targets_count": 1445,
  "tp_count": 270
}