{
  "gt_count": 1517,
  "mean_obj_recall": 0.20053862409373518,
  "mean_scene_recall": 0.2027681660899654,
  "obj_recalls": {"1": 0.15428571428571428, "5": 0.19095477386934673, "6": 0.19883040935672514, "8": 0.085, "9": 0.4111111111111111, "10": 0.10555555555555556, "11": 0.12857142857142856, "12": 0.33},
  "recall": 0.2027681660899654,
  "scene_recalls": {"2": 0.2027681660899654},
  "targets_count": 1445,
  "tp_count": 293
}