{
  "gt_count": 1517,
  "mean_obj_recall": 0.4323977736426493,
  "mean_scene_recall": 0.4401384083044983,
  "obj_recalls": {"1": 0.34285714285714286, "5": 0.7386934673366834, "6": 0.38596491228070173, "8": 0.27, "9": 0.5722222222222222, "10": 0.14444444444444443, "11": 0.35, "12": 0.655},
  "recall": 0.4401384083044983,
  "scene_recalls": {"2": 0.4401384083044983},
  "targets_count": 1445,
  "tp_count": 636
}