{
  "gt_count": 1517,
  "mean_obj_recall": 0.15133845396573511,
  "mean_scene_recall": 0.15363321799307958,
  "obj_recalls": {"1": 0.11428571428571428, "5": 0.135678391959799, "6": 0.12280701754385964, "8": 0.06, "9": 0.3388888888888889, "10": 0.08333333333333333, "11": 0.08571428571428572, "12": 0.27},
  "recall": 0.15363321799307958,
  "scene_recalls": {"2": 0.15363321799307958},
  "targets_count": 1445,
  "tp_count": 222
}