{
  "gt_count": 1517,
  "mean_obj_recall": 0.049280080960357346,
  "mean_scene_recall": 0.05051903114186851,
  "obj_recalls": {"1": 0.03428571428571429, "5": 0.07035175879396985, "6": 0.0, "8": 0.005, "9": 0.1111111111111111, "10": 0.027777777777777776, "11": 0.03571428571428571, "12": 0.11},
  "recall": 0.05051903114186851,
  "scene_recalls": {"2": 0.05051903114186851},
  "targets_count": 1445,
  "tp_count": 73
}