{
  "gt_count": 1517,
  "mean_obj_recall": 0.28719560626860285,
  "mean_scene_recall": 0.2892733564013841,
  "obj_recalls": {"1": 0.26857142857142857, "5": 0.3417085427135678, "6": 0.2631578947368421, "8": 0.13, "9": 0.48333333333333334, "10": 0.17222222222222222, "11": 0.22857142857142856, "12": 0.41},
  "recall": 0.2892733564013841,
  "scene_recalls": {"2": 0.2892733564013841},
  "targets_count": 1445,
  "tp_count": 418
}