{
  "gt_count": 1517,
  "mean_obj_recall": 0.6577745347455741,
  "mean_scene_recall": 0.6685121107266436,
  "obj_recalls": {"1": 0.68, "5": 0.9296482412060302, "6": 0.5906432748538012, "8": 0.72, "9": 0.7388888888888889, "10": 0.24444444444444444, "11": 0.5285714285714286, "12": 0.83},
  "recall": 0.6685121107266436,
  "scene_recalls": {"2": 0.6685121107266436},
  "targets_count": 1445,
  "tp_count": 966
}