{
  "gt_count": 1517,
  "mean_obj_recall": 0.6306885513616537,
  "mean_scene_recall": 0.6401384083044983,
  "obj_recalls": {"1": 0.6342857142857142, "5": 0.9045226130653267, "6": 0.5847953216374269, "8": 0.645, "9": 0.7111111111111111, "10": 0.2222222222222222, "11": 0.5285714285714286, "12": 0.815},
  "recall": 0.6401384083044983,
  "scene_recalls": {"2": 0.6401384083044983},
  "targets_count": 1445,
  "tp_count": 925
}