{
  "gt_count": 1517,
  "mean_obj_recall": 0.027351198347627864,
  "mean_scene_recall": 0.02698961937716263,
  "obj_recalls": {"1": 0.03428571428571429, "5": 0.005025125628140704, "6": 0.005847953216374269, "8": 0.01, "9": 0.09444444444444444, "10": 0.027777777777777776, "11": 0.02142857142857143, "12": 0.02},
  "recall": 0.02698961937716263,
  "scene_recalls": {"2": 0.02698961937716263},
  "targets_count": 1445,
  "tp_count": 39
}