{
  "gt_count": 1517,
  "mean_obj_recall": 0.31879536571747624,
  "mean_scene_recall": 0.32664359861591696,
  "obj_recalls": {"1": 0.2342857142857143, "5": 0.628140703517588, "6": 0.2222222222222222, "8": 0.115, "9": 0.46111111111111114, "10": 0.08888888888888889, "11": 0.2357142857142857, "12": 0.565},
  "recall": 0.32664359861591696,
  "scene_recalls": {"2": 0.32664359861591696},
  "targets_count": 1445,
  "tp_count": 472
}