{
  "gt_count": 6900,
  "mean_obj_recall": 0.1330389706828157,
  "mean_scene_recall": 0.1231233071231191,
  "obj_recalls": {"1": 0.03768506056527591, "2": 0.02947845804988662, "3": 0.0546875, "4": 0.02356902356902357, "5": 0.24210526315789474, "6": 0.08163265306122448, "7": 0.308, "8": 0.05333333333333334, "9": 0.2967479674796748, "10": 0.0979020979020979, "11": 0.022857142857142857, "12": 0.08633093525179857, "13": 0.1, "14": 0.0958904109589041, "15": 0.19863013698630136, "16": 0.031914893617021274, "17": 0.5958904109589042, "18": 0.1917808219178082, "19": 0.05759162303664921, "20": 0.04583333333333333, "21": 0.08571428571428572, "22": 0.0797872340425532, "23": 0.08064516129032258, "24": 0.0625, "25": 0.06315789473684211, "26": 0.09090909090909091, "27": 0.3541666666666667, "28": 0.18229166666666666, "29": 0.17346938775510204, "30": 0.16666666666666666},
  "recall": 0.10976179355441383,
  "scene_recalls": {"1": 0.1116751269035533, "2": 0.2585034013605442, "3": 0.14410480349344978, "4": 0.1076923076923077, "5": 0.15163934426229508, "6": 0.04700854700854701, "7": 0.15463917525773196, "8": 0.08843537414965986, "9": 0.03832116788321168, "10": 0.10416666666666667, "11": 0.22842639593908629, "12": 0.15120274914089346, "13": 0.0664819944598338, "14": 0.04776119402985075, "15": 0.18339100346020762, "16": 0.14987080103359174, "17": 0.1441717791411043, "18": 0.08996539792387544, "19": 0.16470588235294117, "20": 0.030303030303030304},
  "targets_count": 6423,
  "tp_count": 705
}