{
  "gt_count": 6900,
  "mean_obj_recall": 0.011272791115830731,
  "mean_scene_recall": 0.007686362699240673,
  "obj_recalls": {"1": 0.0026917900403768506, "2": 0.009070294784580499, "3": 0.010416666666666666, "4": 0.003367003367003367, "5": 0.0, "6": 0.0, "7": 0.0, "8": 0.0, "9": 0.008130081300813009, "10": 0.0, "11": 0.0, "12": 0.007194244604316547, "13": 0.0, "14": 0.0136986301369863, "15": 0.02054794520547945, "16": 0.026595744680851064, "17": 0.22602739726027396, "18": 0.0, "19": 0.005235602094240838, "20": 0.0, "21": 0.0, "22": 0.0, "23": 0.0, "24": 0.005208333333333333, "25": 0.0, "26": 0.0, "27": 0.0, "28": 0.0, "29": 0.0, "30": 0.0},
  "recall": 0.009341429238673517,
  "scene_recalls": {"1": 0.0, "2": 0.0, "3": 0.004366812227074236, "4": 0.0, "5": 0.0, "6": 0.0, "7": 0.04381443298969072, "8": 0.003401360544217687, "9": 0.010948905109489052, "10": 0.003472222222222222, "11": 0.01015228426395939, "12": 0.003436426116838488, "13": 0.0, "14": 0.0, "15": 0.0, "16": 0.05167958656330749, "17": 0.003067484662576687, "18": 0.0, "19": 0.01411764705882353, "20": 0.005270092226613966},
  "targets_count": 6423,
  "tp_count": 60
}