{
  "gt_count": 6900,
  "mean_obj_recall": 0.21646974529339008,
  "mean_scene_recall": 0.2072100425270717,
  "obj_recalls": {"1": 0.08344549125168237, "2": 0.09297052154195011, "3": 0.1328125, "4": 0.06734006734006734, "5": 0.3473684210526316, "6": 0.17346938775510204, "7": 0.464, "8": 0.11333333333333333, "9": 0.4349593495934959, "10": 0.25874125874125875, "11": 0.10285714285714286, "12": 0.2805755395683453, "13": 0.17142857142857143, "14": 0.13013698630136986, "15": 0.3013698630136986, "16": 0.12234042553191489, "17": 0.6506849315068494, "18": 0.2671232876712329, "19": 0.12041884816753927, "20": 0.10416666666666667, "21": 0.12571428571428572, "22": 0.1595744680851064, "23": 0.16532258064516128, "24": 0.14583333333333334, "25": 0.10526315789473684, "26": 0.12121212121212122, "27": 0.46875, "28": 0.2708333333333333, "29": 0.25510204081632654, "30": 0.2569444444444444},
  "recall": 0.18760703721002647,
  "scene_recalls": {"1": 0.17258883248730963, "2": 0.36054421768707484, "3": 0.27510917030567683, "4": 0.15384615384615385, "5": 0.27459016393442626, "6": 0.1623931623931624, "7": 0.20876288659793815, "8": 0.14965986394557823, "9": 0.08394160583941605, "10": 0.2152777777777778, "11": 0.350253807106599, "12": 0.27147766323024053, "13": 0.11080332409972299, "14": 0.11641791044776119, "15": 0.28027681660899656, "16": 0.24031007751937986, "17": 0.21779141104294478, "18": 0.17301038062283736, "19": 0.24941176470588236, "20": 0.077733860342556},
  "targets_count": 6423,
  "tp_count": 1205
}