{
  "gt_count": 6900,
  "mean_obj_recall": 0.1861166071343798,
  "mean_scene_recall": 0.17604724745574502,
  "obj_recalls": {"1": 0.06460296096904442, "2": 0.07482993197278912, "3": 0.09114583333333333, "4": 0.04377104377104377, "5": 0.30526315789473685, "6": 0.14285714285714285, "7": 0.416, "8": 0.06666666666666667, "9": 0.4105691056910569, "10": 0.2097902097902098, "11": 0.05714285714285714, "12": 0.2302158273381295, "13": 0.14285714285714285, "14": 0.11643835616438356, "15": 0.2808219178082192, "16": 0.06914893617021277, "17": 0.6232876712328768, "18": 0.23972602739726026, "19": 0.08900523560209424, "20": 0.0875, "21": 0.11428571428571428, "22": 0.1276595744680851, "23": 0.13306451612903225, "24": 0.109375, "25": 0.08421052631578947, "26": 0.12121212121212122, "27": 0.40625, "28": 0.24479166666666666, "29": 0.24489795918367346, "30": 0.2361111111111111},
  "recall": 0.15849291608282734,
  "scene_recalls": {"1": 0.16751269035532995, "2": 0.30612244897959184, "3": 0.23580786026200873, "4": 0.13846153846153847, "5": 0.24180327868852458, "6": 0.11538461538461539, "7": 0.18298969072164947, "8": 0.12244897959183673, "9": 0.06204379562043796, "10": 0.1701388888888889, "11": 0.29441624365482233, "12": 0.21993127147766323, "13": 0.09418282548476455, "14": 0.09253731343283582, "15": 0.2491349480968858, "16": 0.2144702842377261, "17": 0.1901840490797546, "18": 0.15570934256055363, "19": 0.20705882352941177, "20": 0.06060606060606061},
  "targets_count": 6423,
  "tp_count": 1018
}