{
  "gt_count": 6900,
  "mean_obj_recall": 0.014739145451457453,
  "mean_scene_recall": 0.01123931329642388,
  "obj_recalls": {"1": 0.008075370121130552, "2": 0.018140589569160998, "3": 0.013020833333333334, "4": 0.010101010101010102, "5": 0.0, "6": 0.0, "7": 0.0, "8": 0.006666666666666667, "9": 0.008130081300813009, "10": 0.0, "11": 0.0, "12": 0.007194244604316547, "13": 0.007142857142857143, "14": 0.02054794520547945, "15": 0.0273972602739726, "16": 0.0425531914893617, "17": 0.2465753424657534, "18": 0.0, "19": 0.005235602094240838, "20": 0.0, "21": 0.0, "22": 0.0, "23": 0.004032258064516129, "24": 0.005208333333333333, "25": 0.0, "26": 0.0, "27": 0.0, "28": 0.005208333333333333, "29": 0.0, "30": 0.006944444444444444},
  "recall": 0.013389381908765374,
  "scene_recalls": {"1": 0.005076142131979695, "2": 0.0, "3": 0.004366812227074236, "4": 0.005128205128205128, "5": 0.004098360655737705, "6": 0.0, "7": 0.05154639175257732, "8": 0.003401360544217687, "9": 0.010948905109489052, "10": 0.006944444444444444, "11": 0.01015228426395939, "12": 0.013745704467353952, "13": 0.002770083102493075, "14": 0.0, "15": 0.0, "16": 0.056847545219638244, "17": 0.006134969325153374, "18": 0.006920415224913495, "19": 0.023529411764705882, "20": 0.013175230566534914},
  "targets_count": 6423,
  "tp_count": 86
}