{
  "gt_count": 6900,
  "mean_obj_recall": 0.02152445903759974,
  "mean_scene_recall": 0.01838392292529004,
  "obj_recalls": {"1": 0.014804845222072678, "2": 0.031746031746031744, "3": 0.020833333333333332, "4": 0.021885521885521887, "5": 0.021052631578947368, "6": 0.0, "7": 0.004, "8": 0.013333333333333334, "9": 0.012195121951219513, "10": 0.0, "11": 0.005714285714285714, "12": 0.007194244604316547, "13": 0.02142857142857143, "14": 0.0273972602739726, "15": 0.03424657534246575, "16": 0.05319148936170213, "17": 0.2671232876712329, "18": 0.0, "19": 0.005235602094240838, "20": 0.0, "21": 0.0, "22": 0.005319148936170213, "23": 0.008064516129032258, "24": 0.03125, "25": 0.0, "26": 0.0, "27": 0.010416666666666666, "28": 0.005208333333333333, "29": 0.01020408163265306, "30": 0.013888888888888888},
  "recall": 0.02086252529970419,
  "scene_recalls": {"1": 0.005076142131979695, "2": 0.0, "3": 0.013100436681222707, "4": 0.015384615384615385, "5": 0.01639344262295082, "6": 0.0, "7": 0.05670103092783505, "8": 0.003401360544217687, "9": 0.012773722627737226, "10": 0.020833333333333332, "11": 0.02030456852791878, "12": 0.027491408934707903, "13": 0.00554016620498615, "14": 0.0029850746268656717, "15": 0.010380622837370242, "16": 0.06976744186046512, "17": 0.012269938650306749, "18": 0.01730103806228374, "19": 0.03294117647058824, "20": 0.025032938076416336},
  "targets_count": 6423,
  "tp_count": 134
}