{
  "gt_count": 6900,
  "mean_obj_recall": 0.24536874688030524,
  "mean_scene_recall": 0.23634139269090645,
  "obj_recalls": {"1": 0.10767160161507403, "2": 0.11791383219954649, "3": 0.15364583333333334, "4": 0.08417508417508418, "5": 0.37894736842105264, "6": 0.22448979591836735, "7": 0.516, "8": 0.12, "9": 0.491869918699187, "10": 0.2867132867132867, "11": 0.14285714285714285, "12": 0.33093525179856115, "13": 0.20714285714285716, "14": 0.14383561643835616, "15": 0.3287671232876712, "16": 0.13829787234042554, "17": 0.684931506849315, "18": 0.3082191780821918, "19": 0.13089005235602094, "20": 0.12083333333333333, "21": 0.16, "22": 0.18617021276595744, "23": 0.20967741935483872, "24": 0.15625, "25": 0.10526315789473684, "26": 0.1717171717171717, "27": 0.53125, "28": 0.2864583333333333, "29": 0.2653061224489796, "30": 0.2708333333333333},
  "recall": 0.21500856297680213,
  "scene_recalls": {"1": 0.19796954314720813, "2": 0.4013605442176871, "3": 0.29694323144104806, "4": 0.16923076923076924, "5": 0.3114754098360656, "6": 0.20512820512820512, "7": 0.23711340206185566, "8": 0.16326530612244897, "9": 0.10218978102189781, "10": 0.24305555555555555, "11": 0.39086294416243655, "12": 0.30927835051546393, "13": 0.1523545706371191, "14": 0.13134328358208955, "15": 0.314878892733564, "16": 0.26098191214470284, "17": 0.2607361963190184, "18": 0.20069204152249134, "19": 0.28705882352941176, "20": 0.09090909090909091},
  "targets_count": 6423,
  "tp_count": 1381
}