{
  "gt_count": 6900,
  "mean_obj_recall": 0.026400302736156643,
  "mean_scene_recall": 0.019046220181592514,
  "obj_recalls": {"1": 0.0, "2": 0.0, "3": 0.0026041666666666665, "4": 0.0, "5": 0.031578947368421054, "6": 0.0, "7": 0.016, "8": 0.006666666666666667, "9": 0.0040650406504065045, "10": 0.0, "11": 0.0, "12": 0.0, "13": 0.0, "14": 0.00684931506849315, "15": 0.06164383561643835, "16": 0.0, "17": 0.2465753424657534, "18": 0.02054794520547945, "19": 0.005235602094240838, "20": 0.004166666666666667, "21": 0.005714285714285714, "22": 0.015957446808510637, "23": 0.024193548387096774, "24": 0.010416666666666666, "25": 0.010526315789473684, "26": 0.0, "27": 0.11458333333333333, "28": 0.057291666666666664, "29": 0.09183673469387756, "30": 0.05555555555555555},
  "recall": 0.018060096528102133,
  "scene_recalls": {"1": 0.04568527918781726, "2": 0.006802721088435374, "3": 0.008733624454148471, "4": 0.02564102564102564, "5": 0.028688524590163935, "6": 0.0, "7": 0.041237113402061855, "8": 0.013605442176870748, "9": 0.0, "10": 0.024305555555555556, "11": 0.015228426395939087, "12": 0.006872852233676976, "13": 0.0110803324099723, "14": 0.008955223880597015, "15": 0.04844290657439446, "16": 0.031007751937984496, "17": 0.009202453987730062, "18": 0.0, "19": 0.05411764705882353, "20": 0.0013175230566534915},
  "targets_count": 6423,
  "tp_count": 116
}