{
  "gt_count": 6900,
  "mean_obj_recall": 0.08596105683292644,
  "mean_scene_recall": 0.07403162409793798,
  "obj_recalls": {"1": 0.014804845222072678, "2": 0.009070294784580499, "3": 0.020833333333333332, "4": 0.006734006734006734, "5": 0.14210526315789473, "6": 0.05102040816326531, "7": 0.136, "8": 0.02666666666666667, "9": 0.14634146341463414, "10": 0.04195804195804196, "11": 0.005714285714285714, "12": 0.02877697841726619, "13": 0.02857142857142857, "14": 0.0547945205479452, "15": 0.1506849315068493, "16": 0.010638297872340425, "17": 0.5136986301369864, "18": 0.13013698630136986, "19": 0.031413612565445025, "20": 0.029166666666666667, "21": 0.03428571428571429, "22": 0.05319148936170213, "23": 0.04838709677419355, "24": 0.041666666666666664, "25": 0.05263157894736842, "26": 0.050505050505050504, "27": 0.2604166666666667, "28": 0.14583333333333334, "29": 0.15306122448979592, "30": 0.1597222222222222},
  "recall": 0.06601276661995951,
  "scene_recalls": {"1": 0.09644670050761421, "2": 0.12244897959183673, "3": 0.07860262008733625, "4": 0.07179487179487179, "5": 0.09016393442622951, "6": 0.021367521367521368, "7": 0.10051546391752578, "8": 0.061224489795918366, "9": 0.012773722627737226, "10": 0.059027777777777776, "11": 0.13705583756345177, "12": 0.06529209621993128, "13": 0.04986149584487535, "14": 0.020895522388059702, "15": 0.14186851211072665, "16": 0.09819121447028424, "17": 0.07668711656441718, "18": 0.03806228373702422, "19": 0.13176470588235295, "20": 0.006587615283267457},
  "targets_count": 6423,
  "tp_count": 424
}