{
  "gt_count": 6900,
  "mean_obj_recall": 0.22781321356834688,
  "mean_scene_recall": 0.21952457903566777,
  "obj_recalls": {"1": 0.09421265141318977, "2": 0.11337868480725624, "3": 0.1484375, "4": 0.0723905723905724, "5": 0.35789473684210527, "6": 0.20408163265306123, "7": 0.484, "8": 0.12, "9": 0.45528455284552843, "10": 0.2727272727272727, "11": 0.12, "12": 0.2949640287769784, "13": 0.17857142857142858, "14": 0.136986301369863, "15": 0.3082191780821918, "16": 0.12234042553191489, "17": 0.6712328767123288, "18": 0.2808219178082192, "19": 0.12041884816753927, "20": 0.1125, "21": 0.13714285714285715, "22": 0.1702127659574468, "23": 0.1814516129032258, "24": 0.15104166666666666, "25": 0.10526315789473684, "26": 0.1414141414141414, "27": 0.4791666666666667, "28": 0.28125, "29": 0.25510204081632654, "30": 0.2638888888888889},
  "recall": 0.19912813327105713,
  "scene_recalls": {"1": 0.18781725888324874, "2": 0.38095238095238093, "3": 0.2925764192139738, "4": 0.15897435897435896, "5": 0.28688524590163933, "6": 0.18376068376068377, "7": 0.22164948453608246, "8": 0.15306122448979592, "9": 0.09306569343065693, "10": 0.22569444444444445, "11": 0.36548223350253806, "12": 0.29553264604810997, "13": 0.12742382271468145, "14": 0.12238805970149254, "15": 0.2906574394463668, "16": 0.24031007751937986, "17": 0.2361963190184049, "18": 0.17993079584775087, "19": 0.2611764705882353, "20": 0.08695652173913043},
  "targets_count": 6423,
  "tp_count": 1279
}