{
  "gt_count": 6900,
  "mean_obj_recall": 0.20316163940560264,
  "mean_scene_recall": 0.19419408981948594,
  "obj_recalls": {"1": 0.0740242261103634, "2": 0.08616780045351474, "3": 0.12239583333333333, "4": 0.058922558922558925, "5": 0.34210526315789475, "6": 0.16326530612244897, "7": 0.448, "8": 0.09333333333333334, "9": 0.43089430894308944, "10": 0.22377622377622378, "11": 0.08, "12": 0.26618705035971224, "13": 0.17142857142857143, "14": 0.11643835616438356, "15": 0.3013698630136986, "16": 0.09574468085106383, "17": 0.6232876712328768, "18": 0.23972602739726026, "19": 0.11518324607329843, "20": 0.0875, "21": 0.12571428571428572, "22": 0.14893617021276595, "23": 0.14516129032258066, "24": 0.125, "25": 0.09473684210526316, "26": 0.12121212121212122, "27": 0.4479166666666667, "28": 0.2552083333333333, "29": 0.25510204081632654, "30": 0.2361111111111111},
  "recall": 0.17515179822512844,
  "scene_recalls": {"1": 0.16751269035532995, "2": 0.3333333333333333, "3": 0.2576419213973799, "4": 0.15384615384615385, "5": 0.26229508196721313, "6": 0.14102564102564102, "7": 0.19845360824742267, "8": 0.1326530612244898, "9": 0.072992700729927, "10": 0.2013888888888889, "11": 0.3350253807106599, "12": 0.25773195876288657, "13": 0.10249307479224377, "14": 0.10149253731343283, "15": 0.2629757785467128, "16": 0.23255813953488372, "17": 0.2085889570552147, "18": 0.1695501730103806, "19": 0.2211764705882353, "20": 0.07114624505928854},
  "targets_count": 6423,
  "tp_count": 1125
}