{
  "gt_count": 6900,
  "mean_obj_recall": 0.01718856040363599,
  "mean_scene_recall": 0.013591752869057777,
  "obj_recalls": {"1": 0.009421265141318977, "2": 0.02947845804988662, "3": 0.015625, "4": 0.011784511784511785, "5": 0.005263157894736842, "6": 0.0, "7": 0.0, "8": 0.006666666666666667, "9": 0.008130081300813009, "10": 0.0, "11": 0.0, "12": 0.007194244604316547, "13": 0.014285714285714285, "14": 0.02054794520547945, "15": 0.03424657534246575, "16": 0.05319148936170213, "17": 0.2534246575342466, "18": 0.0, "19": 0.005235602094240838, "20": 0.0, "21": 0.0, "22": 0.005319148936170213, "23": 0.008064516129032258, "24": 0.015625, "25": 0.0, "26": 0.0, "27": 0.0, "28": 0.005208333333333333, "29": 0.0, "30": 0.006944444444444444},
  "recall": 0.01619181068036743,
  "scene_recalls": {"1": 0.005076142131979695, "2": 0.0, "3": 0.008733624454148471, "4": 0.005128205128205128, "5": 0.004098360655737705, "6": 0.0, "7": 0.05412371134020619, "8": 0.003401360544217687, "9": 0.010948905109489052, "10": 0.013888888888888888, "11": 0.01015228426395939, "12": 0.024054982817869417, "13": 0.00554016620498615, "14": 0.0, "15": 0.0, "16": 0.06459948320413436, "17": 0.006134969325153374, "18": 0.006920415224913495, "19": 0.03058823529411765, "20": 0.01844532279314888},
  "targets_count": 6423,
  "tp_count": 104
}