{
  "gt_count": 6900,
  "mean_obj_recall": 0.23788065150417217,
  "mean_scene_recall": 0.2286618068519657,
  "obj_recalls": {"1": 0.1009421265141319, "2": 0.11791383219954649, "3": 0.15104166666666666, "4": 0.07912457912457913, "5": 0.3684210526315789, "6": 0.21428571428571427, "7": 0.496, "8": 0.12, "9": 0.46747967479674796, "10": 0.27972027972027974, "11": 0.14285714285714285, "12": 0.31654676258992803, "13": 0.2, "14": 0.136986301369863, "15": 0.3150684931506849, "16": 0.13297872340425532, "17": 0.678082191780822, "18": 0.2945205479452055, "19": 0.1256544502617801, "20": 0.11666666666666667, "21": 0.15428571428571428, "22": 0.18085106382978725, "23": 0.1975806451612903, "24": 0.15625, "25": 0.10526315789473684, "26": 0.16161616161616163, "27": 0.5208333333333334, "28": 0.2864583333333333, "29": 0.25510204081632654, "30": 0.2638888888888889},
  "recall": 0.20800249104779697,
  "scene_recalls": {"1": 0.19289340101522842, "2": 0.3877551020408163, "3": 0.29694323144104806, "4": 0.1641025641025641, "5": 0.29508196721311475, "6": 0.20085470085470086, "7": 0.2268041237113402, "8": 0.1598639455782313, "9": 0.10036496350364964, "10": 0.23958333333333334, "11": 0.38071065989847713, "12": 0.29896907216494845, "13": 0.1440443213296399, "14": 0.1253731343283582, "15": 0.3044982698961938, "16": 0.2532299741602067, "17": 0.25153374233128833, "18": 0.18339100346020762, "19": 0.2776470588235294, "20": 0.08959156785243742},
  "targets_count": 6423,
  "tp_count": 1336
}