{
  "gt_count": 6900,
  "mean_obj_recall": 0.16297871143156115,
  "mean_scene_recall": 0.15289886224323596,
  "obj_recalls": {"1": 0.05383580080753701, "2": 0.06349206349206349, "3": 0.078125, "4": 0.03535353535353535, "5": 0.2789473684210526, "6": 0.11224489795918367, "7": 0.38, "8": 0.06, "9": 0.37398373983739835, "10": 0.13986013986013987, "11": 0.02857142857142857, "12": 0.17266187050359713, "13": 0.12142857142857143, "14": 0.10273972602739725, "15": 0.2465753424657534, "16": 0.047872340425531915, "17": 0.6095890410958904, "18": 0.2328767123287671, "19": 0.07853403141361257, "20": 0.058333333333333334, "21": 0.10285714285714286, "22": 0.10638297872340426, "23": 0.10887096774193548, "24": 0.078125, "25": 0.07368421052631578, "26": 0.1111111111111111, "27": 0.3854166666666667, "28": 0.19791666666666666, "29": 0.23469387755102042, "30": 0.2152777777777778},
  "recall": 0.13763039078312314,
  "scene_recalls": {"1": 0.13705583756345177, "2": 0.2857142857142857, "3": 0.1965065502183406, "4": 0.1282051282051282, "5": 0.19262295081967212, "6": 0.08974358974358974, "7": 0.15979381443298968, "8": 0.1054421768707483, "9": 0.05656934306569343, "10": 0.1423611111111111, "11": 0.25888324873096447, "12": 0.2027491408934708, "13": 0.07756232686980609, "14": 0.0626865671641791, "15": 0.22145328719723184, "16": 0.19121447028423771, "17": 0.17484662576687116, "18": 0.13494809688581316, "19": 0.18823529411764706, "20": 0.05138339920948617},
  "targets_count": 6423,
  "tp_count": 884
}