{
  "gt_count": 6900,
  "mean_obj_recall": 0.012923077902086744,
  "mean_scene_recall": 0.009020095429834209,
  "obj_recalls": {"1": 0.0026917900403768506, "2": 0.009070294784580499, "3": 0.013020833333333334, "4": 0.006734006734006734, "5": 0.0, "6": 0.0, "7": 0.0, "8": 0.0, "9": 0.008130081300813009, "10": 0.0, "11": 0.0, "12": 0.007194244604316547, "13": 0.007142857142857143, "14": 0.02054794520547945, "15": 0.0273972602739726, "16": 0.03723404255319149, "17": 0.2328767123287671, "18": 0.0, "19": 0.005235602094240838, "20": 0.0, "21": 0.0, "22": 0.0, "23": 0.0, "24": 0.005208333333333333, "25": 0.0, "26": 0.0, "27": 0.0, "28": 0.005208333333333333, "29": 0.0, "30": 0.0},
  "recall": 0.01089833411178577,
  "scene_recalls": {"1": 0.0, "2": 0.0, "3": 0.004366812227074236, "4": 0.0, "5": 0.004098360655737705, "6": 0.0, "7": 0.04896907216494845, "8": 0.003401360544217687, "9": 0.010948905109489052, "10": 0.003472222222222222, "11": 0.01015228426395939, "12": 0.003436426116838488, "13": 0.002770083102493075, "14": 0.0, "15": 0.0, "16": 0.056847545219638244, "17": 0.003067484662576687, "18": 0.0034602076124567475, "19": 0.018823529411764704, "20": 0.006587615283267457},
  "targets_count": 6423,
  "tp_count": 70
}