{
  "gt_count": 1517,
  "mean_obj_recall": 0.700045347350789,
  "mean_scene_recall": 0.7093425605536332,
  "obj_recalls": {"1": 0.8742857142857143, "5": 0.949748743718593, "6": 0.8011695906432749, "8": 0.82, "9": 0.6111111111111112, "10": 0.08333333333333333, "11": 0.5857142857142857, "12": 0.875},
  "recall": 0.7093425605536332,
  "scene_recalls": {"2": 0.7093425605536332},
  "targets_count": 1445,
  "tp_count": 1025
}