{
  "gt_count": 6900,
  "mean_obj_recall": 0.25012675821157926,
  "mean_scene_recall": 0.24519784522138915,
  "obj_recalls": {"1": 0.15074024226110364, "2": 0.2857142857142857, "3": 0.3255208333333333, "4": 0.23232323232323232, "5": 0.0, "6": 0.25510204081632654, "7": 0.292, "8": 0.5866666666666667, "9": 0.6504065040650406, "10": 0.5454545454545454, "11": 0.15428571428571428, "12": 0.2158273381294964, "13": 0.2, "14": 0.5136986301369864, "15": 0.1095890410958904, "16": 0.48404255319148937, "17": 0.7465753424657534, "18": 0.1095890410958904, "19": 0.13089005235602094, "20": 0.058333333333333334, "21": 0.08, "22": 0.12234042553191489, "23": 0.2903225806451613, "24": 0.17708333333333334, "25": 0.09473684210526316, "26": 0.31313131313131315, "27": 0.052083333333333336, "28": 0.109375, "29": 0.20408163265306123, "30": 0.013888888888888888},
  "recall": 0.24708080336291452,
  "scene_recalls": {"1": 0.08121827411167512, "2": 0.19727891156462585, "3": 0.24017467248908297, "4": 0.2358974358974359, "5": 0.28688524590163933, "6": 0.21367521367521367, "7": 0.36082474226804123, "8": 0.08843537414965986, "9": 0.23905109489051096, "10": 0.2881944444444444, "11": 0.5025380710659898, "12": 0.37800687285223367, "13": 0.08587257617728532, "14": 0.12238805970149254, "15": 0.1522491349480969, "16": 0.4263565891472868, "17": 0.29754601226993865, "18": 0.23529411764705882, "19": 0.2164705882352941, "20": 0.25559947299077734},
  "targets_count": 6423,
  "tp_count": 1587
}