{
  "gt_count": 6900,
  "mean_obj_recall": 0.02930450999029967,
  "mean_scene_recall": 0.025802438512733044,
  "obj_recalls": {"1": 0.006729475100942127, "2": 0.013605442176870748, "3": 0.0546875, "4": 0.016835016835016835, "5": 0.0, "6": 0.02040816326530612, "7": 0.008, "8": 0.08666666666666667, "9": 0.12601626016260162, "10": 0.027972027972027972, "11": 0.0, "12": 0.007194244604316547, "13": 0.0, "14": 0.0821917808219178, "15": 0.02054794520547945, "16": 0.05319148936170213, "17": 0.2534246575342466, "18": 0.00684931506849315, "19": 0.0, "20": 0.0, "21": 0.0, "22": 0.0, "23": 0.008064516129032258, "24": 0.010416666666666666, "25": 0.0, "26": 0.050505050505050504, "27": 0.0, "28": 0.015625, "29": 0.01020408163265306, "30": 0.0},
  "recall": 0.026623073330219522,
  "scene_recalls": {"1": 0.0, "2": 0.02040816326530612, "3": 0.03056768558951965, "4": 0.02564102564102564, "5": 0.012295081967213115, "6": 0.0, "7": 0.08762886597938144, "8": 0.0, "9": 0.03102189781021898, "10": 0.010416666666666666, "11": 0.07614213197969544, "12": 0.037800687285223365, "13": 0.002770083102493075, "14": 0.0, "15": 0.01384083044982699, "16": 0.06718346253229975, "17": 0.03987730061349693, "18": 0.02422145328719723, "19": 0.01647058823529412, "20": 0.019762845849802372},
  "targets_count": 6423,
  "tp_count": 171
}