{
  "gt_count": 6900,
  "mean_obj_recall": 0.22661980977706717,
  "mean_scene_recall": 0.2198030021159482,
  "obj_recalls": {"1": 0.12113055181695828, "2": 0.26077097505668934, "3": 0.2994791666666667, "4": 0.1936026936026936, "5": 0.0, "6": 0.22448979591836735, "7": 0.252, "8": 0.5466666666666666, "9": 0.6016260162601627, "10": 0.48951048951048953, "11": 0.14285714285714285, "12": 0.19424460431654678, "13": 0.17857142857142858, "14": 0.4589041095890411, "15": 0.1095890410958904, "16": 0.4574468085106383, "17": 0.7054794520547946, "18": 0.08904109589041095, "19": 0.12041884816753927, "20": 0.041666666666666664, "21": 0.08, "22": 0.09574468085106383, "23": 0.27419354838709675, "24": 0.15104166666666666, "25": 0.08421052631578947, "26": 0.29292929292929293, "27": 0.041666666666666664, "28": 0.09375, "29": 0.1836734693877551, "30": 0.013888888888888888},
  "recall": 0.22154756344387358,
  "scene_recalls": {"1": 0.06598984771573604, "2": 0.17687074829931973, "3": 0.21397379912663755, "4": 0.2, "5": 0.2540983606557377, "6": 0.18376068376068377, "7": 0.3324742268041237, "8": 0.08503401360544217, "9": 0.21715328467153286, "10": 0.23958333333333334, "11": 0.4619289340101523, "12": 0.3333333333333333, "13": 0.08033240997229917, "14": 0.11343283582089553, "15": 0.14186851211072665, "16": 0.40310077519379844, "17": 0.25766871165644173, "18": 0.22145328719723184, "19": 0.1952941176470588, "20": 0.21870882740447958},
  "targets_count": 6423,
  "tp_count": 1423
}