{
  "gt_count": 6900,
  "mean_obj_recall": 0.20081759028293897,
  "mean_scene_recall": 0.1928549257056162,
  "obj_recalls": {"1": 0.0955585464333782, "2": 0.19727891156462585, "3": 0.2630208333333333, "4": 0.16666666666666666, "5": 0.0, "6": 0.21428571428571427, "7": 0.208, "8": 0.4866666666666667, "9": 0.5650406504065041, "10": 0.44755244755244755, "11": 0.12, "12": 0.16546762589928057, "13": 0.1357142857142857, "14": 0.4041095890410959, "15": 0.0958904109589041, "16": 0.4148936170212766, "17": 0.6712328767123288, "18": 0.08904109589041095, "19": 0.09947643979057591, "20": 0.020833333333333332, "21": 0.07428571428571429, "22": 0.07446808510638298, "23": 0.23790322580645162, "24": 0.13020833333333334, "25": 0.07368421052631578, "26": 0.26262626262626265, "27": 0.041666666666666664, "28": 0.08854166666666667, "29": 0.17346938775510204, "30": 0.006944444444444444},
  "recall": 0.19290051377860812,
  "scene_recalls": {"1": 0.04060913705583756, "2": 0.16326530612244897, "3": 0.18340611353711792, "4": 0.1794871794871795, "5": 0.22950819672131148, "6": 0.1581196581196581, "7": 0.31443298969072164, "8": 0.07482993197278912, "9": 0.1897810218978102, "10": 0.20833333333333334, "11": 0.4467005076142132, "12": 0.27491408934707906, "13": 0.05817174515235457, "14": 0.0955223880597015, "15": 0.12802768166089964, "16": 0.35400516795865633, "17": 0.2331288343558282, "18": 0.17993079584775087, "19": 0.16705882352941176, "20": 0.17786561264822134},
  "targets_count": 6423,
  "tp_count": 1239
}