{
  "gt_count": 6900,
  "mean_obj_recall": 0.005571168374354977,
  "mean_scene_recall": 0.004535101895237458,
  "obj_recalls": {"1": 0.0, "2": 0.0, "3": 0.005208333333333333, "4": 0.0, "5": 0.0, "6": 0.0, "7": 0.0, "8": 0.02666666666666667, "9": 0.032520325203252036, "10": 0.0, "11": 0.0, "12": 0.0, "13": 0.0, "14": 0.00684931506849315, "15": 0.00684931506849315, "16": 0.0, "17": 0.08904109589041095, "18": 0.0, "19": 0.0, "20": 0.0, "21": 0.0, "22": 0.0, "23": 0.0, "24": 0.0, "25": 0.0, "26": 0.0, "27": 0.0, "28": 0.0, "29": 0.0, "30": 0.0},
  "recall": 0.004515024132025533,
  "scene_recalls": {"1": 0.0, "2": 0.0, "3": 0.0, "4": 0.0, "5": 0.0, "6": 0.0, "7": 0.023195876288659795, "8": 0.0, "9": 0.0036496350364963502, "10": 0.0, "11": 0.025380710659898477, "12": 0.010309278350515464, "13": 0.0, "14": 0.0, "15": 0.0, "16": 0.015503875968992248, "17": 0.009202453987730062, "18": 0.0034602076124567475, "19": 0.0, "20": 0.0},
  "targets_count": 6423,
  "tp_count": 29
}