{
  "gt_count": 6900,
  "mean_obj_recall": 0.27821340755164903,
  "mean_scene_recall": 0.2734846844523779,
  "obj_recalls": {"1": 0.17092866756393002, "2": 0.30839002267573695, "3": 0.3515625, "4": 0.25925925925925924, "5": 0.0, "6": 0.2857142857142857, "7": 0.324, "8": 0.66, "9": 0.6747967479674797, "10": 0.5944055944055944, "11": 0.2, "12": 0.2446043165467626, "13": 0.2571428571428571, "14": 0.5684931506849316, "15": 0.1232876712328767, "16": 0.5106382978723404, "17": 0.7671232876712328, "18": 0.1506849315068493, "19": 0.15706806282722513, "20": 0.08333333333333333, "21": 0.09714285714285714, "22": 0.1595744680851064, "23": 0.33064516129032256, "24": 0.19270833333333334, "25": 0.11578947368421053, "26": 0.3434343434343434, "27": 0.0625, "28": 0.125, "29": 0.21428571428571427, "30": 0.013888888888888888},
  "recall": 0.2741709481550677,
  "scene_recalls": {"1": 0.09644670050761421, "2": 0.23809523809523808, "3": 0.28820960698689957, "4": 0.27692307692307694, "5": 0.3360655737704918, "6": 0.23931623931623933, "7": 0.39690721649484534, "8": 0.11224489795918367, "9": 0.2737226277372263, "10": 0.3229166666666667, "11": 0.5279187817258884, "12": 0.40893470790378006, "13": 0.11080332409972299, "14": 0.14626865671641792, "15": 0.16608996539792387, "16": 0.45219638242894056, "17": 0.3159509202453988, "18": 0.2422145328719723, "19": 0.24705882352941178, "20": 0.27140974967061926},
  "targets_count": 6423,
  "tp_count": 1761
}