{
  "gt_count": 6900,
  "mean_obj_recall": 0.10295017369485884,
  "mean_scene_recall": 0.0946783456005124,
  "obj_recalls": {"1": 0.04172274562584118, "2": 0.08390022675736962, "3": 0.16145833333333334, "4": 0.058922558922558925, "5": 0.0, "6": 0.1326530612244898, "7": 0.06, "8": 0.2733333333333333, "9": 0.34146341463414637, "10": 0.1958041958041958, "11": 0.011428571428571429, "12": 0.02877697841726619, "13": 0.07857142857142857, "14": 0.2328767123287671, "15": 0.06164383561643835, "16": 0.19680851063829788, "17": 0.5136986301369864, "18": 0.04794520547945205, "19": 0.04712041884816754, "20": 0.004166666666666667, "21": 0.017142857142857144, "22": 0.015957446808510637, "23": 0.08870967741935484, "24": 0.057291666666666664, "25": 0.031578947368421054, "26": 0.1414141414141414, "27": 0.0, "28": 0.041666666666666664, "29": 0.12244897959183673, "30": 0.0},
  "recall": 0.09512688774715865,
  "scene_recalls": {"1": 0.025380710659898477, "2": 0.08163265306122448, "3": 0.09170305676855896, "4": 0.08205128205128205, "5": 0.0778688524590164, "6": 0.038461538461538464, "7": 0.19845360824742267, "8": 0.027210884353741496, "9": 0.08941605839416059, "10": 0.09375, "11": 0.26903553299492383, "12": 0.13402061855670103, "13": 0.0110803324099723, "14": 0.03283582089552239, "15": 0.0657439446366782, "16": 0.21705426356589147, "17": 0.11042944785276074, "18": 0.08650519031141868, "19": 0.07529411764705882, "20": 0.08563899868247694},
  "targets_count": 6423,
  "tp_count": 611
}