{
  "gt_count": 6900,
  "mean_obj_recall": 0.16986497431445363,
  "mean_scene_recall": 0.16230965304052866,
  "obj_recalls": {"1": 0.08344549125168237, "2": 0.15873015873015872, "3": 0.23177083333333334, "4": 0.13468013468013468, "5": 0.0, "6": 0.21428571428571427, "7": 0.16, "8": 0.44666666666666666, "9": 0.508130081300813, "10": 0.3706293706293706, "11": 0.08, "12": 0.1079136690647482, "13": 0.11428571428571428, "14": 0.3356164383561644, "15": 0.08904109589041095, "16": 0.3351063829787234, "17": 0.6095890410958904, "18": 0.07534246575342465, "19": 0.07329842931937172, "20": 0.016666666666666666, "21": 0.04, "22": 0.05319148936170213, "23": 0.18548387096774194, "24": 0.10416666666666667, "25": 0.06315789473684211, "26": 0.23232323232323232, "27": 0.020833333333333332, "28": 0.078125, "29": 0.17346938775510204, "30": 0.0},
  "recall": 0.16207379729098553,
  "scene_recalls": {"1": 0.025380710659898477, "2": 0.14965986394557823, "3": 0.1615720524017467, "4": 0.15897435897435896, "5": 0.19262295081967212, "6": 0.11538461538461539, "7": 0.27319587628865977, "8": 0.047619047619047616, "9": 0.16058394160583941, "10": 0.17708333333333334, "11": 0.39593908629441626, "12": 0.23711340206185566, "13": 0.036011080332409975, "14": 0.07164179104477612, "15": 0.11418685121107267, "16": 0.31007751937984496, "17": 0.1901840490797546, "18": 0.14878892733564014, "19": 0.12470588235294118, "20": 0.155467720685112},
  "targets_count": 6423,
  "tp_count": 1041
}