{
  "gt_count": 6900,
  "mean_obj_recall": 0.06351249827238988,
  "mean_scene_recall": 0.05835876655899239,
  "obj_recalls": {"1": 0.021534320323014805, "2": 0.05215419501133787, "3": 0.10677083333333333, "4": 0.037037037037037035, "5": 0.0, "6": 0.061224489795918366, "7": 0.04, "8": 0.2, "9": 0.21951219512195122, "10": 0.1048951048951049, "11": 0.0, "12": 0.014388489208633094, "13": 0.02857142857142857, "14": 0.15753424657534246, "15": 0.03424657534246575, "16": 0.10106382978723404, "17": 0.4246575342465753, "18": 0.0136986301369863, "19": 0.02617801047120419, "20": 0.004166666666666667, "21": 0.0, "22": 0.005319148936170213, "23": 0.03225806451612903, "24": 0.036458333333333336, "25": 0.010526315789473684, "26": 0.09090909090909091, "27": 0.0, "28": 0.03125, "29": 0.05102040816326531, "30": 0.0},
  "recall": 0.05869531371633193,
  "scene_recalls": {"1": 0.015228426395939087, "2": 0.05442176870748299, "3": 0.0611353711790393, "4": 0.05128205128205128, "5": 0.036885245901639344, "6": 0.017094017094017096, "7": 0.14175257731958762, "8": 0.01020408163265306, "9": 0.06204379562043796, "10": 0.052083333333333336, "11": 0.18274111675126903, "12": 0.07560137457044673, "13": 0.008310249307479225, "14": 0.005970149253731343, "15": 0.031141868512110725, "16": 0.13178294573643412, "17": 0.08282208588957055, "18": 0.05190311418685121, "19": 0.04470588235294118, "20": 0.05006587615283267},
  "targets_count": 6423,
  "tp_count": 377
}