{
  "gt_count": 6900,
  "mean_obj_recall": 0.1353410541558171,
  "mean_scene_recall": 0.1271438345685543,
  "obj_recalls": {"1": 0.05787348586810229, "2": 0.12244897959183673, "3": 0.1953125, "4": 0.08754208754208755, "5": 0.0, "6": 0.17346938775510204, "7": 0.108, "8": 0.38, "9": 0.4268292682926829, "10": 0.2517482517482518, "11": 0.05142857142857143, "12": 0.08633093525179857, "13": 0.1, "14": 0.2876712328767123, "15": 0.07534246575342465, "16": 0.2925531914893617, "17": 0.5547945205479452, "18": 0.0684931506849315, "19": 0.05235602094240838, "20": 0.0125, "21": 0.022857142857142857, "22": 0.031914893617021274, "23": 0.14919354838709678, "24": 0.07291666666666667, "25": 0.031578947368421054, "26": 0.15151515151515152, "27": 0.010416666666666666, "28": 0.052083333333333336, "29": 0.15306122448979592, "30": 0.0},
  "recall": 0.1273548186205823,
  "scene_recalls": {"1": 0.025380710659898477, "2": 0.10884353741496598, "3": 0.13100436681222707, "4": 0.1076923076923077, "5": 0.11475409836065574, "6": 0.08547008547008547, "7": 0.24742268041237114, "8": 0.034013605442176874, "9": 0.12773722627737227, "10": 0.1284722222222222, "11": 0.3401015228426396, "12": 0.19931271477663232, "13": 0.030470914127423823, "14": 0.05373134328358209, "15": 0.07958477508650519, "16": 0.26356589147286824, "17": 0.147239263803681, "18": 0.10726643598615918, "19": 0.0988235294117647, "20": 0.11198945981554677},
  "targets_count": 6423,
  "tp_count": 818
}