{
  "gt_count": 6900,
  "mean_obj_recall": 0.6240732074617793,
  "mean_scene_recall": 0.6042765035093245,
  "obj_recalls": {"1": 0.38088829071332436, "2": 0.4376417233560091, "3": 0.4505208333333333, "4": 0.2828282828282828, "5": 0.7947368421052632, "6": 0.7551020408163265, "7": 0.78, "8": 0.6466666666666666, "9": 0.8902439024390244, "10": 0.7342657342657343, "11": 0.56, "12": 0.7338129496402878, "13": 0.6428571428571429, "14": 0.541095890410959, "15": 0.773972602739726, "16": 0.6276595744680851, "17": 0.9315068493150684, "18": 0.7328767123287672, "19": 0.5026178010471204, "20": 0.4875, "21": 0.52, "22": 0.5, "23": 0.6693548387096774, "24": 0.5, "25": 0.3263157894736842, "26": 0.5454545454545454, "27": 0.8020833333333334, "28": 0.7291666666666666, "29": 0.7346938775510204, "30": 0.7083333333333334},
  "recall": 0.5662463023509263,
  "scene_recalls": {"1": 0.5634517766497462, "2": 0.782312925170068, "3": 0.7554585152838428, "4": 0.5794871794871795, "5": 0.6680327868852459, "6": 0.6367521367521367, "7": 0.6726804123711341, "8": 0.5748299319727891, "9": 0.39963503649635035, "10": 0.6805555555555556, "11": 0.8223350253807107, "12": 0.6838487972508591, "13": 0.4986149584487535, "14": 0.4746268656716418, "15": 0.6816608996539792, "16": 0.689922480620155, "17": 0.549079754601227, "18": 0.44982698961937717, "19": 0.6141176470588235, "20": 0.308300395256917},
  "targets_count": 6423,
  "tp_count": 3637
}