{
  "gt_count": 6900,
  "mean_obj_recall": 0.07505138589188834,
  "mean_scene_recall": 0.06752746239515847,
  "obj_recalls": {"1": 0.04979811574697174, "2": 0.1111111111111111, "3": 0.11197916666666667, "4": 0.08080808080808081, "5": 0.06315789473684211, "6": 0.0, "7": 0.016, "8": 0.06666666666666667, "9": 0.1016260162601626, "10": 0.02097902097902098, "11": 0.02857142857142857, "12": 0.02158273381294964, "13": 0.05714285714285714, "14": 0.11643835616438356, "15": 0.0958904109589041, "16": 0.19680851063829788, "17": 0.5, "18": 0.04794520547945205, "19": 0.02617801047120419, "20": 0.004166666666666667, "21": 0.005714285714285714, "22": 0.005319148936170213, "23": 0.036290322580645164, "24": 0.07291666666666667, "25": 0.021052631578947368, "26": 0.030303030303030304, "27": 0.041666666666666664, "28": 0.08333333333333333, "29": 0.07142857142857142, "30": 0.16666666666666666},
  "recall": 0.07504281488401059,
  "scene_recalls": {"1": 0.08121827411167512, "2": 0.013605442176870748, "3": 0.06986899563318777, "4": 0.06153846153846154, "5": 0.05737704918032787, "6": 0.008547008547008548, "7": 0.14690721649484537, "8": 0.013605442176870748, "9": 0.08211678832116788, "10": 0.059027777777777776, "11": 0.06091370558375635, "12": 0.09965635738831616, "13": 0.036011080332409975, "14": 0.014925373134328358, "15": 0.058823529411764705, "16": 0.15762273901808785, "17": 0.05828220858895705, "18": 0.04152249134948097, "19": 0.13411764705882354, "20": 0.09486166007905138},
  "targets_count": 6423,
  "tp_count": 482
}