{
  "gt_count": 6900,
  "mean_obj_recall": 0.4709818823059766,
  "mean_scene_recall": 0.4520858136080932,
  "obj_recalls": {"1": 0.2395693135935397, "2": 0.31746031746031744, "3": 0.3359375, "4": 0.15151515151515152, "5": 0.7473684210526316, "6": 0.41836734693877553, "7": 0.66, "8": 0.32, "9": 0.7967479674796748, "10": 0.5734265734265734, "11": 0.22857142857142856, "12": 0.5971223021582733, "13": 0.5142857142857142, "14": 0.4520547945205479, "15": 0.6986301369863014, "16": 0.5425531914893617, "17": 0.8767123287671232, "18": 0.6164383561643836, "19": 0.33507853403141363, "20": 0.25, "21": 0.30857142857142855, "22": 0.28191489361702127, "23": 0.4959677419354839, "24": 0.328125, "25": 0.18947368421052632, "26": 0.4444444444444444, "27": 0.625, "28": 0.609375, "29": 0.6122448979591837, "30": 0.5625},
  "recall": 0.41896310135450726,
  "scene_recalls": {"1": 0.4213197969543147, "2": 0.6530612244897959, "3": 0.537117903930131, "4": 0.4717948717948718, "5": 0.5204918032786885, "6": 0.3888888888888889, "7": 0.5644329896907216, "8": 0.3741496598639456, "9": 0.2572992700729927, "10": 0.4861111111111111, "11": 0.6903553299492385, "12": 0.563573883161512, "13": 0.32409972299168976, "14": 0.26865671641791045, "15": 0.5259515570934256, "16": 0.524547803617571, "17": 0.4110429447852761, "18": 0.3356401384083045, "19": 0.5176470588235295, "20": 0.20553359683794467},
  "targets_count": 6423,
  "tp_count": 2691
}