{
  "gt_count": 6900,
  "mean_obj_recall": 0.5332488518413815,
  "mean_scene_recall": 0.5133916079121601,
  "obj_recalls": {"1": 0.28667563930013457, "2": 0.3492063492063492, "3": 0.390625, "4": 0.20707070707070707, "5": 0.7684210526315789, "6": 0.6122448979591837, "7": 0.696, "8": 0.43333333333333335, "9": 0.8495934959349594, "10": 0.6853146853146853, "11": 0.4, "12": 0.6618705035971223, "13": 0.5785714285714286, "14": 0.4726027397260274, "15": 0.7397260273972602, "16": 0.5638297872340425, "17": 0.9041095890410958, "18": 0.636986301369863, "19": 0.4083769633507853, "20": 0.325, "21": 0.38857142857142857, "22": 0.3776595744680851, "23": 0.5564516129032258, "24": 0.390625, "25": 0.2, "26": 0.494949494949495, "27": 0.6875, "28": 0.640625, "29": 0.673469387755102, "30": 0.6180555555555556},
  "recall": 0.47687996263428306,
  "scene_recalls": {"1": 0.45685279187817257, "2": 0.7278911564625851, "3": 0.6157205240174672, "4": 0.5076923076923077, "5": 0.6065573770491803, "6": 0.5042735042735043, "7": 0.5979381443298969, "8": 0.46258503401360546, "9": 0.3102189781021898, "10": 0.5486111111111112, "11": 0.766497461928934, "12": 0.6116838487972509, "13": 0.3684210526315789, "14": 0.3582089552238806, "15": 0.5847750865051903, "16": 0.6046511627906976, "17": 0.4662576687116564, "18": 0.370242214532872, "19": 0.5576470588235294, "20": 0.24110671936758893},
  "targets_count": 6423,
  "tp_count": 3063
}