{
  "gt_count": 6900,
  "mean_obj_recall": 0.5837811689925464,
  "mean_scene_recall": 0.5639298499536309,
  "obj_recalls": {"1": 0.3472409152086137, "2": 0.4013605442176871, "3": 0.4140625, "4": 0.25252525252525254, "5": 0.7842105263157895, "6": 0.7142857142857143, "7": 0.732, "8": 0.5533333333333333, "9": 0.8658536585365854, "10": 0.7132867132867133, "11": 0.5142857142857142, "12": 0.7122302158273381, "13": 0.6214285714285714, "14": 0.5136986301369864, "15": 0.7602739726027398, "16": 0.5851063829787234, "17": 0.9178082191780822, "18": 0.7123287671232876, "19": 0.4607329842931937, "20": 0.42083333333333334, "21": 0.4742857142857143, "22": 0.44148936170212766, "23": 0.6290322580645161, "24": 0.46875, "25": 0.21052631578947367, "26": 0.5050505050505051, "27": 0.75, "28": 0.6666666666666666, "29": 0.7040816326530612, "30": 0.6666666666666666},
  "recall": 0.5277907519850538,
  "scene_recalls": {"1": 0.4873096446700508, "2": 0.7482993197278912, "3": 0.6986899563318777, "4": 0.5333333333333333, "5": 0.6434426229508197, "6": 0.594017094017094, "7": 0.6443298969072165, "8": 0.5306122448979592, "9": 0.36496350364963503, "10": 0.6319444444444444, "11": 0.817258883248731, "12": 0.6494845360824743, "13": 0.4404432132963989, "14": 0.42686567164179107, "15": 0.6193771626297578, "16": 0.6563307493540051, "17": 0.5153374233128835, "18": 0.4013840830449827, "19": 0.5905882352941176, "20": 0.2845849802371542},
  "targets_count": 6423,
  "tp_count": 3390
}