{
  "gt_count": 6900,
  "mean_obj_recall": 0.09452545356070154,
  "mean_scene_recall": 0.08677309519318621,
  "obj_recalls": {"1": 0.07133243606998654, "2": 0.1360544217687075, "3": 0.13020833333333334, "4": 0.09090909090909091, "5": 0.06842105263157895, "6": 0.030612244897959183, "7": 0.048, "8": 0.12666666666666668, "9": 0.12195121951219512, "10": 0.055944055944055944, "11": 0.05142857142857143, "12": 0.04316546762589928, "13": 0.07857142857142857, "14": 0.11643835616438356, "15": 0.11643835616438356, "16": 0.2074468085106383, "17": 0.5205479452054794, "18": 0.06164383561643835, "19": 0.04712041884816754, "20": 0.0125, "21": 0.005714285714285714, "22": 0.010638297872340425, "23": 0.04838709677419355, "24": 0.09895833333333333, "25": 0.031578947368421054, "26": 0.06060606060606061, "27": 0.052083333333333336, "28": 0.109375, "29": 0.08163265306122448, "30": 0.2013888888888889},
  "recall": 0.09403705433598007,
  "scene_recalls": {"1": 0.09137055837563451, "2": 0.02040816326530612, "3": 0.09170305676855896, "4": 0.11282051282051282, "5": 0.0942622950819672, "6": 0.038461538461538464, "7": 0.16237113402061856, "8": 0.02040816326530612, "9": 0.11313868613138686, "10": 0.07291666666666667, "11": 0.08121827411167512, "12": 0.11683848797250859, "13": 0.055401662049861494, "14": 0.01791044776119403, "15": 0.08650519031141868, "16": 0.1731266149870801, "17": 0.07668711656441718, "18": 0.04498269896193772, "19": 0.15294117647058825, "20": 0.11198945981554677},
  "targets_count": 6423,
  "tp_count": 604
}