{
  "gt_count": 6900,
  "mean_obj_recall": 0.5967675871211863,
  "mean_scene_recall": 0.5775082364699532,
  "obj_recalls": {"1": 0.3620457604306864, "2": 0.41496598639455784, "3": 0.4244791666666667, "4": 0.25757575757575757, "5": 0.7894736842105263, "6": 0.7244897959183674, "7": 0.752, "8": 0.5866666666666667, "9": 0.8739837398373984, "10": 0.7202797202797203, "11": 0.5257142857142857, "12": 0.7338129496402878, "13": 0.6214285714285714, "14": 0.5273972602739726, "15": 0.7602739726027398, "16": 0.601063829787234, "17": 0.9246575342465754, "18": 0.7123287671232876, "19": 0.4816753926701571, "20": 0.44583333333333336, "21": 0.49142857142857144, "22": 0.4521276595744681, "23": 0.6370967741935484, "24": 0.4791666666666667, "25": 0.24210526315789474, "26": 0.5151515151515151, "27": 0.75, "28": 0.6875, "29": 0.7346938775510204, "30": 0.6736111111111112},
  "recall": 0.540401681457263,
  "scene_recalls": {"1": 0.5177664974619289, "2": 0.7687074829931972, "3": 0.7161572052401747, "4": 0.5487179487179488, "5": 0.6516393442622951, "6": 0.6068376068376068, "7": 0.6494845360824743, "8": 0.54421768707483, "9": 0.3759124087591241, "10": 0.65625, "11": 0.817258883248731, "12": 0.6597938144329897, "13": 0.45706371191135736, "14": 0.4388059701492537, "15": 0.6401384083044983, "16": 0.6770025839793282, "17": 0.5306748466257669, "18": 0.4083044982698962, "19": 0.5929411764705882, "20": 0.2924901185770751},
  "targets_count": 6423,
  "tp_count": 3471
}