{
  "gt_count": 6900,
  "mean_obj_recall": 0.10288024089120931,
  "mean_scene_recall": 0.08482154602226834,
  "obj_recalls": {"1": 0.024226110363391656, "2": 0.036281179138321996, "3": 0.041666666666666664, "4": 0.003367003367003367, "5": 0.14736842105263157, "6": 0.02040816326530612, "7": 0.108, "8": 0.02, "9": 0.13008130081300814, "10": 0.027972027972027972, "11": 0.0, "12": 0.03597122302158273, "13": 0.014285714285714285, "14": 0.02054794520547945, "15": 0.2465753424657534, "16": 0.15425531914893617, "17": 0.6301369863013698, "18": 0.15753424657534246, "19": 0.031413612565445025, "20": 0.0375, "21": 0.03428571428571429, "22": 0.0425531914893617, "23": 0.06048387096774194, "24": 0.046875, "25": 0.10526315789473684, "26": 0.0707070707070707, "27": 0.23958333333333334, "28": 0.16666666666666666, "29": 0.24489795918367346, "30": 0.1875},
  "recall": 0.0800249104779698,
  "scene_recalls": {"1": 0.15736040609137056, "2": 0.09523809523809523, "3": 0.07860262008733625, "4": 0.09230769230769231, "5": 0.06967213114754098, "6": 0.008547008547008548, "7": 0.15979381443298968, "8": 0.05442176870748299, "9": 0.03102189781021898, "10": 0.0625, "11": 0.1065989847715736, "12": 0.06529209621993128, "13": 0.06371191135734072, "14": 0.029850746268656716, "15": 0.17993079584775087, "16": 0.11369509043927649, "17": 0.07975460122699386, "18": 0.03806228373702422, "19": 0.19294117647058823, "20": 0.017127799736495388},
  "targets_count": 6423,
  "tp_count": 514
}