{
  "gt_count": 6900,
  "mean_obj_recall": 0.03371845588146491,
  "mean_scene_recall": 0.02625121207485715,
  "obj_recalls": {"1": 0.010767160161507403, "2": 0.045351473922902494, "3": 0.044270833333333336, "4": 0.021885521885521887, "5": 0.005263157894736842, "6": 0.0, "7": 0.0, "8": 0.013333333333333334, "9": 0.02032520325203252, "10": 0.0, "11": 0.0, "12": 0.0, "13": 0.02857142857142857, "14": 0.0547945205479452, "15": 0.0547945205479452, "16": 0.1276595744680851, "17": 0.4246575342465753, "18": 0.0136986301369863, "19": 0.0, "20": 0.0, "21": 0.0, "22": 0.0, "23": 0.004032258064516129, "24": 0.041666666666666664, "25": 0.0, "26": 0.0, "27": 0.0, "28": 0.020833333333333332, "29": 0.01020408163265306, "30": 0.06944444444444445},
  "recall": 0.030826716487622606,
  "scene_recalls": {"1": 0.03553299492385787, "2": 0.0, "3": 0.004366812227074236, "4": 0.020512820512820513, "5": 0.012295081967213115, "6": 0.0, "7": 0.09278350515463918, "8": 0.0, "9": 0.040145985401459854, "10": 0.024305555555555556, "11": 0.02030456852791878, "12": 0.030927835051546393, "13": 0.00554016620498615, "14": 0.005970149253731343, "15": 0.0034602076124567475, "16": 0.1111111111111111, "17": 0.009202453987730062, "18": 0.006920415224913495, "19": 0.07529411764705882, "20": 0.026350461133069828},
  "targets_count": 6423,
  "tp_count": 198
}