{
  "gt_count": 6900,
  "mean_obj_recall": 0.6152619202476786,
  "mean_scene_recall": 0.5959473850098591,
  "obj_recalls": {"1": 0.3755047106325707, "2": 0.4308390022675737, "3": 0.4453125, "4": 0.27946127946127947, "5": 0.7894736842105263, "6": 0.7346938775510204, "7": 0.772, "8": 0.64, "9": 0.8902439024390244, "10": 0.7342657342657343, "11": 0.5485714285714286, "12": 0.7338129496402878, "13": 0.6357142857142857, "14": 0.5273972602739726, "15": 0.7671232876712328, "16": 0.6276595744680851, "17": 0.9246575342465754, "18": 0.7191780821917808, "19": 0.4973821989528796, "20": 0.4708333333333333, "21": 0.5142857142857142, "22": 0.4734042553191489, "23": 0.6612903225806451, "24": 0.4947916666666667, "25": 0.29473684210526313, "26": 0.5252525252525253, "27": 0.7916666666666666, "28": 0.7291666666666666, "29": 0.7346938775510204, "30": 0.6944444444444444},
  "recall": 0.5587731589599876,
  "scene_recalls": {"1": 0.5380710659898477, "2": 0.7687074829931972, "3": 0.74235807860262, "4": 0.5743589743589743, "5": 0.6680327868852459, "6": 0.6239316239316239, "7": 0.6675257731958762, "8": 0.5544217687074829, "9": 0.395985401459854, "10": 0.6701388888888888, "11": 0.8223350253807107, "12": 0.6769759450171822, "13": 0.4986149584487535, "14": 0.4597014925373134, "15": 0.671280276816609, "16": 0.6847545219638242, "17": 0.5429447852760736, "18": 0.4463667820069204, "19": 0.6094117647058823, "20": 0.30303030303030304},
  "targets_count": 6423,
  "tp_count": 3589
}