{
  "gt_count": 6900,
  "mean_obj_recall": 0.05832267675673771,
  "mean_scene_recall": 0.05167954544368468,
  "obj_recalls": {"1": 0.03633916554508748, "2": 0.09523809523809523, "3": 0.08333333333333333, "4": 0.06565656565656566, "5": 0.042105263157894736, "6": 0.0, "7": 0.004, "8": 0.03333333333333333, "9": 0.07723577235772358, "10": 0.013986013986013986, "11": 0.0, "12": 0.007194244604316547, "13": 0.04285714285714286, "14": 0.08904109589041095, "15": 0.0958904109589041, "16": 0.19148936170212766, "17": 0.4863013698630137, "18": 0.0273972602739726, "19": 0.015706806282722512, "20": 0.0, "21": 0.0, "22": 0.0, "23": 0.024193548387096774, "24": 0.07291666666666667, "25": 0.0, "26": 0.0, "27": 0.010416666666666666, "28": 0.052083333333333336, "29": 0.05102040816326531, "30": 0.13194444444444445},
  "recall": 0.058851004203643156,
  "scene_recalls": {"1": 0.06598984771573604, "2": 0.0, "3": 0.034934497816593885, "4": 0.041025641025641026, "5": 0.045081967213114756, "6": 0.0, "7": 0.12886597938144329, "8": 0.006802721088435374, "9": 0.072992700729927, "10": 0.04861111111111111, "11": 0.05583756345177665, "12": 0.07560137457044673, "13": 0.024930747922437674, "14": 0.008955223880597015, "15": 0.02422145328719723, "16": 0.13953488372093023, "17": 0.03680981595092025, "18": 0.03460207612456748, "19": 0.11764705882352941, "20": 0.07114624505928854},
  "targets_count": 6423,
  "tp_count": 378
}