{
  "gt_count": 6900,
  "mean_obj_recall": 0.01795110121957511,
  "mean_scene_recall": 0.011873091874642335,
  "obj_recalls": {"1": 0.0026917900403768506, "2": 0.018140589569160998, "3": 0.015625, "4": 0.006734006734006734, "5": 0.005263157894736842, "6": 0.0, "7": 0.0, "8": 0.0, "9": 0.0040650406504065045, "10": 0.0, "11": 0.0, "12": 0.0, "13": 0.0, "14": 0.02054794520547945, "15": 0.0273972602739726, "16": 0.0797872340425532, "17": 0.3287671232876712, "18": 0.0, "19": 0.0, "20": 0.0, "21": 0.0, "22": 0.0, "23": 0.0, "24": 0.015625, "25": 0.0, "26": 0.0, "27": 0.0, "28": 0.0, "29": 0.0, "30": 0.013888888888888888},
  "recall": 0.015101977269188853,
  "scene_recalls": {"1": 0.005076142131979695, "2": 0.0, "3": 0.0, "4": 0.0, "5": 0.0, "6": 0.0, "7": 0.059278350515463915, "8": 0.0, "9": 0.016423357664233577, "10": 0.010416666666666666, "11": 0.01015228426395939, "12": 0.0, "13": 0.0, "14": 0.0, "15": 0.0, "16": 0.07751937984496124, "17": 0.003067484662576687, "18": 0.0, "19": 0.042352941176470586, "20": 0.013175230566534914},
  "targets_count": 6423,
  "tp_count": 97
}