{
  "gt_count": 6900,
  "mean_obj_recall": 0.15416117591576478,
  "mean_scene_recall": 0.1432369209010562,
  "obj_recalls": {"1": 0.10228802153432032, "2": 0.1836734693877551, "3": 0.18489583333333334, "4": 0.12962962962962962, "5": 0.11052631578947368, "6": 0.12244897959183673, "7": 0.092, "8": 0.26, "9": 0.18292682926829268, "10": 0.14685314685314685, "11": 0.12, "12": 0.1079136690647482, "13": 0.12142857142857143, "14": 0.15753424657534246, "15": 0.1643835616438356, "16": 0.2553191489361702, "17": 0.6027397260273972, "18": 0.1095890410958904, "19": 0.14659685863874344, "20": 0.04583333333333333, "21": 0.06285714285714286, "22": 0.05851063829787234, "23": 0.07661290322580645, "24": 0.15104166666666666, "25": 0.06315789473684211, "26": 0.12121212121212122, "27": 0.10416666666666667, "28": 0.171875, "29": 0.16326530612244897, "30": 0.3055555555555556},
  "recall": 0.14759458197104158,
  "scene_recalls": {"1": 0.1319796954314721, "2": 0.08843537414965986, "3": 0.16593886462882096, "4": 0.16923076923076924, "5": 0.14754098360655737, "6": 0.10256410256410256, "7": 0.211340206185567, "8": 0.06462585034013606, "9": 0.16058394160583941, "10": 0.13541666666666666, "11": 0.17258883248730963, "12": 0.16838487972508592, "13": 0.12465373961218837, "14": 0.056716417910447764, "15": 0.1695501730103806, "16": 0.24031007751937986, "17": 0.11042944785276074, "18": 0.09688581314878893, "19": 0.2, "20": 0.14756258234519104},
  "targets_count": 6423,
  "tp_count": 948
}