{
  "gt_count": 6900,
  "mean_obj_recall": 0.5631868415377282,
  "mean_scene_recall": 0.5450862070285509,
  "obj_recalls": {"1": 0.3283983849259758, "2": 0.3877551020408163, "3": 0.4036458333333333, "4": 0.24074074074074073, "5": 0.7842105263157895, "6": 0.673469387755102, "7": 0.708, "8": 0.5, "9": 0.8617886178861789, "10": 0.7132867132867133, "11": 0.46285714285714286, "12": 0.6906474820143885, "13": 0.6071428571428571, "14": 0.4863013698630137, "15": 0.7465753424657534, "16": 0.5638297872340425, "17": 0.9041095890410958, "18": 0.6712328767123288, "19": 0.4397905759162304, "20": 0.38333333333333336, "21": 0.44571428571428573, "22": 0.4148936170212766, "23": 0.6169354838709677, "24": 0.4375, "25": 0.2, "26": 0.5050505050505051, "27": 0.71875, "28": 0.65625, "29": 0.6836734693877551, "30": 0.6597222222222222},
  "recall": 0.508640822045773,
  "scene_recalls": {"1": 0.4720812182741117, "2": 0.7414965986394558, "3": 0.6637554585152838, "4": 0.5282051282051282, "5": 0.6352459016393442, "6": 0.5512820512820513, "7": 0.615979381443299, "8": 0.5068027210884354, "9": 0.35036496350364965, "10": 0.6076388888888888, "11": 0.8020304568527918, "12": 0.6357388316151202, "13": 0.42105263157894735, "14": 0.39104477611940297, "15": 0.6055363321799307, "16": 0.627906976744186, "17": 0.5061349693251533, "18": 0.3944636678200692, "19": 0.5788235294117647, "20": 0.26613965744400525},
  "targets_count": 6423,
  "tp_count": 3267
}