{
  "gt_count": 6900,
  "mean_obj_recall": 0.11781388752759495,
  "mean_scene_recall": 0.10839004131968182,
  "obj_recalls": {"1": 0.08209959623149395, "2": 0.15419501133786848, "3": 0.14322916666666666, "4": 0.10942760942760943, "5": 0.08947368421052632, "6": 0.030612244897959183, "7": 0.068, "8": 0.16, "9": 0.14634146341463414, "10": 0.08391608391608392, "11": 0.08571428571428572, "12": 0.08633093525179857, "13": 0.08571428571428572, "14": 0.13013698630136986, "15": 0.14383561643835616, "16": 0.23404255319148937, "17": 0.5616438356164384, "18": 0.08904109589041095, "19": 0.07329842931937172, "20": 0.020833333333333332, "21": 0.022857142857142857, "22": 0.02127659574468085, "23": 0.056451612903225805, "24": 0.125, "25": 0.031578947368421054, "26": 0.10101010101010101, "27": 0.08333333333333333, "28": 0.14583333333333334, "29": 0.11224489795918367, "30": 0.2569444444444444},
  "recall": 0.11489957963568426,
  "scene_recalls": {"1": 0.1065989847715736, "2": 0.027210884353741496, "3": 0.12663755458515283, "4": 0.14358974358974358, "5": 0.11885245901639344, "6": 0.06837606837606838, "7": 0.18298969072164947, "8": 0.04081632653061224, "9": 0.12408759124087591, "10": 0.09722222222222222, "11": 0.1065989847715736, "12": 0.13058419243986255, "13": 0.07756232686980609, "14": 0.023880597014925373, "15": 0.1245674740484429, "16": 0.19638242894056848, "17": 0.08895705521472393, "18": 0.06920415224913495, "19": 0.18588235294117647, "20": 0.12779973649538867},
  "targets_count": 6423,
  "tp_count": 738
}