{
  "gt_count": 6900,
  "mean_obj_recall": 0.13399318845801308,
  "mean_scene_recall": 0.1244466227283402,
  "obj_recalls": {"1": 0.09152086137281291, "2": 0.17006802721088435, "3": 0.15625, "4": 0.11952861952861953, "5": 0.1, "6": 0.08163265306122448, "7": 0.084, "8": 0.20666666666666667, "9": 0.17073170731707318, "10": 0.1048951048951049, "11": 0.10285714285714286, "12": 0.1079136690647482, "13": 0.10714285714285714, "14": 0.13013698630136986, "15": 0.14383561643835616, "16": 0.25, "17": 0.5616438356164384, "18": 0.10273972602739725, "19": 0.09947643979057591, "20": 0.03333333333333333, "21": 0.03428571428571429, "22": 0.047872340425531915, "23": 0.06451612903225806, "24": 0.13020833333333334, "25": 0.042105263157894736, "26": 0.12121212121212122, "27": 0.08333333333333333, "28": 0.16145833333333334, "29": 0.1326530612244898, "30": 0.2777777777777778},
  "recall": 0.12969017593025067,
  "scene_recalls": {"1": 0.1065989847715736, "2": 0.06802721088435375, "3": 0.1572052401746725, "4": 0.1641025641025641, "5": 0.13114754098360656, "6": 0.08547008547008547, "7": 0.1958762886597938, "8": 0.04421768707482993, "9": 0.14416058394160583, "10": 0.1111111111111111, "11": 0.1218274111675127, "12": 0.15120274914089346, "13": 0.0997229916897507, "14": 0.04477611940298507, "15": 0.1453287197231834, "16": 0.20930232558139536, "17": 0.10429447852760736, "18": 0.07958477508650519, "19": 0.19058823529411764, "20": 0.13438735177865613},
  "targets_count": 6423,
  "tp_count": 833
}