{
  "gt_count": 6900,
  "mean_obj_recall": 0.33808910015717614,
  "mean_scene_recall": 0.31688171605833304,
  "obj_recalls": {"1": 0.13458950201884254, "2": 0.2199546485260771, "3": 0.2109375, "4": 0.0707070707070707, "5": 0.5947368421052631, "6": 0.20408163265306123, "7": 0.492, "8": 0.16, "9": 0.6463414634146342, "10": 0.35664335664335667, "11": 0.06285714285714286, "12": 0.34532374100719426, "13": 0.2642857142857143, "14": 0.2876712328767123, "15": 0.6164383561643836, "16": 0.4574468085106383, "17": 0.8424657534246576, "18": 0.4178082191780822, "19": 0.2356020942408377, "20": 0.16666666666666666, "21": 0.16, "22": 0.19680851063829788, "23": 0.2782258064516129, "24": 0.203125, "25": 0.16842105263157894, "26": 0.36363636363636365, "27": 0.5, "28": 0.5104166666666666, "29": 0.5102040816326531, "30": 0.4652777777777778},
  "recall": 0.2928538066324148,
  "scene_recalls": {"1": 0.3248730964467005, "2": 0.46258503401360546, "3": 0.33624454148471616, "4": 0.37948717948717947, "5": 0.3360655737704918, "6": 0.1794871794871795, "7": 0.43041237113402064, "8": 0.2653061224489796, "9": 0.16605839416058393, "10": 0.3125, "11": 0.5025380710659898, "12": 0.3951890034364261, "13": 0.21329639889196675, "14": 0.14328358208955225, "15": 0.44982698961937717, "16": 0.39018087855297157, "17": 0.3128834355828221, "18": 0.2179930795847751, "19": 0.39294117647058824, "20": 0.12648221343873517},
  "targets_count": 6423,
  "tp_count": 1881
}