{
  "gt_count": 6900,
  "mean_obj_recall": 0.6081347647758724,
  "mean_scene_recall": 0.5885803924460844,
  "obj_recalls": {"1": 0.37012113055181695, "2": 0.42630385487528344, "3": 0.4375, "4": 0.27441077441077444, "5": 0.7894736842105263, "6": 0.7346938775510204, "7": 0.764, "8": 0.6133333333333333, "9": 0.8821138211382114, "10": 0.7272727272727273, "11": 0.5428571428571428, "12": 0.7338129496402878, "13": 0.6357142857142857, "14": 0.5273972602739726, "15": 0.7671232876712328, "16": 0.6170212765957447, "17": 0.9246575342465754, "18": 0.7123287671232876, "19": 0.49214659685863876, "20": 0.45, "21": 0.5142857142857142, "22": 0.46808510638297873, "23": 0.6491935483870968, "24": 0.484375, "25": 0.2736842105263158, "26": 0.5151515151515151, "27": 0.7916666666666666, "28": 0.703125, "29": 0.7346938775510204, "30": 0.6875},
  "recall": 0.5516113965436712,
  "scene_recalls": {"1": 0.5279187817258884, "2": 0.7687074829931972, "3": 0.7379912663755459, "4": 0.558974358974359, "5": 0.6639344262295082, "6": 0.6153846153846154, "7": 0.6597938144329897, "8": 0.5510204081632653, "9": 0.3905109489051095, "10": 0.6597222222222222, "11": 0.817258883248731, "12": 0.6701030927835051, "13": 0.481994459833795, "14": 0.4507462686567164, "15": 0.657439446366782, "16": 0.6821705426356589, "17": 0.5429447852760736, "18": 0.43252595155709345, "19": 0.6047058823529412, "20": 0.2977602108036891},
  "targets_count": 6423,
  "tp_count": 3543
}