{
  "gt_count": 6900,
  "mean_obj_recall": 0.045456079575749486,
  "mean_scene_recall": 0.03874064268084505,
  "obj_recalls": {"1": 0.026917900403768506, "2": 0.07709750566893424, "3": 0.052083333333333336, "4": 0.04040404040404041, "5": 0.02631578947368421, "6": 0.0, "7": 0.0, "8": 0.02666666666666667, "9": 0.04065040650406504, "10": 0.0, "11": 0.0, "12": 0.007194244604316547, "13": 0.03571428571428571, "14": 0.0684931506849315, "15": 0.0684931506849315, "16": 0.16489361702127658, "17": 0.4657534246575342, "18": 0.0136986301369863, "19": 0.0, "20": 0.0, "21": 0.0, "22": 0.0, "23": 0.012096774193548387, "24": 0.057291666666666664, "25": 0.0, "26": 0.0, "27": 0.0, "28": 0.03125, "29": 0.030612244897959183, "30": 0.11805555555555555},
  "recall": 0.04421609839638798,
  "scene_recalls": {"1": 0.06091370558375635, "2": 0.0, "3": 0.021834061135371178, "4": 0.03076923076923077, "5": 0.020491803278688523, "6": 0.0, "7": 0.1134020618556701, "8": 0.0, "9": 0.05291970802919708, "10": 0.034722222222222224, "11": 0.03553299492385787, "12": 0.054982817869415807, "13": 0.0110803324099723, "14": 0.005970149253731343, "15": 0.01730103806228374, "16": 0.12661498708010335, "17": 0.02147239263803681, "18": 0.02422145328719723, "19": 0.09647058823529411, "20": 0.0461133069828722},
  "targets_count": 6423,
  "tp_count": 284
}