{
  "gt_count": 6900,
  "mean_obj_recall": 0.3710810078564108,
  "mean_scene_recall": 0.36699589285683476,
  "obj_recalls": {"1": 0.2759084791386272, "2": 0.36281179138321995, "3": 0.3411458333333333, "4": 0.26936026936026936, "5": 0.5421052631578948, "6": 0.25510204081632654, "7": 0.524, "8": 0.44666666666666666, "9": 0.6869918699186992, "10": 0.43356643356643354, "11": 0.38857142857142857, "12": 0.4172661870503597, "13": 0.4928571428571429, "14": 0.4315068493150685, "15": 0.547945205479452, "16": 0.6648936170212766, "17": 0.7876712328767124, "18": 0.2945205479452055, "19": 0.18324607329842932, "20": 0.1125, "21": 0.24, "22": 0.11702127659574468, "23": 0.49193548387096775, "24": 0.3697916666666667, "25": 0.2631578947368421, "26": 0.09090909090909091, "27": 0.5520833333333334, "28": 0.20833333333333334, "29": 0.15306122448979592, "30": 0.1875},
  "recall": 0.3615133115366651,
  "scene_recalls": {"1": 0.2893401015228426, "2": 0.4421768707482993, "3": 0.5327510917030568, "4": 0.2717948717948718, "5": 0.4139344262295082, "6": 0.29914529914529914, "7": 0.3865979381443299, "8": 0.2925170068027211, "9": 0.32116788321167883, "10": 0.3333333333333333, "11": 0.5685279187817259, "12": 0.49828178694158076, "13": 0.19113573407202217, "14": 0.208955223880597, "15": 0.19377162629757785, "16": 0.5090439276485789, "17": 0.4049079754601227, "18": 0.356401384083045, "19": 0.49411764705882355, "20": 0.33201581027667987},
  "targets_count": 6423,
  "tp_count": 2322
}