{
  "gt_count": 6900,
  "mean_obj_recall": 0.3905757565201328,
  "mean_scene_recall": 0.3856914083900579,
  "obj_recalls": {"1": 0.288021534320323, "2": 0.3673469387755102, "3": 0.3671875, "4": 0.2828282828282828, "5": 0.5421052631578948, "6": 0.2755102040816326, "7": 0.548, "8": 0.47333333333333333, "9": 0.6991869918699187, "10": 0.4405594405594406, "11": 0.4114285714285714, "12": 0.4460431654676259, "13": 0.5, "14": 0.4315068493150685, "15": 0.547945205479452, "16": 0.6648936170212766, "17": 0.7876712328767124, "18": 0.3219178082191781, "19": 0.20418848167539266, "20": 0.1375, "21": 0.26857142857142857, "22": 0.13829787234042554, "23": 0.5120967741935484, "24": 0.3802083333333333, "25": 0.3368421052631579, "26": 0.15151515151515152, "27": 0.59375, "28": 0.22395833333333334, "29": 0.17346938775510204, "30": 0.2013888888888889},
  "recall": 0.37832788416627744,
  "scene_recalls": {"1": 0.3299492385786802, "2": 0.46258503401360546, "3": 0.5545851528384279, "4": 0.3076923076923077, "5": 0.430327868852459, "6": 0.32905982905982906, "7": 0.3917525773195876, "8": 0.3129251700680272, "9": 0.3375912408759124, "10": 0.3402777777777778, "11": 0.583756345177665, "12": 0.5154639175257731, "13": 0.2188365650969529, "14": 0.23880597014925373, "15": 0.2179930795847751, "16": 0.5142118863049095, "17": 0.4233128834355828, "18": 0.3633217993079585, "19": 0.4988235294117647, "20": 0.3425559947299078},
  "targets_count": 6423,
  "tp_count": 2430
}