{
  "gt_count": 6900,
  "mean_obj_recall": 0.3148505478712737,
  "mean_scene_recall": 0.309657838653272,
  "obj_recalls": {"1": 0.22611036339165544, "2": 0.31065759637188206, "3": 0.3098958333333333, "4": 0.2239057239057239, "5": 0.5052631578947369, "6": 0.19387755102040816, "7": 0.468, "8": 0.31333333333333335, "9": 0.6422764227642277, "10": 0.3706293706293706, "11": 0.24, "12": 0.3597122302158273, "13": 0.4642857142857143, "14": 0.3835616438356164, "15": 0.547945205479452, "16": 0.648936170212766, "17": 0.773972602739726, "18": 0.2328767123287671, "19": 0.14659685863874344, "20": 0.075, "21": 0.14857142857142858, "22": 0.05851063829787234, "23": 0.3911290322580645, "24": 0.3177083333333333, "25": 0.2, "26": 0.030303030303030304, "27": 0.4895833333333333, "28": 0.125, "29": 0.10204081632653061, "30": 0.14583333333333334},
  "recall": 0.30733302195235873,
  "scene_recalls": {"1": 0.24873096446700507, "2": 0.3945578231292517, "3": 0.4366812227074236, "4": 0.20512820512820512, "5": 0.35655737704918034, "6": 0.2264957264957265, "7": 0.3634020618556701, "8": 0.22108843537414966, "9": 0.28284671532846717, "10": 0.28125, "11": 0.49238578680203043, "12": 0.4329896907216495, "13": 0.11634349030470914, "14": 0.15522388059701492, "15": 0.1245674740484429, "16": 0.4444444444444444, "17": 0.3282208588957055, "18": 0.3217993079584775, "19": 0.47058823529411764, "20": 0.2898550724637681},
  "targets_count": 6423,
  "tp_count": 1974
}