{
  "gt_count": 6900,
  "mean_obj_recall": 0.11443528248006314,
  "mean_scene_recall": 0.09803973919620293,
  "obj_recalls": {"1": 0.063257065948856, "2": 0.09070294784580499, "3": 0.15885416666666666, "4": 0.050505050505050504, "5": 0.16842105263157894, "6": 0.01020408163265306, "7": 0.104, "8": 0.06, "9": 0.21544715447154472, "10": 0.027972027972027972, "11": 0.011428571428571429, "12": 0.05755395683453238, "13": 0.16428571428571428, "14": 0.13013698630136986, "15": 0.3972602739726027, "16": 0.5, "17": 0.6917808219178082, "18": 0.0, "19": 0.020942408376963352, "20": 0.020833333333333332, "21": 0.005714285714285714, "22": 0.010638297872340425, "23": 0.10483870967741936, "24": 0.08333333333333333, "25": 0.042105263157894736, "26": 0.0, "27": 0.21875, "28": 0.0, "29": 0.01020408163265306, "30": 0.013888888888888888},
  "recall": 0.10742643624474545,
  "scene_recalls": {"1": 0.030456852791878174, "2": 0.08163265306122448, "3": 0.07423580786026202, "4": 0.03076923076923077, "5": 0.10245901639344263, "6": 0.01282051282051282, "7": 0.21649484536082475, "8": 0.05102040816326531, "9": 0.09671532846715329, "10": 0.0625, "11": 0.13705583756345177, "12": 0.16838487972508592, "13": 0.019390581717451522, "14": 0.026865671641791045, "15": 0.02422145328719723, "16": 0.24289405684754523, "17": 0.09202453987730061, "18": 0.09688581314878893, "19": 0.2964705882352941, "20": 0.09749670619235837},
  "targets_count": 6423,
  "tp_count": 690
}