{
  "gt_count": 6900,
  "mean_obj_recall": 0.27392160268322147,
  "mean_scene_recall": 0.26518894638138657,
  "obj_recalls": {"1": 0.17631224764468373, "2": 0.2562358276643991, "3": 0.2864583333333333, "4": 0.18013468013468015, "5": 0.47368421052631576, "6": 0.15306122448979592, "7": 0.396, "8": 0.24666666666666667, "9": 0.5813008130081301, "10": 0.32867132867132864, "11": 0.14285714285714285, "12": 0.28776978417266186, "13": 0.45714285714285713, "14": 0.3493150684931507, "15": 0.5205479452054794, "16": 0.6329787234042553, "17": 0.7602739726027398, "18": 0.2054794520547945, "19": 0.10471204188481675, "20": 0.06666666666666667, "21": 0.10285714285714286, "22": 0.0425531914893617, "23": 0.31451612903225806, "24": 0.2864583333333333, "25": 0.14736842105263157, "26": 0.030303030303030304, "27": 0.4166666666666667, "28": 0.06770833333333333, "29": 0.09183673469387756, "30": 0.1111111111111111},
  "recall": 0.2643624474544605,
  "scene_recalls": {"1": 0.19796954314720813, "2": 0.35374149659863946, "3": 0.35807860262008734, "4": 0.17435897435897435, "5": 0.3114754098360656, "6": 0.14957264957264957, "7": 0.33505154639175255, "8": 0.18027210884353742, "9": 0.23357664233576642, "10": 0.22916666666666666, "11": 0.4365482233502538, "12": 0.3848797250859107, "13": 0.0886426592797784, "14": 0.1253731343283582, "15": 0.09342560553633218, "16": 0.42118863049095606, "17": 0.26380368098159507, "18": 0.28027681660899656, "19": 0.44, "20": 0.2463768115942029},
  "targets_count": 6423,
  "tp_count": 1698
}