{
  "gt_count": 6900,
  "mean_obj_recall": 0.34750343791420313,
  "mean_scene_recall": 0.34241519119413494,
  "obj_recalls": {"1": 0.2557200538358008, "2": 0.3378684807256236, "3": 0.328125, "4": 0.25757575757575757, "5": 0.5210526315789473, "6": 0.24489795918367346, "7": 0.5, "8": 0.37333333333333335, "9": 0.6788617886178862, "10": 0.4125874125874126, "11": 0.34285714285714286, "12": 0.38848920863309355, "13": 0.4785714285714286, "14": 0.4178082191780822, "15": 0.547945205479452, "16": 0.6542553191489362, "17": 0.7876712328767124, "18": 0.2534246575342466, "19": 0.16753926701570682, "20": 0.07916666666666666, "21": 0.2057142857142857, "22": 0.0851063829787234, "23": 0.4596774193548387, "24": 0.3541666666666667, "25": 0.24210526315789474, "26": 0.0707070707070707, "27": 0.53125, "28": 0.15625, "29": 0.1326530612244898, "30": 0.1597222222222222},
  "recall": 0.3389381908765374,
  "scene_recalls": {"1": 0.26903553299492383, "2": 0.41496598639455784, "3": 0.4847161572052402, "4": 0.2512820512820513, "5": 0.39344262295081966, "6": 0.27350427350427353, "7": 0.37628865979381443, "8": 0.25510204081632654, "9": 0.3029197080291971, "10": 0.3020833333333333, "11": 0.5279187817258884, "12": 0.47079037800687284, "13": 0.15512465373961218, "14": 0.191044776119403, "15": 0.16608996539792387, "16": 0.4780361757105943, "17": 0.3803680981595092, "18": 0.3460207612456747, "19": 0.4894117647058824, "20": 0.3201581027667984},
  "targets_count": 6423,
  "tp_count": 2177
}