{
  "gt_count": 6900,
  "mean_obj_recall": 0.40404504691749055,
  "mean_scene_recall": 0.39911773737270384,
  "obj_recalls": {"1": 0.3001345895020188, "2": 0.3922902494331066, "3": 0.3776041666666667, "4": 0.29292929292929293, "5": 0.5473684210526316, "6": 0.29591836734693877, "7": 0.556, "8": 0.5133333333333333, "9": 0.7032520325203252, "10": 0.46153846153846156, "11": 0.4228571428571429, "12": 0.45323741007194246, "13": 0.5071428571428571, "14": 0.4383561643835616, "15": 0.5547945205479452, "16": 0.6648936170212766, "17": 0.7876712328767124, "18": 0.3424657534246575, "19": 0.21465968586387435, "20": 0.14583333333333334, "21": 0.28, "22": 0.16489361702127658, "23": 0.5241935483870968, "24": 0.3854166666666667, "25": 0.35789473684210527, "26": 0.18181818181818182, "27": 0.6145833333333334, "28": 0.234375, "29": 0.1836734693877551, "30": 0.2222222222222222},
  "recall": 0.39109450412579794,
  "scene_recalls": {"1": 0.3553299492385787, "2": 0.46938775510204084, "3": 0.5807860262008734, "4": 0.3282051282051282, "5": 0.45491803278688525, "6": 0.33760683760683763, "7": 0.39948453608247425, "8": 0.3197278911564626, "9": 0.3448905109489051, "10": 0.3576388888888889, "11": 0.5939086294416244, "12": 0.5223367697594502, "13": 0.2299168975069252, "14": 0.2537313432835821, "15": 0.23529411764705882, "16": 0.5193798449612403, "17": 0.4325153374233129, "18": 0.38408304498269896, "19": 0.5035294117647059, "20": 0.35968379446640314},
  "targets_count": 6423,
  "tp_count": 2512
}