{
  "gt_count": 6900,
  "mean_obj_recall": 0.41843228078245964,
  "mean_scene_recall": 0.41278191825089855,
  "obj_recalls": {"1": 0.31090174966352624, "2": 0.3945578231292517, "3": 0.4036458333333333, "4": 0.29797979797979796, "5": 0.5526315789473685, "6": 0.29591836734693877, "7": 0.56, "8": 0.5466666666666666, "9": 0.7154471544715447, "10": 0.4965034965034965, "11": 0.4342857142857143, "12": 0.4676258992805755, "13": 0.5428571428571428, "14": 0.4452054794520548, "15": 0.5616438356164384, "16": 0.6648936170212766, "17": 0.7876712328767124, "18": 0.3561643835616438, "19": 0.24083769633507854, "20": 0.15833333333333333, "21": 0.3142857142857143, "22": 0.18085106382978725, "23": 0.5403225806451613, "24": 0.40625, "25": 0.37894736842105264, "26": 0.20202020202020202, "27": 0.6354166666666666, "28": 0.2552083333333333, "29": 0.1836734693877551, "30": 0.2222222222222222},
  "recall": 0.4043281955472521,
  "scene_recalls": {"1": 0.36548223350253806, "2": 0.47619047619047616, "3": 0.5982532751091703, "4": 0.35384615384615387, "5": 0.46311475409836067, "6": 0.33760683760683763, "7": 0.4252577319587629, "8": 0.3333333333333333, "9": 0.3594890510948905, "10": 0.375, "11": 0.6192893401015228, "12": 0.5360824742268041, "13": 0.24930747922437674, "14": 0.27761194029850744, "15": 0.23875432525951557, "16": 0.5322997416020672, "17": 0.4447852760736196, "18": 0.39100346020761245, "19": 0.5152941176470588, "20": 0.36363636363636365},
  "targets_count": 6423,
  "tp_count": 2597
}