{
  "gt_count": 6900,
  "mean_obj_recall": 0.20636636389335059,
  "mean_scene_recall": 0.1961791515235099,
  "obj_recalls": {"1": 0.12382234185733512, "2": 0.19047619047619047, "3": 0.2604166666666667, "4": 0.12457912457912458, "5": 0.3736842105263158, "6": 0.09183673469387756, "7": 0.268, "8": 0.12, "9": 0.4796747967479675, "10": 0.16083916083916083, "11": 0.05142857142857143, "12": 0.2014388489208633, "13": 0.4, "14": 0.2328767123287671, "15": 0.4863013698630137, "16": 0.6063829787234043, "17": 0.726027397260274, "18": 0.14383561643835616, "19": 0.06282722513089005, "20": 0.041666666666666664, "21": 0.045714285714285714, "22": 0.031914893617021274, "23": 0.21774193548387097, "24": 0.21875, "25": 0.09473684210526316, "26": 0.020202020202020204, "27": 0.2916666666666667, "28": 0.020833333333333332, "29": 0.04081632653061224, "30": 0.0625},
  "recall": 0.19975089522030204,
  "scene_recalls": {"1": 0.1218274111675127, "2": 0.25170068027210885, "3": 0.25327510917030566, "4": 0.11794871794871795, "5": 0.21311475409836064, "6": 0.07692307692307693, "7": 0.2912371134020619, "8": 0.1326530612244898, "9": 0.18065693430656934, "10": 0.1527777777777778, "11": 0.29949238578680204, "12": 0.32646048109965636, "13": 0.04986149584487535, "14": 0.08358208955223881, "15": 0.04498269896193772, "16": 0.34108527131782945, "17": 0.19325153374233128, "18": 0.2179930795847751, "19": 0.39294117647058824, "20": 0.18181818181818182},
  "targets_count": 6423,
  "tp_count": 1283
}