{
  "gt_count": 6900,
  "mean_obj_recall": 0.7218381469634827,
  "mean_scene_recall": 0.7153261714692243,
  "obj_recalls": {"1": 0.5975773889636609, "2": 0.7097505668934241, "3": 0.6640625, "4": 0.5925925925925926, "5": 0.7842105263157895, "6": 0.5918367346938775, "7": 0.864, "8": 0.9133333333333333, "9": 0.9227642276422764, "10": 0.8881118881118881, "11": 0.7828571428571428, "12": 0.8345323741007195, "13": 0.8071428571428572, "14": 0.8082191780821918, "15": 0.8424657534246576, "16": 0.824468085106383, "17": 0.9041095890410958, "18": 0.684931506849315, "19": 0.612565445026178, "20": 0.49583333333333335, "21": 0.6, "22": 0.6382978723404256, "23": 0.842741935483871, "24": 0.6927083333333334, "25": 0.6210526315789474, "26": 0.6262626262626263, "27": 0.8645833333333334, "28": 0.5833333333333334, "29": 0.5816326530612245, "30": 0.4791666666666667},
  "recall": 0.7032539311848046,
  "scene_recalls": {"1": 0.6802030456852792, "2": 0.7687074829931972, "3": 0.868995633187773, "4": 0.7435897435897436, "5": 0.7704918032786885, "6": 0.7222222222222222, "7": 0.7087628865979382, "8": 0.6598639455782312, "9": 0.6678832116788321, "10": 0.6944444444444444, "11": 0.8730964467005076, "12": 0.7697594501718213, "13": 0.5678670360110804, "14": 0.6656716417910448, "15": 0.5536332179930796, "16": 0.8165374677002584, "17": 0.7177914110429447, "18": 0.657439446366782, "19": 0.7552941176470588, "20": 0.6442687747035574},
  "targets_count": 6423,
  "tp_count": 4517
}