{
  "gt_count": 6900,
  "mean_obj_recall": 0.03093996639695284,
  "mean_scene_recall": 0.02771889488051773,
  "obj_recalls": {"1": 0.014804845222072678, "2": 0.034013605442176874, "3": 0.041666666666666664, "4": 0.02356902356902357, "5": 0.04736842105263158, "6": 0.0, "7": 0.032, "8": 0.006666666666666667, "9": 0.052845528455284556, "10": 0.04895104895104895, "11": 0.005714285714285714, "12": 0.014388489208633094, "13": 0.014285714285714285, "14": 0.02054794520547945, "15": 0.0684931506849315, "16": 0.10638297872340426, "17": 0.2191780821917808, "18": 0.0, "19": 0.005235602094240838, "20": 0.008333333333333333, "21": 0.011428571428571429, "22": 0.0, "23": 0.020161290322580645, "24": 0.03125, "25": 0.021052631578947368, "26": 0.0, "27": 0.07291666666666667, "28": 0.0, "29": 0.0, "30": 0.006944444444444444},
  "recall": 0.029581192589132804,
  "scene_recalls": {"1": 0.015228426395939087, "2": 0.027210884353741496, "3": 0.017467248908296942, "4": 0.015384615384615385, "5": 0.040983606557377046, "6": 0.008547008547008548, "7": 0.06701030927835051, "8": 0.034013605442176874, "9": 0.03467153284671533, "10": 0.013888888888888888, "11": 0.030456852791878174, "12": 0.058419243986254296, "13": 0.0, "14": 0.0029850746268656717, "15": 0.006920415224913495, "16": 0.05167958656330749, "17": 0.015337423312883436, "18": 0.02768166089965398, "19": 0.058823529411764705, "20": 0.02766798418972332},
  "targets_count": 6423,
  "tp_count": 190
}