{
  "gt_count": 6900,
  "mean_obj_recall": 0.010182467329758034,
  "mean_scene_recall": 0.007471411494127328,
  "obj_recalls": {"1": 0.006729475100942127, "2": 0.009070294784580499, "3": 0.0078125, "4": 0.0016835016835016834, "5": 0.010526315789473684, "6": 0.0, "7": 0.004, "8": 0.0, "9": 0.008130081300813009, "10": 0.006993006993006993, "11": 0.0, "12": 0.0, "13": 0.007142857142857143, "14": 0.0, "15": 0.02054794520547945, "16": 0.02127659574468085, "17": 0.11643835616438356, "18": 0.0, "19": 0.0, "20": 0.0, "21": 0.0, "22": 0.0, "23": 0.012096774193548387, "24": 0.0, "25": 0.010526315789473684, "26": 0.0, "27": 0.0625, "28": 0.0, "29": 0.0, "30": 0.0},
  "recall": 0.008407286314806165,
  "scene_recalls": {"1": 0.005076142131979695, "2": 0.0, "3": 0.0, "4": 0.010256410256410256, "5": 0.020491803278688523, "6": 0.0, "7": 0.03608247422680412, "8": 0.01020408163265306, "9": 0.010948905109489052, "10": 0.0, "11": 0.0, "12": 0.006872852233676976, "13": 0.0, "14": 0.0, "15": 0.0034602076124567475, "16": 0.01808785529715762, "17": 0.006134969325153374, "18": 0.0034602076124567475, "19": 0.011764705882352941, "20": 0.006587615283267457},
  "targets_count": 6423,
  "tp_count": 54
}