{
  "gt_count": 6900,
  "mean_obj_recall": 0.00550100912387948,
  "mean_scene_recall": 0.003948853880886692,
  "obj_recalls": {"1": 0.0026917900403768506, "2": 0.0045351473922902496, "3": 0.0078125, "4": 0.0016835016835016834, "5": 0.005263157894736842, "6": 0.0, "7": 0.004, "8": 0.0, "9": 0.0, "10": 0.0, "11": 0.0, "12": 0.0, "13": 0.007142857142857143, "14": 0.0, "15": 0.0136986301369863, "16": 0.02127659574468085, "17": 0.06164383561643835, "18": 0.0, "19": 0.0, "20": 0.0, "21": 0.0, "22": 0.0, "23": 0.004032258064516129, "24": 0.0, "25": 0.0, "26": 0.0, "27": 0.03125, "28": 0.0, "29": 0.0, "30": 0.0},
  "recall": 0.004670714619336758,
  "scene_recalls": {"1": 0.0, "2": 0.0, "3": 0.0, "4": 0.005128205128205128, "5": 0.012295081967213115, "6": 0.0, "7": 0.01804123711340206, "8": 0.003401360544217687, "9": 0.0072992700729927005, "10": 0.0, "11": 0.0, "12": 0.0, "13": 0.0, "14": 0.0, "15": 0.0, "16": 0.012919896640826873, "17": 0.003067484662576687, "18": 0.0034602076124567475, "19": 0.009411764705882352, "20": 0.003952569169960474},
  "targets_count": 6423,
  "tp_count": 30
}