{
  "gt_count": 6900,
  "mean_obj_recall": 0.013508462518454778,
  "mean_scene_recall": 0.010480205111317755,
  "obj_recalls": {"1": 0.009421265141318977, "2": 0.013605442176870748, "3": 0.015625, "4": 0.005050505050505051, "5": 0.015789473684210527, "6": 0.0, "7": 0.004, "8": 0.0, "9": 0.02032520325203252, "10": 0.006993006993006993, "11": 0.0, "12": 0.007194244604316547, "13": 0.007142857142857143, "14": 0.0, "15": 0.0410958904109589, "16": 0.02127659574468085, "17": 0.136986301369863, "18": 0.0, "19": 0.0, "20": 0.0, "21": 0.0, "22": 0.0, "23": 0.012096774193548387, "24": 0.005208333333333333, "25": 0.010526315789473684, "26": 0.0, "27": 0.07291666666666667, "28": 0.0, "29": 0.0, "30": 0.0},
  "recall": 0.011832477035653122,
  "scene_recalls": {"1": 0.005076142131979695, "2": 0.0, "3": 0.0, "4": 0.010256410256410256, "5": 0.02459016393442623, "6": 0.004273504273504274, "7": 0.041237113402061855, "8": 0.01020408163265306, "9": 0.020072992700729927, "10": 0.003472222222222222, "11": 0.005076142131979695, "12": 0.013745704467353952, "13": 0.0, "14": 0.0, "15": 0.006920415224913495, "16": 0.023255813953488372, "17": 0.012269938650306749, "18": 0.0034602076124567475, "19": 0.01647058823529412, "20": 0.00922266139657444},
  "targets_count": 6423,
  "tp_count": 76
}