{
  "gt_count": 6900,
  "mean_obj_recall": 0.0251967904364553,
  "mean_scene_recall": 0.021177400784874574,
  "obj_recalls": {"1": 0.013458950201884253, "2": 0.022675736961451247, "3": 0.033854166666666664, "4": 0.016835016835016835, "5": 0.02631578947368421, "6": 0.0, "7": 0.02, "8": 0.0, "9": 0.044715447154471545, "10": 0.03496503496503497, "11": 0.0, "12": 0.007194244604316547, "13": 0.014285714285714285, "14": 0.0136986301369863, "15": 0.0684931506849315, "16": 0.0851063829787234, "17": 0.2054794520547945, "18": 0.0, "19": 0.005235602094240838, "20": 0.0, "21": 0.005714285714285714, "22": 0.0, "23": 0.016129032258064516, "24": 0.020833333333333332, "25": 0.021052631578947368, "26": 0.0, "27": 0.07291666666666667, "28": 0.0, "29": 0.0, "30": 0.006944444444444444},
  "recall": 0.023353573096683792,
  "scene_recalls": {"1": 0.015228426395939087, "2": 0.006802721088435374, "3": 0.004366812227074236, "4": 0.015384615384615385, "5": 0.036885245901639344, "6": 0.004273504273504274, "7": 0.06443298969072164, "8": 0.02040816326530612, "9": 0.02737226277372263, "10": 0.013888888888888888, "11": 0.015228426395939087, "12": 0.044673539518900345, "13": 0.0, "14": 0.0, "15": 0.006920415224913495, "16": 0.046511627906976744, "17": 0.012269938650306749, "18": 0.020761245674740483, "19": 0.047058823529411764, "20": 0.021080368906455864},
  "targets_count": 6423,
  "tp_count": 150
}