{
  "gt_count": 6900,
  "mean_obj_recall": 0.04377342119350882,
  "mean_scene_recall": 0.04019073761003962,
  "obj_recalls": {"1": 0.020188425302826378, "2": 0.04308390022675737, "3": 0.057291666666666664, "4": 0.030303030303030304, "5": 0.06315789473684211, "6": 0.0, "7": 0.056, "8": 0.02666666666666667, "9": 0.08130081300813008, "10": 0.055944055944055944, "11": 0.011428571428571429, "12": 0.04316546762589928, "13": 0.014285714285714285, "14": 0.0410958904109589, "15": 0.08904109589041095, "16": 0.13297872340425532, "17": 0.2534246575342466, "18": 0.00684931506849315, "19": 0.015706806282722512, "20": 0.008333333333333333, "21": 0.022857142857142857, "22": 0.005319148936170213, "23": 0.04032258064516129, "24": 0.036458333333333336, "25": 0.031578947368421054, "26": 0.010101010101010102, "27": 0.10416666666666667, "28": 0.005208333333333333, "29": 0.0, "30": 0.006944444444444444},
  "recall": 0.04156936011209715,
  "scene_recalls": {"1": 0.030456852791878174, "2": 0.04081632653061224, "3": 0.043668122270742356, "4": 0.020512820512820513, "5": 0.05327868852459016, "6": 0.021367521367521368, "7": 0.07731958762886598, "8": 0.047619047619047616, "9": 0.040145985401459854, "10": 0.027777777777777776, "11": 0.04568527918781726, "12": 0.07216494845360824, "13": 0.002770083102493075, "14": 0.011940298507462687, "15": 0.010380622837370242, "16": 0.06718346253229975, "17": 0.03680981595092025, "18": 0.03806228373702422, "19": 0.07764705882352942, "20": 0.03820816864295125},
  "targets_count": 6423,
  "tp_count": 267
}