{
  "gt_count": 6900,
  "mean_obj_recall": 0.03627314857874906,
  "mean_scene_recall": 0.03345644748118694,
  "obj_recalls": {"1": 0.017496635262449527, "2": 0.03854875283446712, "3": 0.046875, "4": 0.026936026936026935, "5": 0.06315789473684211, "6": 0.0, "7": 0.04, "8": 0.02, "9": 0.06910569105691057, "10": 0.04895104895104895, "11": 0.005714285714285714, "12": 0.02877697841726619, "13": 0.014285714285714285, "14": 0.0273972602739726, "15": 0.07534246575342465, "16": 0.12234042553191489, "17": 0.2328767123287671, "18": 0.0, "19": 0.010471204188481676, "20": 0.008333333333333333, "21": 0.011428571428571429, "22": 0.0, "23": 0.03225806451612903, "24": 0.03125, "25": 0.031578947368421054, "26": 0.0, "27": 0.07291666666666667, "28": 0.005208333333333333, "29": 0.0, "30": 0.006944444444444444},
  "recall": 0.034874669157714464,
  "scene_recalls": {"1": 0.025380710659898477, "2": 0.04081632653061224, "3": 0.039301310043668124, "4": 0.015384615384615385, "5": 0.040983606557377046, "6": 0.01282051282051282, "7": 0.07216494845360824, "8": 0.04081632653061224, "9": 0.0364963503649635, "10": 0.013888888888888888, "11": 0.03553299492385787, "12": 0.061855670103092786, "13": 0.002770083102493075, "14": 0.008955223880597015, "15": 0.006920415224913495, "16": 0.059431524547803614, "17": 0.024539877300613498, "18": 0.03460207612456748, "19": 0.06352941176470588, "20": 0.03293807641633729},
  "targets_count": 6423,
  "tp_count": 224
}