{
  "gt_count": 6900,
  "mean_obj_recall": 0.020017695347987977,
  "mean_scene_recall": 0.01652122773966669,
  "obj_recalls": {"1": 0.012113055181695828, "2": 0.018140589569160998, "3": 0.028645833333333332, "4": 0.010101010101010102, "5": 0.02631578947368421, "6": 0.0, "7": 0.004, "8": 0.0, "9": 0.04065040650406504, "10": 0.02097902097902098, "11": 0.0, "12": 0.007194244604316547, "13": 0.007142857142857143, "14": 0.0136986301369863, "15": 0.04794520547945205, "16": 0.06914893617021277, "17": 0.1780821917808219, "18": 0.0, "19": 0.0, "20": 0.0, "21": 0.0, "22": 0.0, "23": 0.012096774193548387, "24": 0.020833333333333332, "25": 0.010526315789473684, "26": 0.0, "27": 0.07291666666666667, "28": 0.0, "29": 0.0, "30": 0.0},
  "recall": 0.018371477502724585,
  "scene_recalls": {"1": 0.005076142131979695, "2": 0.0, "3": 0.004366812227074236, "4": 0.015384615384615385, "5": 0.03278688524590164, "6": 0.004273504273504274, "7": 0.05670103092783505, "8": 0.013605442176870748, "9": 0.023722627737226276, "10": 0.010416666666666666, "11": 0.015228426395939087, "12": 0.03436426116838488, "13": 0.0, "14": 0.0, "15": 0.006920415224913495, "16": 0.03617571059431524, "17": 0.012269938650306749, "18": 0.010380622837370242, "19": 0.03294117647058824, "20": 0.015810276679841896},
  "targets_count": 6423,
  "tp_count": 118
}