{
  "gt_count": 6900,
  "mean_obj_recall": 0.016232924486725517,
  "mean_scene_recall": 0.01696367053883275,
  "obj_recalls": {"1": 0.0013458950201884253, "2": 0.02947845804988662, "3": 0.005208333333333333, "4": 0.015151515151515152, "5": 0.04736842105263158, "6": 0.030612244897959183, "7": 0.016, "8": 0.04666666666666667, "9": 0.04878048780487805, "10": 0.02097902097902098, "11": 0.005714285714285714, "12": 0.02158273381294964, "13": 0.0, "14": 0.00684931506849315, "15": 0.0, "16": 0.09574468085106383, "17": 0.0684931506849315, "18": 0.00684931506849315, "19": 0.0, "20": 0.0, "21": 0.005714285714285714, "22": 0.0, "23": 0.004032258064516129, "24": 0.010416666666666666, "25": 0.0, "26": 0.0, "27": 0.0, "28": 0.0, "29": 0.0, "30": 0.0},
  "recall": 0.015724739218433755,
  "scene_recalls": {"1": 0.0, "2": 0.061224489795918366, "3": 0.017467248908296942, "4": 0.010256410256410256, "5": 0.012295081967213115, "6": 0.01282051282051282, "7": 0.015463917525773196, "8": 0.003401360544217687, "9": 0.021897810218978103, "10": 0.006944444444444444, "11": 0.05583756345177665, "12": 0.020618556701030927, "13": 0.002770083102493075, "14": 0.0, "15": 0.0, "16": 0.046511627906976744, "17": 0.006134969325153374, "18": 0.01730103806228374, "19": 0.01647058823529412, "20": 0.011857707509881422},
  "targets_count": 6423,
  "tp_count": 101
}