{
  "gt_count": 6900,
  "mean_obj_recall": 0.006487538808209033,
  "mean_scene_recall": 0.006965968558559974,
  "obj_recalls": {"1": 0.0, "2": 0.011337868480725623, "3": 0.0026041666666666665, "4": 0.005050505050505051, "5": 0.021052631578947368, "6": 0.0, "7": 0.008, "8": 0.03333333333333333, "9": 0.024390243902439025, "10": 0.0, "11": 0.0, "12": 0.0, "13": 0.0, "14": 0.0, "15": 0.0, "16": 0.0425531914893617, "17": 0.0410958904109589, "18": 0.0, "19": 0.0, "20": 0.0, "21": 0.0, "22": 0.0, "23": 0.0, "24": 0.005208333333333333, "25": 0.0, "26": 0.0, "27": 0.0, "28": 0.0, "29": 0.0, "30": 0.0},
  "recall": 0.006383309979760237,
  "scene_recalls": {"1": 0.0, "2": 0.027210884353741496, "3": 0.004366812227074236, "4": 0.005128205128205128, "5": 0.004098360655737705, "6": 0.0, "7": 0.010309278350515464, "8": 0.0, "9": 0.005474452554744526, "10": 0.003472222222222222, "11": 0.030456852791878174, "12": 0.010309278350515464, "13": 0.0, "14": 0.0, "15": 0.0, "16": 0.020671834625323, "17": 0.003067484662576687, "18": 0.0034602076124567475, "19": 0.004705882352941176, "20": 0.006587615283267457},
  "targets_count": 6423,
  "tp_count": 41
}