{
  "gt_count": 6900,
  "mean_obj_recall": 0.013020859551541726,
  "mean_scene_recall": 0.013690068805693328,
  "obj_recalls": {"1": 0.0, "2": 0.022675736961451247, "3": 0.005208333333333333, "4": 0.011784511784511785, "5": 0.03684210526315789, "6": 0.030612244897959183, "7": 0.012, "8": 0.04, "9": 0.044715447154471545, "10": 0.013986013986013986, "11": 0.005714285714285714, "12": 0.02158273381294964, "13": 0.0, "14": 0.00684931506849315, "15": 0.0, "16": 0.0797872340425532, "17": 0.04794520547945205, "18": 0.0, "19": 0.0, "20": 0.0, "21": 0.005714285714285714, "22": 0.0, "23": 0.0, "24": 0.005208333333333333, "25": 0.0, "26": 0.0, "27": 0.0, "28": 0.0, "29": 0.0, "30": 0.0},
  "recall": 0.012455238984898023,
  "scene_recalls": {"1": 0.0, "2": 0.05442176870748299, "3": 0.013100436681222707, "4": 0.010256410256410256, "5": 0.00819672131147541, "6": 0.01282051282051282, "7": 0.015463917525773196, "8": 0.003401360544217687, "9": 0.016423357664233577, "10": 0.003472222222222222, "11": 0.04060913705583756, "12": 0.020618556701030927, "13": 0.0, "14": 0.0, "15": 0.0, "16": 0.03875968992248062, "17": 0.006134969325153374, "18": 0.01384083044982699, "19": 0.007058823529411765, "20": 0.00922266139657444},
  "targets_count": 6423,
  "tp_count": 80
}