{
  "gt_count": 6900,
  "mean_obj_recall": 0.009235531888815806,
  "mean_scene_recall": 0.009475364420724598,
  "obj_recalls": {"1": 0.0, "2": 0.015873015873015872, "3": 0.0026041666666666665, "4": 0.006734006734006734, "5": 0.02631578947368421, "6": 0.01020408163265306, "7": 0.012, "8": 0.03333333333333333, "9": 0.032520325203252036, "10": 0.0, "11": 0.005714285714285714, "12": 0.014388489208633094, "13": 0.0, "14": 0.00684931506849315, "15": 0.0, "16": 0.05851063829787234, "17": 0.0410958904109589, "18": 0.0, "19": 0.0, "20": 0.0, "21": 0.005714285714285714, "22": 0.0, "23": 0.0, "24": 0.005208333333333333, "25": 0.0, "26": 0.0, "27": 0.0, "28": 0.0, "29": 0.0, "30": 0.0},
  "recall": 0.008874357776739842,
  "scene_recalls": {"1": 0.0, "2": 0.027210884353741496, "3": 0.008733624454148471, "4": 0.010256410256410256, "5": 0.004098360655737705, "6": 0.008547008547008548, "7": 0.01288659793814433, "8": 0.003401360544217687, "9": 0.010948905109489052, "10": 0.003472222222222222, "11": 0.030456852791878174, "12": 0.013745704467353952, "13": 0.0, "14": 0.0, "15": 0.0, "16": 0.031007751937984496, "17": 0.003067484662576687, "18": 0.010380622837370242, "19": 0.004705882352941176, "20": 0.006587615283267457},
  "targets_count": 6423,
  "tp_count": 57
}