{
  "gt_count": 6900,
  "mean_obj_recall": 0.021070553896335886,
  "mean_scene_recall": 0.02269788176666568,
  "obj_recalls": {"1": 0.004037685060565276, "2": 0.04308390022675737, "3": 0.015625, "4": 0.020202020202020204, "5": 0.07368421052631578, "6": 0.030612244897959183, "7": 0.02, "8": 0.06666666666666667, "9": 0.06097560975609756, "10": 0.027972027972027972, "11": 0.005714285714285714, "12": 0.02158273381294964, "13": 0.0, "14": 0.00684931506849315, "15": 0.0, "16": 0.11702127659574468, "17": 0.0684931506849315, "18": 0.0136986301369863, "19": 0.0, "20": 0.0, "21": 0.005714285714285714, "22": 0.0, "23": 0.004032258064516129, "24": 0.015625, "25": 0.010526315789473684, "26": 0.0, "27": 0.0, "28": 0.0, "29": 0.0, "30": 0.0},
  "recall": 0.021173906274326637,
  "scene_recalls": {"1": 0.005076142131979695, "2": 0.061224489795918366, "3": 0.021834061135371178, "4": 0.02564102564102564, "5": 0.012295081967213115, "6": 0.01282051282051282, "7": 0.020618556701030927, "8": 0.003401360544217687, "9": 0.02737226277372263, "10": 0.010416666666666666, "11": 0.09137055837563451, "12": 0.037800687285223365, "13": 0.002770083102493075, "14": 0.0, "15": 0.0034602076124567475, "16": 0.04909560723514212, "17": 0.009202453987730062, "18": 0.01730103806228374, "19": 0.021176470588235293, "20": 0.021080368906455864},
  "targets_count": 6423,
  "tp_count": 136
}