{
  "gt_count": 6900,
  "mean_obj_recall": 0.003518117471442783,
  "mean_scene_recall": 0.0038191320290811267,
  "obj_recalls": {"1": 0.0, "2": 0.009070294784580499, "3": 0.0026041666666666665, "4": 0.0016835016835016834, "5": 0.015789473684210527, "6": 0.0, "7": 0.004, "8": 0.013333333333333334, "9": 0.008130081300813009, "10": 0.0, "11": 0.0, "12": 0.0, "13": 0.0, "14": 0.0, "15": 0.0, "16": 0.03723404255319149, "17": 0.0136986301369863, "18": 0.0, "19": 0.0, "20": 0.0, "21": 0.0, "22": 0.0, "23": 0.0, "24": 0.0, "25": 0.0, "26": 0.0, "27": 0.0, "28": 0.0, "29": 0.0, "30": 0.0},
  "recall": 0.0035808812081581814,
  "scene_recalls": {"1": 0.0, "2": 0.02040816326530612, "3": 0.004366812227074236, "4": 0.0, "5": 0.0, "6": 0.0, "7": 0.005154639175257732, "8": 0.0, "9": 0.0018248175182481751, "10": 0.0, "11": 0.015228426395939087, "12": 0.003436426116838488, "13": 0.0, "14": 0.0, "15": 0.0, "16": 0.012919896640826873, "17": 0.003067484662576687, "18": 0.0, "19": 0.004705882352941176, "20": 0.005270092226613966},
  "targets_count": 6423,
  "tp_count": 23
}