{
  "gt_count": 6900,
  "mean_obj_recall": 0.027889846432001906,
  "mean_scene_recall": 0.03012324858569656,
  "obj_recalls": {"1": 0.008075370121130552, "2": 0.05668934240362812, "3": 0.018229166666666668, "4": 0.021885521885521887, "5": 0.08947368421052632, "6": 0.04081632653061224, "7": 0.032, "8": 0.09333333333333334, "9": 0.06910569105691057, "10": 0.03496503496503497, "11": 0.011428571428571429, "12": 0.02877697841726619, "13": 0.014285714285714285, "14": 0.0136986301369863, "15": 0.00684931506849315, "16": 0.11702127659574468, "17": 0.07534246575342465, "18": 0.02054794520547945, "19": 0.0, "20": 0.0, "21": 0.011428571428571429, "22": 0.0, "23": 0.004032258064516129, "24": 0.015625, "25": 0.010526315789473684, "26": 0.020202020202020204, "27": 0.0, "28": 0.005208333333333333, "29": 0.01020408163265306, "30": 0.006944444444444444},
  "recall": 0.027245835279464423,
  "scene_recalls": {"1": 0.01015228426395939, "2": 0.07482993197278912, "3": 0.034934497816593885, "4": 0.041025641025641026, "5": 0.020491803278688523, "6": 0.017094017094017096, "7": 0.028350515463917526, "8": 0.006802721088435374, "9": 0.02737226277372263, "10": 0.010416666666666666, "11": 0.1319796954314721, "12": 0.041237113402061855, "13": 0.002770083102493075, "14": 0.0, "15": 0.010380622837370242, "16": 0.05426356589147287, "17": 0.018404907975460124, "18": 0.020761245674740483, "19": 0.023529411764705882, "20": 0.02766798418972332},
  "targets_count": 6423,
  "tp_count": 175
}