{
  "gt_count": 6900,
  "mean_obj_recall": 0.03138773271732912,
  "mean_scene_recall": 0.03395717609090053,
  "obj_recalls": {"1": 0.012113055181695828, "2": 0.061224489795918366, "3": 0.018229166666666668, "4": 0.02356902356902357, "5": 0.1, "6": 0.04081632653061224, "7": 0.036, "8": 0.1, "9": 0.08130081300813008, "10": 0.04195804195804196, "11": 0.011428571428571429, "12": 0.050359712230215826, "13": 0.014285714285714285, "14": 0.0136986301369863, "15": 0.02054794520547945, "16": 0.12234042553191489, "17": 0.08904109589041095, "18": 0.02054794520547945, "19": 0.0, "20": 0.0, "21": 0.011428571428571429, "22": 0.0, "23": 0.004032258064516129, "24": 0.015625, "25": 0.010526315789473684, "26": 0.020202020202020204, "27": 0.0, "28": 0.005208333333333333, "29": 0.01020408163265306, "30": 0.006944444444444444},
  "recall": 0.03067102600031138,
  "scene_recalls": {"1": 0.01015228426395939, "2": 0.07482993197278912, "3": 0.043668122270742356, "4": 0.041025641025641026, "5": 0.02459016393442623, "6": 0.02564102564102564, "7": 0.030927835051546393, "8": 0.006802721088435374, "9": 0.029197080291970802, "10": 0.010416666666666666, "11": 0.15736040609137056, "12": 0.048109965635738834, "13": 0.002770083102493075, "14": 0.0, "15": 0.010380622837370242, "16": 0.059431524547803614, "17": 0.024539877300613498, "18": 0.020761245674740483, "19": 0.02823529411764706, "20": 0.030303030303030304},
  "targets_count": 6423,
  "tp_count": 197
}