{
  "gt_count": 1517,
  "mean_obj_recall": 0.194308496849326,
  "mean_scene_recall": 0.1958477508650519,
  "obj_recalls": {"1": 0.16, "5": 0.21105527638190955, "6": 0.2222222222222222, "8": 0.095, "9": 0.3388888888888889, "10": 0.09444444444444444, "11": 0.14285714285714285, "12": 0.29},
  "recall": 0.1958477508650519,
  "scene_recalls": {"2": 0.1958477508650519},
  "targets_count": 1445,
  "tp_count": 283
}