{
  "gt_count": 1517,
  "mean_obj_recall": 0.09510609648073282,
  "mean_scene_recall": 0.09688581314878893,
  "obj_recalls": {"1": 0.08571428571428572, "5": 0.06532663316582915, "6": 0.08187134502923976, "8": 0.04, "9": 0.2111111111111111, "10": 0.06111111111111111, "11": 0.03571428571428571, "12": 0.18},
  "recall": 0.09688581314878893,
  "scene_recalls": {"2": 0.09688581314878893},
  "targets_count": 1445,
  "tp_count": 140
}