{
  "gt_count": 1517,
  "mean_obj_recall": 0.014457505782882667,
  "mean_scene_recall": 0.01453287197231834,
  "obj_recalls": {"1": 0.005714285714285714, "5": 0.005025125628140704, "6": 0.0, "8": 0.005, "9": 0.05555555555555555, "10": 0.022222222222222223, "11": 0.007142857142857143, "12": 0.015},
  "recall": 0.01453287197231834,
  "scene_recalls": {"2": 0.01453287197231834},
  "targets_count": 1445,
  "tp_count": 21
}