{
  "gt_count": 1517,
  "mean_obj_recall": 0.05291619962804835,
  "mean_scene_recall": 0.05397923875432526,
  "obj_recalls": {"1": 0.04, "5": 0.035175879396984924, "6": 0.023391812865497075, "8": 0.025, "9": 0.13333333333333333, "10": 0.05, "11": 0.02142857142857143, "12": 0.095},
  "recall": 0.05397923875432526,
  "scene_recalls": {"2": 0.05397923875432526},
  "targets_count": 1445,
  "tp_count": 78
}