{
  "gt_count": 1517,
  "mean_obj_recall": 0.14967963512214372,
  "mean_scene_recall": 0.15155709342560553,
  "obj_recalls": {"1": 0.12, "5": 0.1457286432160804, "6": 0.17543859649122806, "8": 0.07, "9": 0.2777777777777778, "10": 0.07777777777777778, "11": 0.08571428571428572, "12": 0.245},
  "recall": 0.15155709342560553,
  "scene_recalls": {"2": 0.15155709342560553},
  "targets_count": 1445,
  "tp_count": 219
}