{
  "gt_count": 1517,
  "mean_obj_recall": 0.458338216248326,
  "mean_scene_recall": 0.4685121107266436,
  "obj_recalls": {"1": 0.38285714285714284, "5": 0.7839195979899497, "6": 0.3684210526315789, "8": 0.495, "9": 0.5888888888888889, "10": 0.08333333333333333, "11": 0.36428571428571427, "12": 0.6},
  "recall": 0.4685121107266436,
  "scene_recalls": {"2": 0.4685121107266436},
  "targets_count": 1445,
  "tp_count": 677
}