{
  "gt_count": 1517,
  "mean_obj_recall": 0.028223209300470606,
  "mean_scene_recall": 0.02906574394463668,
  "obj_recalls": {"1": 0.02857142857142857, "5": 0.03015075376884422, "6": 0.0, "8": 0.0, "9": 0.07222222222222222, "10": 0.005555555555555556, "11": 0.014285714285714285, "12": 0.075},
  "recall": 0.02906574394463668,
  "scene_recalls": {"2": 0.02906574394463668},
  "targets_count": 1445,
  "tp_count": 42
}