{
  "gt_count": 1517,
  "mean_obj_recall": 0.3477772425200354,
  "mean_scene_recall": 0.356401384083045,
  "obj_recalls": {"1": 0.28, "5": 0.6582914572864321, "6": 0.26900584795321636, "8": 0.285, "9": 0.46111111111111114, "10": 0.06666666666666667, "11": 0.2571428571428571, "12": 0.505},
  "recall": 0.356401384083045,
  "scene_recalls": {"2": 0.356401384083045},
  "targets_count": 1445,
  "tp_count": 515
}