{
  "gt_count": 1517,
  "mean_obj_recall": 0.4230316578716473,
  "mean_scene_recall": 0.43252595155709345,
  "obj_recalls": {"1": 0.3314285714285714, "5": 0.7437185929648241, "6": 0.3567251461988304, "8": 0.43, "9": 0.5388888888888889, "10": 0.07777777777777778, "11": 0.3357142857142857, "12": 0.57},
  "recall": 0.43252595155709345,
  "scene_recalls": {"2": 0.43252595155709345},
  "targets_count": 1445,
  "tp_count": 625
}