{
  "gt_count": 1517,
  "mean_obj_recall": 0.17167685493045848,
  "mean_scene_recall": 0.17301038062283736,
  "obj_recalls": {"1": 0.14285714285714285, "5": 0.1708542713567839, "6": 0.19883040935672514, "8": 0.075, "9": 0.3055555555555556, "10": 0.08888888888888889, "11": 0.12142857142857143, "12": 0.27},
  "recall": 0.17301038062283736,
  "scene_recalls": {"2": 0.17301038062283736},
  "targets_count": 1445,
  "tp_count": 250
}