{
  "gt_count": 1517,
  "mean_obj_recall": 0.39878923386775145,
  "mean_scene_recall": 0.4083044982698962,
  "obj_recalls": {"1": 0.3028571428571429, "5": 0.7135678391959799, "6": 0.3333333333333333, "8": 0.375, "9": 0.5277777777777778, "10": 0.07777777777777778, "11": 0.3, "12": 0.56},
  "recall": 0.4083044982698962,
  "scene_recalls": {"2": 0.4083044982698962},
  "targets_count": 1445,
  "tp_count": 590
}