{
  "gt_count": 1517,
  "mean_obj_recall": 0.1609594127697804,
  "mean_scene_recall": 0.16262975778546712,
  "obj_recalls": {"1": 0.13142857142857142, "5": 0.15577889447236182, "6": 0.1871345029239766, "8": 0.075, "9": 0.3, "10": 0.08333333333333333, "11": 0.1, "12": 0.255},
  "recall": 0.16262975778546712,
  "scene_recalls": {"2": 0.16262975778546712},
  "targets_count": 1445,
  "tp_count": 235
}