{
  "gt_count": 1517,
  "mean_obj_recall": 0.2831290065616302,
  "mean_scene_recall": 0.29134948096885815,
  "obj_recalls": {"1": 0.21714285714285714, "5": 0.5577889447236181, "6": 0.19883040935672514, "8": 0.18, "9": 0.40555555555555556, "10": 0.05, "11": 0.18571428571428572, "12": 0.47},
  "recall": 0.29134948096885815,
  "scene_recalls": {"2": 0.29134948096885815},
  "targets_count": 1445,
  "tp_count": 421
}