{
  "gt_count": 1517,
  "mean_obj_recall": 0.11252908758495904,
  "mean_scene_recall": 0.11695501730103806,
  "obj_recalls": {"1": 0.06285714285714286, "5": 0.23618090452261306, "6": 0.017543859649122806, "8": 0.03, "9": 0.20555555555555555, "10": 0.016666666666666666, "11": 0.07142857142857142, "12": 0.26},
  "recall": 0.11695501730103806,
  "scene_recalls": {"2": 0.11695501730103806},
  "targets_count": 1445,
  "tp_count": 169
}