{
  "gt_count": 1517,
  "mean_obj_recall": 0.18185544997334208,
  "mean_scene_recall": 0.18269896193771626,
  "obj_recalls": {"1": 0.14857142857142858, "5": 0.18592964824120603, "6": 0.21637426900584794, "8": 0.08, "9": 0.32222222222222224, "10": 0.08888888888888889, "11": 0.14285714285714285, "12": 0.27},
  "recall": 0.18269896193771626,
  "scene_recalls": {"2": 0.18269896193771626},
  "targets_count": 1445,
  "tp_count": 264
}