{
  "gt_count": 1517,
  "mean_obj_recall": 0.2052988260013518,
  "mean_scene_recall": 0.2124567474048443,
  "obj_recalls": {"1": 0.13142857142857142, "5": 0.4371859296482412, "6": 0.08187134502923976, "8": 0.08, "9": 0.35, "10": 0.03333333333333333, "11": 0.12857142857142856, "12": 0.4},
  "recall": 0.2124567474048443,
  "scene_recalls": {"2": 0.2124567474048443},
  "targets_count": 1445,
  "tp_count": 307
}