{
  "gt_count": 1517,
  "mean_obj_recall": 0.4806962181416691,
  "mean_scene_recall": 0.4913494809688581,
  "obj_recalls": {"1": 0.4228571428571429, "5": 0.7989949748743719, "6": 0.391812865497076, "8": 0.54, "9": 0.5944444444444444, "10": 0.08888888888888889, "11": 0.37857142857142856, "12": 0.63},
  "recall": 0.4913494809688581,
  "scene_recalls": {"2": 0.4913494809688581},
  "targets_count": 1445,
  "tp_count": 710
}