{
  "gt_count": 1517,
  "mean_obj_recall": 0.12473230815732798,
  "mean_scene_recall": 0.12664359861591695,
  "obj_recalls": {"1": 0.10857142857142857, "5": 0.10552763819095477, "6": 0.12280701754385964, "8": 0.065, "9": 0.25, "10": 0.06666666666666667, "11": 0.06428571428571428, "12": 0.215},
  "recall": 0.12664359861591695,
  "scene_recalls": {"2": 0.12664359861591695},
  "targets_count": 1445,
  "tp_count": 183
}