{
  "gt_count": 6900,
  "mean_obj_recall": 0.015025459118327096,
  "mean_scene_recall": 0.010422128406478794,
  "obj_recalls": {"1": 0.004037685060565276, "2": 0.015873015873015872, "3": 0.013020833333333334, "4": 0.006734006734006734, "5": 0.0, "6": 0.0, "7": 0.0, "8": 0.0, "9": 0.0040650406504065045, "10": 0.0, "11": 0.0, "12": 0.007194244604316547, "13": 0.014285714285714285, "14": 0.0136986301369863, "15": 0.03424657534246575, "16": 0.05319148936170213, "17": 0.273972602739726, "18": 0.0, "19": 0.005235602094240838, "20": 0.0, "21": 0.0, "22": 0.0, "23": 0.0, "24": 0.005208333333333333, "25": 0.0, "26": 0.0, "27": 0.0, "28": 0.0, "29": 0.0, "30": 0.0},
  "recall": 0.012766619959520473,
  "scene_recalls": {"1": 0.0, "2": 0.0, "3": 0.004366812227074236, "4": 0.0, "5": 0.004098360655737705, "6": 0.0, "7": 0.05412371134020619, "8": 0.003401360544217687, "9": 0.014598540145985401, "10": 0.003472222222222222, "11": 0.005076142131979695, "12": 0.010309278350515464, "13": 0.0, "14": 0.0, "15": 0.0, "16": 0.07235142118863049, "17": 0.003067484662576687, "18": 0.0034602076124567475, "19": 0.023529411764705882, "20": 0.006587615283267457},
  "targets_count": 6423,
  "tp_count": 82
}