{
  "gt_count": 6900,
  "mean_obj_recall": 0.08512086671391646,
  "mean_scene_recall": 0.07507161674685828,
  "obj_recalls": {"1": 0.07133243606998654, "2": 0.11564625850340136, "3": 0.10677083333333333, "4": 0.07912457912457913, "5": 0.03684210526315789, "6": 0.01020408163265306, "7": 0.036, "8": 0.05333333333333334, "9": 0.0975609756097561, "10": 0.11888111888111888, "11": 0.05142857142857143, "12": 0.050359712230215826, "13": 0.10714285714285714, "14": 0.15753424657534246, "15": 0.17123287671232876, "16": 0.18617021276595744, "17": 0.589041095890411, "18": 0.0410958904109589, "19": 0.041884816753926704, "20": 0.020833333333333332, "21": 0.011428571428571429, "22": 0.015957446808510637, "23": 0.04838709677419355, "24": 0.16666666666666666, "25": 0.010526315789473684, "26": 0.020202020202020204, "27": 0.03125, "28": 0.03125, "29": 0.04081632653061224, "30": 0.034722222222222224},
  "recall": 0.08516269655924023,
  "scene_recalls": {"1": 0.03553299492385787, "2": 0.027210884353741496, "3": 0.06550218340611354, "4": 0.015384615384615385, "5": 0.09016393442622951, "6": 0.02564102564102564, "7": 0.16494845360824742, "8": 0.03741496598639456, "9": 0.10583941605839416, "10": 0.10416666666666667, "11": 0.09137055837563451, "12": 0.09621993127147767, "13": 0.0221606648199446, "14": 0.020895522388059702, "15": 0.02768166089965398, "16": 0.18087855297157623, "17": 0.0705521472392638, "18": 0.04844290657439446, "19": 0.16470588235294117, "20": 0.1067193675889328},
  "targets_count": 6423,
  "tp_count": 547
}