{
  "gt_count": 6900,
  "mean_obj_recall": 0.6869738896071047,
  "mean_scene_recall": 0.6668849660023393,
  "obj_recalls": {"1": 0.48855989232839836, "2": 0.5306122448979592, "3": 0.5182291666666666, "4": 0.3569023569023569, "5": 0.8315789473684211, "6": 0.8163265306122449, "7": 0.768, "8": 0.6533333333333333, "9": 0.9227642276422764, "10": 0.8041958041958042, "11": 0.6685714285714286, "12": 0.7697841726618705, "13": 0.7214285714285714, "14": 0.6164383561643836, "15": 0.821917808219178, "16": 0.7712765957446809, "17": 0.9657534246575342, "18": 0.6917808219178082, "19": 0.6282722513089005, "20": 0.5041666666666667, "21": 0.5371428571428571, "22": 0.48936170212765956, "23": 0.7379032258064516, "24": 0.5989583333333334, "25": 0.6736842105263158, "26": 0.8282828282828283, "27": 0.8020833333333334, "28": 0.7604166666666666, "29": 0.7551020408163265, "30": 0.5763888888888888},
  "recall": 0.6307021640977736,
  "scene_recalls": {"1": 0.6548223350253807, "2": 0.8503401360544217, "3": 0.8078602620087336, "4": 0.6923076923076923, "5": 0.7295081967213115, "6": 0.6837606837606838, "7": 0.7216494845360825, "8": 0.6428571428571429, "9": 0.4908759124087591, "10": 0.7361111111111112, "11": 0.8781725888324873, "12": 0.7560137457044673, "13": 0.5290858725761773, "14": 0.5283582089552239, "15": 0.7370242214532872, "16": 0.7441860465116279, "17": 0.598159509202454, "18": 0.49480968858131485, "19": 0.6494117647058824, "20": 0.41238471673254284},
  "targets_count": 6423,
  "tp_count": 4051
}