{
  "gt_count": 6900,
  "mean_obj_recall": 0.6210683862290867,
  "mean_scene_recall": 0.5988426108969529,
  "obj_recalls": {"1": 0.3755047106325707, "2": 0.42857142857142855, "3": 0.4453125, "4": 0.2996632996632997, "5": 0.8052631578947368, "6": 0.7551020408163265, "7": 0.74, "8": 0.5933333333333334, "9": 0.8861788617886179, "10": 0.7482517482517482, "11": 0.5771428571428572, "12": 0.7194244604316546, "13": 0.6571428571428571, "14": 0.5547945205479452, "15": 0.7808219178082192, "16": 0.7074468085106383, "17": 0.9383561643835616, "18": 0.6506849315068494, "19": 0.5130890052356021, "20": 0.42916666666666664, "21": 0.4857142857142857, "22": 0.4308510638297872, "23": 0.657258064516129, "24": 0.5208333333333334, "25": 0.5052631578947369, "26": 0.696969696969697, "27": 0.7708333333333334, "28": 0.703125, "29": 0.7142857142857143, "30": 0.5416666666666666},
  "recall": 0.560485754320411,
  "scene_recalls": {"1": 0.5634517766497462, "2": 0.7891156462585034, "3": 0.7554585152838428, "4": 0.6358974358974359, "5": 0.6598360655737705, "6": 0.6153846153846154, "7": 0.6649484536082474, "8": 0.5578231292517006, "9": 0.4032846715328467, "10": 0.65625, "11": 0.8274111675126904, "12": 0.6769759450171822, "13": 0.4487534626038781, "14": 0.4626865671641791, "15": 0.6643598615916955, "16": 0.6950904392764858, "17": 0.5429447852760736, "18": 0.4359861591695502, "19": 0.6023529411764705, "20": 0.3188405797101449},
  "targets_count": 6423,
  "tp_count": 3600
}