{
  "gt_count": 6900,
  "mean_obj_recall": 0.6583920582782787,
  "mean_scene_recall": 0.637192489564361,
  "obj_recalls": {"1": 0.44414535666218036, "2": 0.47845804988662133, "3": 0.4869791666666667, "4": 0.3181818181818182, "5": 0.8157894736842105, "6": 0.7959183673469388, "7": 0.76, "8": 0.62, "9": 0.9105691056910569, "10": 0.7762237762237763, "11": 0.6457142857142857, "12": 0.7410071942446043, "13": 0.6928571428571428, "14": 0.589041095890411, "15": 0.8013698630136986, "16": 0.7340425531914894, "17": 0.958904109589041, "18": 0.6712328767123288, "19": 0.5863874345549738, "20": 0.4708333333333333, "21": 0.5028571428571429, "22": 0.4574468085106383, "23": 0.7016129032258065, "24": 0.5572916666666666, "25": 0.6105263157894737, "26": 0.8080808080808081, "27": 0.7916666666666666, "28": 0.734375, "29": 0.7346938775510204, "30": 0.5555555555555556},
  "recall": 0.5989413046862837,
  "scene_recalls": {"1": 0.6192893401015228, "2": 0.8299319727891157, "3": 0.7860262008733624, "4": 0.6820512820512821, "5": 0.6885245901639344, "6": 0.6495726495726496, "7": 0.6932989690721649, "8": 0.5986394557823129, "9": 0.45072992700729925, "10": 0.7048611111111112, "11": 0.8527918781725888, "12": 0.7216494845360825, "13": 0.49584487534626037, "14": 0.48955223880597015, "15": 0.7058823529411765, "16": 0.7209302325581395, "17": 0.5828220858895705, "18": 0.47750865051903113, "19": 0.6329411764705882, "20": 0.36100131752305664},
  "targets_count": 6423,
  "tp_count": 3847
}