{
  "gt_count": 6900,
  "mean_obj_recall": 0.007639876158867147,
  "mean_scene_recall": 0.004918482794028307,
  "obj_recalls": {"1": 0.0026917900403768506, "2": 0.0022675736961451248, "3": 0.0078125, "4": 0.003367003367003367, "5": 0.0, "6": 0.0, "7": 0.0, "8": 0.0, "9": 0.0, "10": 0.0, "11": 0.0, "12": 0.0, "13": 0.0, "14": 0.00684931506849315, "15": 0.0136986301369863, "16": 0.02127659574468085, "17": 0.17123287671232876, "18": 0.0, "19": 0.0, "20": 0.0, "21": 0.0, "22": 0.0, "23": 0.0, "24": 0.0, "25": 0.0, "26": 0.0, "27": 0.0, "28": 0.0, "29": 0.0, "30": 0.0},
  "recall": 0.0062276194924490115,
  "scene_recalls": {"1": 0.0, "2": 0.0, "3": 0.0, "4": 0.0, "5": 0.0, "6": 0.0, "7": 0.03350515463917526, "8": 0.0, "9": 0.0072992700729927005, "10": 0.0, "11": 0.0, "12": 0.0, "13": 0.0, "14": 0.0, "15": 0.0, "16": 0.041343669250646, "17": 0.003067484662576687, "18": 0.0034602076124567475, "19": 0.007058823529411765, "20": 0.002635046113306983},
  "targets_count": 6423,
  "tp_count": 40
}