{
  "gt_count": 6900,
  "mean_obj_recall": 0.049454202039093155,
  "mean_scene_recall": 0.04097346642728493,
  "obj_recalls": {"1": 0.03230148048452221, "2": 0.07482993197278912, "3": 0.0625, "4": 0.050505050505050504, "5": 0.021052631578947368, "6": 0.0, "7": 0.008, "8": 0.02666666666666667, "9": 0.036585365853658534, "10": 0.03496503496503497, "11": 0.017142857142857144, "12": 0.02158273381294964, "13": 0.07142857142857142, "14": 0.0958904109589041, "15": 0.0958904109589041, "16": 0.15425531914893617, "17": 0.4726027397260274, "18": 0.0136986301369863, "19": 0.02617801047120419, "20": 0.004166666666666667, "21": 0.005714285714285714, "22": 0.005319148936170213, "23": 0.024193548387096774, "24": 0.0625, "25": 0.0, "26": 0.010101010101010102, "27": 0.020833333333333332, "28": 0.020833333333333332, "29": 0.0, "30": 0.013888888888888888},
  "recall": 0.04888681301572474,
  "scene_recalls": {"1": 0.01015228426395939, "2": 0.0, "3": 0.021834061135371178, "4": 0.015384615384615385, "5": 0.028688524590163935, "6": 0.01282051282051282, "7": 0.11855670103092783, "8": 0.013605442176870748, "9": 0.060218978102189784, "10": 0.052083333333333336, "11": 0.06091370558375635, "12": 0.041237113402061855, "13": 0.01662049861495845, "14": 0.008955223880597015, "15": 0.010380622837370242, "16": 0.1421188630490956, "17": 0.03067484662576687, "18": 0.01730103806228374, "19": 0.08941176470588236, "20": 0.06851119894598155},
  "targets_count": 6423,
  "tp_count": 314
}