{
  "gt_count": 6900,
  "mean_obj_recall": 0.26921224095482527,
  "mean_scene_recall": 0.25818891055292426,
  "obj_recalls": {"1": 0.10497981157469717, "2": 0.11337868480725624, "3": 0.13541666666666666, "4": 0.10437710437710437, "5": 0.45263157894736844, "6": 0.24489795918367346, "7": 0.52, "8": 0.16666666666666666, "9": 0.5853658536585366, "10": 0.3356643356643357, "11": 0.17142857142857143, "12": 0.30935251798561153, "13": 0.2785714285714286, "14": 0.19863013698630136, "15": 0.410958904109589, "16": 0.18617021276595744, "17": 0.773972602739726, "18": 0.2534246575342466, "19": 0.1518324607329843, "20": 0.11666666666666667, "21": 0.17142857142857143, "22": 0.18085106382978725, "23": 0.1975806451612903, "24": 0.1875, "25": 0.11578947368421053, "26": 0.18181818181818182, "27": 0.5104166666666666, "28": 0.28125, "29": 0.336734693877551, "30": 0.2986111111111111},
  "recall": 0.2333800404795267,
  "scene_recalls": {"1": 0.22842639593908629, "2": 0.4421768707482993, "3": 0.31004366812227074, "4": 0.2153846153846154, "5": 0.36065573770491804, "6": 0.2222222222222222, "7": 0.26804123711340205, "8": 0.19387755102040816, "9": 0.10948905109489052, "10": 0.2638888888888889, "11": 0.4720812182741117, "12": 0.29896907216494845, "13": 0.14681440443213298, "14": 0.11343283582089553, "15": 0.31833910034602075, "16": 0.3178294573643411, "17": 0.2883435582822086, "18": 0.19377162629757785, "19": 0.30117647058823527, "20": 0.09881422924901186},
  "targets_count": 6423,
  "tp_count": 1499
}