{
  "gt_count": 6900,
  "mean_obj_recall": 0.07231896976969207,
  "mean_scene_recall": 0.06303197381400906,
  "obj_recalls": {"1": 0.059219380888290714, "2": 0.10884353741496598, "3": 0.09114583333333333, "4": 0.06902356902356903, "5": 0.03684210526315789, "6": 0.01020408163265306, "7": 0.028, "8": 0.04666666666666667, "9": 0.07723577235772358, "10": 0.08391608391608392, "11": 0.045714285714285714, "12": 0.02877697841726619, "13": 0.07857142857142857, "14": 0.14383561643835616, "15": 0.1643835616438356, "16": 0.1702127659574468, "17": 0.5616438356164384, "18": 0.0273972602739726, "19": 0.03664921465968586, "20": 0.016666666666666666, "21": 0.011428571428571429, "22": 0.005319148936170213, "23": 0.036290322580645164, "24": 0.13541666666666666, "25": 0.0, "26": 0.020202020202020204, "27": 0.020833333333333332, "28": 0.020833333333333332, "29": 0.02040816326530612, "30": 0.013888888888888888},
  "recall": 0.07286314806165343,
  "scene_recalls": {"1": 0.02030456852791878, "2": 0.027210884353741496, "3": 0.048034934497816595, "4": 0.015384615384615385, "5": 0.06557377049180328, "6": 0.02564102564102564, "7": 0.14690721649484537, "8": 0.023809523809523808, "9": 0.0948905109489051, "10": 0.09375, "11": 0.07614213197969544, "12": 0.08247422680412371, "13": 0.0221606648199446, "14": 0.011940298507462687, "15": 0.01384083044982699, "16": 0.17571059431524547, "17": 0.05521472392638037, "18": 0.02768166089965398, "19": 0.13647058823529412, "20": 0.09749670619235837},
  "targets_count": 6423,
  "tp_count": 468
}