{
  "gt_count": 6900,
  "mean_obj_recall": 0.16528256218314932,
  "mean_scene_recall": 0.15347062644785586,
  "obj_recalls": {"1": 0.05383580080753701, "2": 0.036281179138321996, "3": 0.041666666666666664, "4": 0.05387205387205387, "5": 0.25263157894736843, "6": 0.1326530612244898, "7": 0.348, "8": 0.08, "9": 0.3861788617886179, "10": 0.1958041958041958, "11": 0.06285714285714286, "12": 0.17266187050359713, "13": 0.15, "14": 0.0958904109589041, "15": 0.273972602739726, "16": 0.09574468085106383, "17": 0.6232876712328768, "18": 0.2054794520547945, "19": 0.07853403141361257, "20": 0.07083333333333333, "21": 0.10857142857142857, "22": 0.10106382978723404, "23": 0.10887096774193548, "24": 0.109375, "25": 0.07368421052631578, "26": 0.09090909090909091, "27": 0.375, "28": 0.18229166666666666, "29": 0.20408163265306123, "30": 0.19444444444444445},
  "recall": 0.13840884321967928,
  "scene_recalls": {"1": 0.1065989847715736, "2": 0.272108843537415, "3": 0.18777292576419213, "4": 0.12307692307692308, "5": 0.20491803278688525, "6": 0.10683760683760683, "7": 0.16494845360824742, "8": 0.1054421768707483, "9": 0.03467153284671533, "10": 0.15625, "11": 0.30456852791878175, "12": 0.16151202749140894, "13": 0.06925207756232687, "14": 0.08059701492537313, "15": 0.21107266435986158, "16": 0.1937984496124031, "17": 0.17791411042944785, "18": 0.13494809688581316, "19": 0.2164705882352941, "20": 0.05665349143610013},
  "targets_count": 6423,
  "tp_count": 889
}