{
  "gt_count": 6900,
  "mean_obj_recall": 0.021297500045286508,
  "mean_scene_recall": 0.0158829613162118,
  "obj_recalls": {"1": 0.008075370121130552, "2": 0.036281179138321996, "3": 0.020833333333333332, "4": 0.011784511784511785, "5": 0.005263157894736842, "6": 0.0, "7": 0.004, "8": 0.0, "9": 0.008130081300813009, "10": 0.006993006993006993, "11": 0.005714285714285714, "12": 0.007194244604316547, "13": 0.02142857142857143, "14": 0.03424657534246575, "15": 0.0410958904109589, "16": 0.0851063829787234, "17": 0.3150684931506849, "18": 0.00684931506849315, "19": 0.005235602094240838, "20": 0.0, "21": 0.0, "22": 0.0, "23": 0.0, "24": 0.015625, "25": 0.0, "26": 0.0, "27": 0.0, "28": 0.0, "29": 0.0, "30": 0.0},
  "recall": 0.01946131091390316,
  "scene_recalls": {"1": 0.0, "2": 0.0, "3": 0.004366812227074236, "4": 0.0, "5": 0.012295081967213115, "6": 0.004273504273504274, "7": 0.06443298969072164, "8": 0.003401360544217687, "9": 0.023722627737226276, "10": 0.006944444444444444, "11": 0.015228426395939087, "12": 0.01718213058419244, "13": 0.0, "14": 0.0, "15": 0.0, "16": 0.08785529715762273, "17": 0.009202453987730062, "18": 0.006920415224913495, "19": 0.04470588235294118, "20": 0.017127799736495388},
  "targets_count": 6423,
  "tp_count": 125
}