{
  "gt_count": 6900,
  "mean_obj_recall": 0.037782211163228316,
  "mean_scene_recall": 0.030265272979868564,
  "obj_recalls": {"1": 0.020188425302826378, "2": 0.061224489795918366, "3": 0.046875, "4": 0.04040404040404041, "5": 0.015789473684210527, "6": 0.0, "7": 0.004, "8": 0.02, "9": 0.032520325203252036, "10": 0.013986013986013986, "11": 0.005714285714285714, "12": 0.014388489208633094, "13": 0.05714285714285714, "14": 0.07534246575342465, "15": 0.06164383561643835, "16": 0.1276595744680851, "17": 0.4452054794520548, "18": 0.00684931506849315, "19": 0.010471204188481676, "20": 0.004166666666666667, "21": 0.005714285714285714, "22": 0.0, "23": 0.012096774193548387, "24": 0.041666666666666664, "25": 0.0, "26": 0.0, "27": 0.010416666666666666, "28": 0.0, "29": 0.0, "30": 0.0},
  "recall": 0.037054335980071615,
  "scene_recalls": {"1": 0.0, "2": 0.0, "3": 0.013100436681222707, "4": 0.005128205128205128, "5": 0.02459016393442623, "6": 0.004273504273504274, "7": 0.0979381443298969, "8": 0.003401360544217687, "9": 0.041970802919708027, "10": 0.034722222222222224, "11": 0.04060913705583756, "12": 0.03436426116838488, "13": 0.00554016620498615, "14": 0.0029850746268656717, "15": 0.0034602076124567475, "16": 0.12919896640826872, "17": 0.024539877300613498, "18": 0.01384083044982699, "19": 0.07294117647058823, "20": 0.052700922266139656},
  "targets_count": 6423,
  "tp_count": 238
}