{
  "gt_count": 6900,
  "mean_obj_recall": 0.44887060873643997,
  "mean_scene_recall": 0.4317199194468614,
  "obj_recalls": {"1": 0.2180349932705249, "2": 0.23809523809523808, "3": 0.2864583333333333, "4": 0.18855218855218855, "5": 0.6947368421052632, "6": 0.5, "7": 0.66, "8": 0.42, "9": 0.7682926829268293, "10": 0.5384615384615384, "11": 0.2857142857142857, "12": 0.5539568345323741, "13": 0.5, "14": 0.363013698630137, "15": 0.589041095890411, "16": 0.3723404255319149, "17": 0.863013698630137, "18": 0.4863013698630137, "19": 0.2931937172774869, "20": 0.2708333333333333, "21": 0.33714285714285713, "22": 0.3191489361702128, "23": 0.47580645161290325, "24": 0.328125, "25": 0.23157894736842105, "26": 0.4444444444444444, "27": 0.6666666666666666, "28": 0.5364583333333334, "29": 0.5714285714285714, "30": 0.4652777777777778},
  "recall": 0.3960765997197571,
  "scene_recalls": {"1": 0.38071065989847713, "2": 0.6530612244897959, "3": 0.5414847161572053, "4": 0.4512820512820513, "5": 0.5, "6": 0.4017094017094017, "7": 0.43556701030927836, "8": 0.36394557823129253, "9": 0.25547445255474455, "10": 0.4895833333333333, "11": 0.6852791878172588, "12": 0.49140893470790376, "13": 0.3047091412742382, "14": 0.2835820895522388, "15": 0.532871972318339, "16": 0.4754521963824289, "17": 0.40797546012269936, "18": 0.32525951557093424, "19": 0.47058823529411764, "20": 0.1844532279314888},
  "targets_count": 6423,
  "tp_count": 2544
}