{
  "gt_count": 6900,
  "mean_obj_recall": 0.030805657679423188,
  "mean_scene_recall": 0.023865488418837077,
  "obj_recalls": {"1": 0.016150740242261104, "2": 0.045351473922902494, "3": 0.033854166666666664, "4": 0.02861952861952862, "5": 0.015789473684210527, "6": 0.0, "7": 0.004, "8": 0.0, "9": 0.02032520325203252, "10": 0.013986013986013986, "11": 0.005714285714285714, "12": 0.007194244604316547, "13": 0.05, "14": 0.06164383561643835, "15": 0.0547945205479452, "16": 0.11170212765957446, "17": 0.3972602739726027, "18": 0.00684931506849315, "19": 0.005235602094240838, "20": 0.0, "21": 0.0, "22": 0.0, "23": 0.004032258064516129, "24": 0.03125, "25": 0.0, "26": 0.0, "27": 0.010416666666666666, "28": 0.0, "29": 0.0, "30": 0.0},
  "recall": 0.029269811614510352,
  "scene_recalls": {"1": 0.0, "2": 0.0, "3": 0.004366812227074236, "4": 0.005128205128205128, "5": 0.020491803278688523, "6": 0.004273504273504274, "7": 0.09278350515463918, "8": 0.003401360544217687, "9": 0.032846715328467155, "10": 0.017361111111111112, "11": 0.025380710659898477, "12": 0.027491408934707903, "13": 0.0, "14": 0.0029850746268656717, "15": 0.0034602076124567475, "16": 0.11886304909560723, "17": 0.018404907975460124, "18": 0.010380622837370242, "19": 0.05411764705882353, "20": 0.03557312252964427},
  "targets_count": 6423,
  "tp_count": 188
}