{
  "gt_count": 6900,
  "mean_obj_recall": 0.5693179627555308,
  "mean_scene_recall": 0.5496976921881791,
  "obj_recalls": {"1": 0.32301480484522205, "2": 0.3786848072562358, "3": 0.4010416666666667, "4": 0.25757575757575757, "5": 0.7631578947368421, "6": 0.673469387755102, "7": 0.724, "8": 0.5733333333333334, "9": 0.8699186991869918, "10": 0.6993006993006993, "11": 0.4857142857142857, "12": 0.6834532374100719, "13": 0.6357142857142857, "14": 0.5, "15": 0.7534246575342466, "16": 0.6063829787234043, "17": 0.9178082191780822, "18": 0.6095890410958904, "19": 0.4397905759162304, "20": 0.38333333333333336, "21": 0.44571428571428573, "22": 0.4095744680851064, "23": 0.592741935483871, "24": 0.453125, "25": 0.3157894736842105, "26": 0.5555555555555556, "27": 0.7708333333333334, "28": 0.65625, "29": 0.673469387755102, "30": 0.5277777777777778},
  "recall": 0.5117546317919975,
  "scene_recalls": {"1": 0.4873096446700508, "2": 0.7482993197278912, "3": 0.7074235807860262, "4": 0.5384615384615384, "5": 0.639344262295082, "6": 0.5512820512820513, "7": 0.615979381443299, "8": 0.5204081632653061, "9": 0.3448905109489051, "10": 0.5972222222222222, "11": 0.8071065989847716, "12": 0.6288659793814433, "13": 0.40166204986149584, "14": 0.40298507462686567, "15": 0.6124567474048442, "16": 0.6434108527131783, "17": 0.50920245398773, "18": 0.4083044982698962, "19": 0.5552941176470588, "20": 0.2740447957839262},
  "targets_count": 6423,
  "tp_count": 3287
}