{
  "gt_count": 6900,
  "mean_obj_recall": 0.060108828620568426,
  "mean_scene_recall": 0.050254471962287904,
  "obj_recalls": {"1": 0.040376850605652756, "2": 0.09297052154195011, "3": 0.078125, "4": 0.06060606060606061, "5": 0.021052631578947368, "6": 0.0, "7": 0.008, "8": 0.03333333333333333, "9": 0.052845528455284556, "10": 0.04895104895104895, "11": 0.02857142857142857, "12": 0.02877697841726619, "13": 0.07142857142857142, "14": 0.1232876712328767, "15": 0.14383561643835616, "16": 0.16489361702127658, "17": 0.5068493150684932, "18": 0.0273972602739726, "19": 0.02617801047120419, "20": 0.008333333333333333, "21": 0.005714285714285714, "22": 0.005319148936170213, "23": 0.036290322580645164, "24": 0.10416666666666667, "25": 0.0, "26": 0.020202020202020204, "27": 0.020833333333333332, "28": 0.020833333333333332, "29": 0.01020408163265306, "30": 0.013888888888888888},
  "recall": 0.059785147127510506,
  "scene_recalls": {"1": 0.015228426395939087, "2": 0.0, "3": 0.039301310043668124, "4": 0.015384615384615385, "5": 0.036885245901639344, "6": 0.01282051282051282, "7": 0.13402061855670103, "8": 0.017006802721088437, "9": 0.08211678832116788, "10": 0.07291666666666667, "11": 0.06091370558375635, "12": 0.06529209621993128, "13": 0.019390581717451522, "14": 0.008955223880597015, "15": 0.01384083044982699, "16": 0.16020671834625322, "17": 0.03680981595092025, "18": 0.01730103806228374, "19": 0.11764705882352941, "20": 0.07905138339920949},
  "targets_count": 6423,
  "tp_count": 384
}