{
  "gt_count": 6900,
  "mean_obj_recall": 0.36472362730679986,
  "mean_scene_recall": 0.34964598959096016,
  "obj_recalls": {"1": 0.16150740242261102, "2": 0.18140589569160998, "3": 0.21614583333333334, "4": 0.14646464646464646, "5": 0.6105263157894737, "6": 0.35714285714285715, "7": 0.608, "8": 0.2866666666666667, "9": 0.6910569105691057, "10": 0.45454545454545453, "11": 0.22857142857142856, "12": 0.460431654676259, "13": 0.39285714285714285, "14": 0.2602739726027397, "15": 0.4931506849315068, "16": 0.28191489361702127, "17": 0.8424657534246576, "18": 0.3561643835616438, "19": 0.2198952879581152, "20": 0.18333333333333332, "21": 0.26285714285714284, "22": 0.24468085106382978, "23": 0.3548387096774194, "24": 0.2604166666666667, "25": 0.17894736842105263, "26": 0.3333333333333333, "27": 0.625, "28": 0.3802083333333333, "29": 0.45918367346938777, "30": 0.4097222222222222},
  "recall": 0.31932118947532306,
  "scene_recalls": {"1": 0.3197969543147208, "2": 0.5510204081632653, "3": 0.43231441048034935, "4": 0.31794871794871793, "5": 0.430327868852459, "6": 0.31196581196581197, "7": 0.34536082474226804, "8": 0.2687074829931973, "9": 0.19160583941605838, "10": 0.3784722222222222, "11": 0.6142131979695431, "12": 0.4020618556701031, "13": 0.23268698060941828, "14": 0.208955223880597, "15": 0.43944636678200694, "16": 0.40310077519379844, "17": 0.3496932515337423, "18": 0.2560553633217993, "19": 0.39294117647058824, "20": 0.14624505928853754},
  "targets_count": 6423,
  "tp_count": 2051
}