{
  "gt_count": 6900,
  "mean_obj_recall": 0.05124240978023698,
  "mean_scene_recall": 0.04363144377753215,
  "obj_recalls": {"1": 0.012113055181695828, "2": 0.011337868480725623, "3": 0.0078125, "4": 0.008417508417508417, "5": 0.07894736842105263, "6": 0.030612244897959183, "7": 0.076, "8": 0.02666666666666667, "9": 0.1016260162601626, "10": 0.04195804195804196, "11": 0.005714285714285714, "12": 0.02877697841726619, "13": 0.05, "14": 0.0273972602739726, "15": 0.1232876712328767, "16": 0.02127659574468085, "17": 0.3356164383561644, "18": 0.0410958904109589, "19": 0.010471204188481676, "20": 0.016666666666666666, "21": 0.017142857142857144, "22": 0.03723404255319149, "23": 0.016129032258064516, "24": 0.036458333333333336, "25": 0.010526315789473684, "26": 0.020202020202020204, "27": 0.10416666666666667, "28": 0.046875, "29": 0.08163265306122448, "30": 0.1111111111111111},
  "recall": 0.040479526700918575,
  "scene_recalls": {"1": 0.050761421319796954, "2": 0.07482993197278912, "3": 0.039301310043668124, "4": 0.02564102564102564, "5": 0.036885245901639344, "6": 0.01282051282051282, "7": 0.05670103092783505, "8": 0.030612244897959183, "9": 0.0072992700729927005, "10": 0.041666666666666664, "11": 0.08629441624365482, "12": 0.03436426116838488, "13": 0.0221606648199446, "14": 0.008955223880597015, "15": 0.06228373702422145, "16": 0.07235142118863049, "17": 0.06441717791411043, "18": 0.03460207612456748, "19": 0.0988235294117647, "20": 0.011857707509881422},
  "targets_count": 6423,
  "tp_count": 260
}