{
  "gt_count": 6900,
  "mean_obj_recall": 0.5154051981254227,
  "mean_scene_recall": 0.49788759819670336,
  "obj_recalls": {"1": 0.2691790040376851, "2": 0.30839002267573695, "3": 0.3489583333333333, "4": 0.2239057239057239, "5": 0.7631578947368421, "6": 0.6020408163265306, "7": 0.7, "8": 0.52, "9": 0.8252032520325203, "10": 0.6153846153846154, "11": 0.41714285714285715, "12": 0.6187050359712231, "13": 0.5642857142857143, "14": 0.4452054794520548, "15": 0.6643835616438356, "16": 0.4946808510638298, "17": 0.910958904109589, "18": 0.547945205479452, "19": 0.387434554973822, "20": 0.3375, "21": 0.4, "22": 0.39361702127659576, "23": 0.5282258064516129, "24": 0.375, "25": 0.2736842105263158, "26": 0.48484848484848486, "27": 0.71875, "28": 0.6145833333333334, "29": 0.6020408163265306, "30": 0.5069444444444444},
  "recall": 0.459598318542737,
  "scene_recalls": {"1": 0.43147208121827413, "2": 0.7074829931972789, "3": 0.6375545851528385, "4": 0.49743589743589745, "5": 0.5655737704918032, "6": 0.5085470085470085, "7": 0.538659793814433, "8": 0.4557823129251701, "9": 0.30656934306569344, "10": 0.5451388888888888, "11": 0.766497461928934, "12": 0.5773195876288659, "13": 0.3684210526315789, "14": 0.34626865671641793, "15": 0.5813148788927336, "16": 0.5684754521963824, "17": 0.4601226993865031, "18": 0.370242214532872, "19": 0.5035294117647059, "20": 0.22134387351778656},
  "targets_count": 6423,
  "tp_count": 2952
}