{
  "AP": 0.24325099268966932,
  "AP50": 0.28987277566726527,
  "AP75": 0.2874130092133233,
  "AP_large": 0.30899293249381504,
  "AP_medium": 0.36387466686911046,
  "AP_small": 0.4676842684268427,
  "AR1": 0.8035357142857144,
  "AR10": 0.8053214285714286,
  "AR100": 0.8055714285714286,
  "AR_large": 0.8832661135856625,
  "AR_medium": 0.8043513529717033,
  "AR_small": 0.6333333333333333,
  "average_time_per_image": 0.08488127223417766
}