{
  "gt_count": 1517,
  "mean_obj_recall": 0.9903404344193818,
  "mean_scene_recall": 0.9903114186851211,
  "obj_recalls": {"1": 0.9885714285714285, "5": 1.0, "6": 0.9941520467836257, "8": 1.0, "9": 1.0, "10": 0.95, "11": 1.0, "12": 0.99},
  "recall": 0.9903114186851211,
  "scene_recalls": {"2": 0.9903114186851211},
  "targets_count": 1445,
  "tp_count": 1431
}