{
  "gt_count": 6900,
  "mean_obj_recall": 0.3564465623590041,
  "mean_scene_recall": 0.34496783626275673,
  "obj_recalls": {"1": 0.2503364737550471, "2": 0.3378684807256236, "3": 0.4036458333333333, "4": 0.28619528619528617, "5": 0.26842105263157895, "6": 0.2755102040816326, "7": 0.4, "8": 0.4666666666666667, "9": 0.6300813008130082, "10": 0.22377622377622378, "11": 0.21714285714285714, "12": 0.33093525179856115, "13": 0.45714285714285713, "14": 0.5068493150684932, "15": 0.4383561643835616, "16": 0.6223404255319149, "17": 0.773972602739726, "18": 0.1643835616438356, "19": 0.21465968586387435, "20": 0.30833333333333335, "21": 0.21142857142857144, "22": 0.1595744680851064, "23": 0.36693548387096775, "24": 0.3333333333333333, "25": 0.10526315789473684, "26": 0.16161616161616163, "27": 0.5729166666666666, "28": 0.17708333333333334, "29": 0.45918367346938777, "30": 0.5694444444444444},
  "recall": 0.34469873890705277,
  "scene_recalls": {"1": 0.350253807106599, "2": 0.3129251700680272, "3": 0.4279475982532751, "4": 0.2, "5": 0.4180327868852459, "6": 0.2264957264957265, "7": 0.3917525773195876, "8": 0.23469387755102042, "9": 0.31204379562043794, "10": 0.3611111111111111, "11": 0.4517766497461929, "12": 0.48109965635738833, "13": 0.19113573407202217, "14": 0.28059701492537314, "15": 0.3633217993079585, "16": 0.4263565891472868, "17": 0.38650306748466257, "18": 0.28719723183391005, "19": 0.49176470588235294, "20": 0.30434782608695654},
  "targets_count": 6423,
  "tp_count": 2214
}