{
  "gt_count": 6900,
  "mean_obj_recall": 0.24007487539365494,
  "mean_scene_recall": 0.22737244865232226,
  "obj_recalls": {"1": 0.12516823687752354, "2": 0.25170068027210885, "3": 0.3333333333333333, "4": 0.18518518518518517, "5": 0.19473684210526315, "6": 0.20408163265306123, "7": 0.224, "8": 0.24666666666666667, "9": 0.491869918699187, "10": 0.06293706293706294, "11": 0.09714285714285714, "12": 0.16546762589928057, "13": 0.30714285714285716, "14": 0.3972602739726027, "15": 0.3698630136986301, "16": 0.5478723404255319, "17": 0.7191780821917808, "18": 0.0547945205479452, "19": 0.07853403141361257, "20": 0.2, "21": 0.06285714285714286, "22": 0.07446808510638298, "23": 0.2661290322580645, "24": 0.24479166666666666, "25": 0.010526315789473684, "26": 0.030303030303030304, "27": 0.3333333333333333, "28": 0.0625, "29": 0.3673469387755102, "30": 0.4930555555555556},
  "recall": 0.23182313560641446,
  "scene_recalls": {"1": 0.25380710659898476, "2": 0.2108843537414966, "3": 0.2445414847161572, "4": 0.07179487179487179, "5": 0.22950819672131148, "6": 0.13247863247863248, "7": 0.3170103092783505, "8": 0.1326530612244898, "9": 0.22262773722627738, "10": 0.22916666666666666, "11": 0.28426395939086296, "12": 0.36082474226804123, "13": 0.0997229916897507, "14": 0.16119402985074627, "15": 0.2491349480968858, "16": 0.34366925064599485, "17": 0.2392638036809816, "18": 0.18685121107266436, "19": 0.3764705882352941, "20": 0.2015810276679842},
  "targets_count": 6423,
  "tp_count": 1489
}