{
  "gt_count": 6900,
  "mean_obj_recall": 0.3051711598257535,
  "mean_scene_recall": 0.29218161935105597,
  "obj_recalls": {"1": 0.1816958277254374, "2": 0.29705215419501135, "3": 0.3697916666666667, "4": 0.2474747474747475, "5": 0.23157894736842105, "6": 0.23469387755102042, "7": 0.32, "8": 0.37333333333333335, "9": 0.5650406504065041, "10": 0.18181818181818182, "11": 0.18857142857142858, "12": 0.2805755395683453, "13": 0.4142857142857143, "14": 0.4726027397260274, "15": 0.410958904109589, "16": 0.601063829787234, "17": 0.7534246575342466, "18": 0.13013698630136986, "19": 0.13612565445026178, "20": 0.26666666666666666, "21": 0.13142857142857142, "22": 0.1276595744680851, "23": 0.31451612903225806, "24": 0.2760416666666667, "25": 0.031578947368421054, "26": 0.08080808080808081, "27": 0.4791666666666667, "28": 0.09375, "29": 0.42857142857142855, "30": 0.5347222222222222},
  "recall": 0.2936322590689709,
  "scene_recalls": {"1": 0.30456852791878175, "2": 0.2789115646258503, "3": 0.3799126637554585, "4": 0.1282051282051282, "5": 0.35655737704918034, "6": 0.1794871794871795, "7": 0.34536082474226804, "8": 0.1870748299319728, "9": 0.25364963503649635, "10": 0.2777777777777778, "11": 0.38071065989847713, "12": 0.436426116838488, "13": 0.1523545706371191, "14": 0.21791044776119403, "15": 0.2906574394463668, "16": 0.40310077519379844, "17": 0.3282208588957055, "18": 0.22145328719723184, "19": 0.45647058823529413, "20": 0.2648221343873518},
  "targets_count": 6423,
  "tp_count": 1886
}