{
  "gt_count": 6900,
  "mean_obj_recall": 0.017589990298318536,
  "mean_scene_recall": 0.013204362750538542,
  "obj_recalls": {"1": 0.004037685060565276, "2": 0.006802721088435374, "3": 0.010416666666666666, "4": 0.006734006734006734, "5": 0.0, "6": 0.0, "7": 0.004, "8": 0.013333333333333334, "9": 0.008130081300813009, "10": 0.0, "11": 0.0, "12": 0.0, "13": 0.014285714285714285, "14": 0.02054794520547945, "15": 0.0547945205479452, "16": 0.10106382978723404, "17": 0.13013698630136986, "18": 0.0, "19": 0.0, "20": 0.004166666666666667, "21": 0.0, "22": 0.0, "23": 0.012096774193548387, "24": 0.026041666666666668, "25": 0.0, "26": 0.0, "27": 0.0, "28": 0.0, "29": 0.0, "30": 0.1111111111111111},
  "recall": 0.014790596294566402,
  "scene_recalls": {"1": 0.030456852791878174, "2": 0.0, "3": 0.008733624454148471, "4": 0.0, "5": 0.004098360655737705, "6": 0.0, "7": 0.020618556701030927, "8": 0.006802721088435374, "9": 0.0072992700729927005, "10": 0.017361111111111112, "11": 0.0, "12": 0.010309278350515464, "13": 0.0, "14": 0.0, "15": 0.020761245674740483, "16": 0.05426356589147287, "17": 0.006134969325153374, "18": 0.0034602076124567475, "19": 0.06588235294117648, "20": 0.007905138339920948},
  "targets_count": 6423,
  "tp_count": 95
}