{
  "gt_count": 6900,
  "mean_obj_recall": 0.1818917084325287,
  "mean_scene_recall": 0.16615351795371863,
  "obj_recalls": {"1": 0.09959623149394348, "2": 0.17687074829931973, "3": 0.2526041666666667, "4": 0.12626262626262627, "5": 0.11578947368421053, "6": 0.10204081632653061, "7": 0.152, "8": 0.18666666666666668, "9": 0.34552845528455284, "10": 0.0, "11": 0.05714285714285714, "12": 0.10071942446043165, "13": 0.22857142857142856, "14": 0.363013698630137, "15": 0.3356164383561644, "16": 0.5, "17": 0.6712328767123288, "18": 0.03424657534246575, "19": 0.03664921465968586, "20": 0.1125, "21": 0.03428571428571429, "22": 0.05851063829787234, "23": 0.1814516129032258, "24": 0.19270833333333334, "25": 0.010526315789473684, "26": 0.010101010101010102, "27": 0.22916666666666666, "28": 0.036458333333333336, "29": 0.25510204081632654, "30": 0.4513888888888889},
  "recall": 0.17375058383932743,
  "scene_recalls": {"1": 0.18274111675126903, "2": 0.1292517006802721, "3": 0.1615720524017467, "4": 0.03076923076923077, "5": 0.14344262295081966, "6": 0.0641025641025641, "7": 0.27319587628865977, "8": 0.0782312925170068, "9": 0.17153284671532848, "10": 0.17708333333333334, "11": 0.19289340101522842, "12": 0.27491408934707906, "13": 0.06371191135734072, "14": 0.08955223880597014, "15": 0.1972318339100346, "16": 0.29198966408268734, "17": 0.18098159509202455, "18": 0.12802768166089964, "19": 0.34823529411764703, "20": 0.14361001317523056},
  "targets_count": 6423,
  "tp_count": 1116
}