{
  "gt_count": 6900,
  "mean_obj_recall": 0.10242776722453059,
  "mean_scene_recall": 0.08538104169970843,
  "obj_recalls": {"1": 0.040376850605652756, "2": 0.07936507936507936, "3": 0.10677083333333333, "4": 0.05387205387205387, "5": 0.05263157894736842, "6": 0.030612244897959183, "7": 0.04, "8": 0.08666666666666667, "9": 0.21138211382113822, "10": 0.0, "11": 0.0, "12": 0.007194244604316547, "13": 0.12142857142857143, "14": 0.15753424657534246, "15": 0.23972602739726026, "16": 0.40425531914893614, "17": 0.5616438356164384, "18": 0.00684931506849315, "19": 0.010471204188481676, "20": 0.0375, "21": 0.005714285714285714, "22": 0.015957446808510637, "23": 0.07258064516129033, "24": 0.11979166666666667, "25": 0.0, "26": 0.0, "27": 0.13541666666666666, "28": 0.015625, "29": 0.11224489795918367, "30": 0.3472222222222222},
  "recall": 0.09248014946286783,
  "scene_recalls": {"1": 0.10152284263959391, "2": 0.034013605442176874, "3": 0.048034934497816595, "4": 0.015384615384615385, "5": 0.06557377049180328, "6": 0.008547008547008548, "7": 0.16752577319587628, "8": 0.047619047619047616, "9": 0.07116788321167883, "10": 0.06597222222222222, "11": 0.08629441624365482, "12": 0.12027491408934708, "13": 0.0221606648199446, "14": 0.03283582089552239, "15": 0.1314878892733564, "16": 0.22739018087855298, "17": 0.07668711656441718, "18": 0.0726643598615917, "19": 0.24, "20": 0.07246376811594203},
  "targets_count": 6423,
  "tp_count": 594
}