{
  "gt_count": 6900,
  "mean_obj_recall": 0.32389663299131255,
  "mean_scene_recall": 0.31288155833967535,
  "obj_recalls": {"1": 0.2126514131897712, "2": 0.31519274376417233, "3": 0.3802083333333333, "4": 0.2676767676767677, "5": 0.25263157894736843, "6": 0.2653061224489796, "7": 0.348, "8": 0.41333333333333333, "9": 0.5934959349593496, "10": 0.1888111888111888, "11": 0.2057142857142857, "12": 0.31654676258992803, "13": 0.42857142857142855, "14": 0.5, "15": 0.4246575342465753, "16": 0.601063829787234, "17": 0.7602739726027398, "18": 0.14383561643835616, "19": 0.16753926701570682, "20": 0.2791666666666667, "21": 0.14857142857142858, "22": 0.13297872340425532, "23": 0.3387096774193548, "24": 0.2916666666666667, "25": 0.042105263157894736, "26": 0.08080808080808081, "27": 0.5, "28": 0.11979166666666667, "29": 0.4489795918367347, "30": 0.5486111111111112},
  "recall": 0.3135606414448077,
  "scene_recalls": {"1": 0.3248730964467005, "2": 0.2857142857142857, "3": 0.40611353711790393, "4": 0.15897435897435896, "5": 0.3729508196721312, "6": 0.2094017094017094, "7": 0.36597938144329895, "8": 0.20748299319727892, "9": 0.2755474452554745, "10": 0.2986111111111111, "11": 0.41624365482233505, "12": 0.44673539518900346, "13": 0.1634349030470914, "14": 0.23880597014925373, "15": 0.3079584775086505, "16": 0.4160206718346253, "17": 0.3588957055214724, "18": 0.2560553633217993, "19": 0.46588235294117647, "20": 0.28194993412384717},
  "targets_count": 6423,
  "tp_count": 2014
}