{
  "gt_count": 6900,
  "mean_obj_recall": 0.37052016711663344,
  "mean_scene_recall": 0.35903857719794163,
  "obj_recalls": {"1": 0.2611036339165545, "2": 0.3469387755102041, "3": 0.4166666666666667, "4": 0.2996632996632997, "5": 0.29473684210526313, "6": 0.32653061224489793, "7": 0.412, "8": 0.48, "9": 0.6341463414634146, "10": 0.23776223776223776, "11": 0.2342857142857143, "12": 0.35251798561151076, "13": 0.4714285714285714, "14": 0.5136986301369864, "15": 0.4452054794520548, "16": 0.6223404255319149, "17": 0.7876712328767124, "18": 0.17123287671232876, "19": 0.225130890052356, "20": 0.31666666666666665, "21": 0.24, "22": 0.1702127659574468, "23": 0.3790322580645161, "24": 0.3541666666666667, "25": 0.10526315789473684, "26": 0.1717171717171717, "27": 0.5833333333333334, "28": 0.19270833333333334, "29": 0.5, "30": 0.5694444444444444},
  "recall": 0.3576210493538845,
  "scene_recalls": {"1": 0.3553299492385787, "2": 0.3333333333333333, "3": 0.4497816593886463, "4": 0.22564102564102564, "5": 0.4344262295081967, "6": 0.24786324786324787, "7": 0.39948453608247425, "8": 0.24829931972789115, "9": 0.32299270072992703, "10": 0.375, "11": 0.4720812182741117, "12": 0.4845360824742268, "13": 0.20498614958448755, "14": 0.29253731343283584, "15": 0.3806228373702422, "16": 0.4315245478036176, "17": 0.401840490797546, "18": 0.30103806228373703, "19": 0.5058823529411764, "20": 0.31357048748353095},
  "targets_count": 6423,
  "tp_count": 2297
}