{
  "gt_count": 6900,
  "mean_obj_recall": 0.3410090483106947,
  "mean_scene_recall": 0.33007622434902595,
  "obj_recalls": {"1": 0.23553162853297444, "2": 0.32653061224489793, "3": 0.3932291666666667, "4": 0.2777777777777778, "5": 0.2631578947368421, "6": 0.2653061224489796, "7": 0.38, "8": 0.43333333333333335, "9": 0.6219512195121951, "10": 0.2097902097902098, "11": 0.2057142857142857, "12": 0.3237410071942446, "13": 0.45, "14": 0.5, "15": 0.4315068493150685, "16": 0.6223404255319149, "17": 0.7671232876712328, "18": 0.15753424657534246, "19": 0.18324607329842932, "20": 0.29583333333333334, "21": 0.17714285714285713, "22": 0.14893617021276595, "23": 0.35080645161290325, "24": 0.3177083333333333, "25": 0.06315789473684211, "26": 0.12121212121212122, "27": 0.5520833333333334, "28": 0.15104166666666666, "29": 0.4489795918367347, "30": 0.5555555555555556},
  "recall": 0.3305309045617313,
  "scene_recalls": {"1": 0.3299492385786802, "2": 0.29931972789115646, "3": 0.4104803493449782, "4": 0.18461538461538463, "5": 0.4057377049180328, "6": 0.21794871794871795, "7": 0.38402061855670105, "8": 0.22789115646258504, "9": 0.29744525547445255, "10": 0.3298611111111111, "11": 0.4263959390862944, "12": 0.46735395189003437, "13": 0.1772853185595568, "14": 0.25671641791044775, "15": 0.33217993079584773, "16": 0.42118863049095606, "17": 0.3803680981595092, "18": 0.28027681660899656, "19": 0.48, "20": 0.2924901185770751},
  "targets_count": 6423,
  "tp_count": 2123
}