{
  "gt_count": 6900,
  "mean_obj_recall": 0.27873952001881797,
  "mean_scene_recall": 0.26654756793211487,
  "obj_recalls": {"1": 0.15612382234185734, "2": 0.2811791383219955, "3": 0.3645833333333333, "4": 0.22053872053872053, "5": 0.21578947368421053, "6": 0.22448979591836735, "7": 0.296, "8": 0.3, "9": 0.5284552845528455, "10": 0.13986013986013987, "11": 0.16, "12": 0.23741007194244604, "13": 0.37857142857142856, "14": 0.4246575342465753, "15": 0.3904109589041096, "16": 0.5904255319148937, "17": 0.7465753424657534, "18": 0.11643835616438356, "19": 0.10471204188481675, "20": 0.25, "21": 0.09142857142857143, "22": 0.09574468085106383, "23": 0.2862903225806452, "24": 0.265625, "25": 0.031578947368421054, "26": 0.06060606060606061, "27": 0.3854166666666667, "28": 0.08333333333333333, "29": 0.40816326530612246, "30": 0.5277777777777778},
  "recall": 0.26887747158648606,
  "scene_recalls": {"1": 0.29441624365482233, "2": 0.2653061224489796, "3": 0.3318777292576419, "4": 0.09743589743589744, "5": 0.29508196721311475, "6": 0.1581196581196581, "7": 0.33505154639175255, "8": 0.15306122448979592, "9": 0.2354014598540146, "10": 0.2569444444444444, "11": 0.34517766497461927, "12": 0.41580756013745707, "13": 0.13019390581717452, "14": 0.19402985074626866, "15": 0.2768166089965398, "16": 0.3772609819121447, "17": 0.2883435582822086, "18": 0.20761245674740483, "19": 0.43058823529411766, "20": 0.24242424242424243},
  "targets_count": 6423,
  "tp_count": 1727
}