{
  "AP": 0.6338758493578053,
  "AP50": 0.7698028557673167,
  "AP75": 0.7079262456895171,
  "AP_large": 0.6779491821942673,
  "AP_medium": 0.5989433520969518,
  "AP_small": 0.21645020713083285,
  "AR1": 0.6592064614267819,
  "AR10": 0.7887114837981721,
  "AR100": 0.7899509004552533,
  "AR_large": 0.8739861666421328,
  "AR_medium": 0.6848524019554492,
  "AR_small": 0.21749236655262483,
  "average_time_per_image": 0.20000000000000004
}