{
  "gt_count": 6900,
  "mean_obj_recall": 0.18899579724390353,
  "mean_scene_recall": 0.17537072929894554,
  "obj_recalls": {"1": 0.13728129205921938, "2": 0.19727891156462585, "3": 0.2682291666666667, "4": 0.13131313131313133, "5": 0.12105263157894737, "6": 0.16326530612244897, "7": 0.132, "8": 0.18, "9": 0.17886178861788618, "10": 0.16083916083916083, "11": 0.12, "12": 0.1366906474820144, "13": 0.22142857142857142, "14": 0.2191780821917808, "15": 0.17123287671232876, "16": 0.3617021276595745, "17": 0.4863013698630137, "18": 0.2191780821917808, "19": 0.17801047120418848, "20": 0.10416666666666667, "21": 0.07428571428571429, "22": 0.10106382978723404, "23": 0.21774193548387097, "24": 0.17708333333333334, "25": 0.18947368421052632, "26": 0.1111111111111111, "27": 0.28125, "28": 0.140625, "29": 0.1836734693877551, "30": 0.3055555555555556},
  "recall": 0.18044527479371011,
  "scene_recalls": {"1": 0.18781725888324874, "2": 0.10204081632653061, "3": 0.1703056768558952, "4": 0.13333333333333333, "5": 0.22131147540983606, "6": 0.14102564102564102, "7": 0.2268041237113402, "8": 0.1360544217687075, "9": 0.18248175182481752, "10": 0.16666666666666666, "11": 0.17766497461928935, "12": 0.18900343642611683, "13": 0.12465373961218837, "14": 0.15223880597014924, "15": 0.20069204152249134, "16": 0.2454780361757106, "17": 0.19325153374233128, "18": 0.10380622837370242, "19": 0.28941176470588237, "20": 0.16337285902503293},
  "targets_count": 6423,
  "tp_count": 1159
}