{
  "gt_count": 6900,
  "mean_obj_recall": 0.06776727062689172,
  "mean_scene_recall": 0.05763966900511549,
  "obj_recalls": {"1": 0.05114401076716016, "2": 0.09977324263038549, "3": 0.109375, "4": 0.04377104377104377, "5": 0.031578947368421054, "6": 0.0, "7": 0.008, "8": 0.013333333333333334, "9": 0.036585365853658534, "10": 0.0, "11": 0.005714285714285714, "12": 0.014388489208633094, "13": 0.09285714285714286, "14": 0.1095890410958904, "15": 0.10273972602739725, "16": 0.2712765957446808, "17": 0.3493150684931507, "18": 0.06164383561643835, "19": 0.020942408376963352, "20": 0.0125, "21": 0.011428571428571429, "22": 0.0, "23": 0.04838709677419355, "24": 0.08333333333333333, "25": 0.042105263157894736, "26": 0.020202020202020204, "27": 0.08333333333333333, "28": 0.036458333333333336, "29": 0.05102040816326531, "30": 0.2222222222222222},
  "recall": 0.06570138564533708,
  "scene_recalls": {"1": 0.07106598984771574, "2": 0.013605442176870748, "3": 0.034934497816593885, "4": 0.02564102564102564, "5": 0.045081967213114756, "6": 0.008547008547008548, "7": 0.11597938144329897, "8": 0.034013605442176874, "9": 0.08759124087591241, "10": 0.052083333333333336, "11": 0.025380710659898477, "12": 0.07216494845360824, "13": 0.024930747922437674, "14": 0.011940298507462687, "15": 0.08304498269896193, "16": 0.13178294573643412, "17": 0.046012269938650305, "18": 0.02768166089965398, "19": 0.17411764705882352, "20": 0.06719367588932806},
  "targets_count": 6423,
  "tp_count": 422
}