{
  "gt_count": 6900,
  "mean_obj_recall": 0.0896927664762712,
  "mean_scene_recall": 0.07905217566201464,
  "obj_recalls": {"1": 0.06191117092866756, "2": 0.13378684807256236, "3": 0.15885416666666666, "4": 0.0707070707070707, "5": 0.042105263157894736, "6": 0.02040816326530612, "7": 0.016, "8": 0.02666666666666667, "9": 0.07317073170731707, "10": 0.0, "11": 0.03428571428571429, "12": 0.02877697841726619, "13": 0.14285714285714285, "14": 0.14383561643835616, "15": 0.1095890410958904, "16": 0.30851063829787234, "17": 0.3835616438356164, "18": 0.0821917808219178, "19": 0.03664921465968586, "20": 0.025, "21": 0.022857142857142857, "22": 0.010638297872340425, "23": 0.07258064516129033, "24": 0.10416666666666667, "25": 0.08421052631578947, "26": 0.04040404040404041, "27": 0.09375, "28": 0.052083333333333336, "29": 0.061224489795918366, "30": 0.25},
  "recall": 0.08827650630546474,
  "scene_recalls": {"1": 0.1116751269035533, "2": 0.027210884353741496, "3": 0.06550218340611354, "4": 0.03076923076923077, "5": 0.06557377049180328, "6": 0.021367521367521368, "7": 0.13402061855670103, "8": 0.04421768707482993, "9": 0.11861313868613138, "10": 0.06944444444444445, "11": 0.03553299492385787, "12": 0.10309278350515463, "13": 0.04155124653739612, "14": 0.03283582089552239, "15": 0.10380622837370242, "16": 0.16279069767441862, "17": 0.08282208588957055, "18": 0.03460207612456748, "19": 0.20470588235294118, "20": 0.09090909090909091},
  "targets_count": 6423,
  "tp_count": 567
}