{
  "gt_count": 6900,
  "mean_obj_recall": 0.13900361498940392,
  "mean_scene_recall": 0.12633739559275384,
  "obj_recalls": {"1": 0.09690444145356662, "2": 0.16780045351473924, "3": 0.21875, "4": 0.10101010101010101, "5": 0.07894736842105263, "6": 0.04081632653061224, "7": 0.064, "8": 0.13333333333333333, "9": 0.14227642276422764, "10": 0.055944055944055944, "11": 0.05714285714285714, "12": 0.09352517985611511, "13": 0.17142857142857143, "14": 0.18493150684931506, "15": 0.13013698630136986, "16": 0.35106382978723405, "17": 0.4383561643835616, "18": 0.17123287671232876, "19": 0.1256544502617801, "20": 0.0625, "21": 0.05714285714285714, "22": 0.02127659574468085, "23": 0.14112903225806453, "24": 0.13541666666666666, "25": 0.15789473684210525, "26": 0.0707070707070707, "27": 0.19791666666666666, "28": 0.09895833333333333, "29": 0.11224489795918367, "30": 0.2916666666666667},
  "recall": 0.13436089054958741,
  "scene_recalls": {"1": 0.14720812182741116, "2": 0.061224489795918366, "3": 0.13100436681222707, "4": 0.08205128205128205, "5": 0.13114754098360656, "6": 0.06837606837606838, "7": 0.19072164948453607, "8": 0.07142857142857142, "9": 0.1551094890510949, "10": 0.13194444444444445, "11": 0.09644670050761421, "12": 0.14776632302405499, "13": 0.0886426592797784, "14": 0.08059701492537313, "15": 0.16262975778546712, "16": 0.20930232558139536, "17": 0.12576687116564417, "18": 0.06920415224913495, "19": 0.24705882352941178, "20": 0.12911725955204217},
  "targets_count": 6423,
  "tp_count": 863
}