{
  "gt_count": 6900,
  "mean_obj_recall": 0.16661201269122736,
  "mean_scene_recall": 0.151919931782097,
  "obj_recalls": {"1": 0.11305518169582772, "2": 0.1927437641723356, "3": 0.25, "4": 0.1111111111111111, "5": 0.08947368421052632, "6": 0.08163265306122448, "7": 0.088, "8": 0.15333333333333332, "9": 0.17073170731707318, "10": 0.1048951048951049, "11": 0.08571428571428572, "12": 0.12949640287769784, "13": 0.19285714285714287, "14": 0.2054794520547945, "15": 0.1643835616438356, "16": 0.35638297872340424, "17": 0.4726027397260274, "18": 0.18493150684931506, "19": 0.17277486910994763, "20": 0.08333333333333333, "21": 0.06857142857142857, "22": 0.06914893617021277, "23": 0.18951612903225806, "24": 0.16145833333333334, "25": 0.16842105263157894, "26": 0.10101010101010101, "27": 0.28125, "28": 0.11458333333333333, "29": 0.14285714285714285, "30": 0.2986111111111111},
  "recall": 0.15927136851938348,
  "scene_recalls": {"1": 0.16243654822335024, "2": 0.07482993197278912, "3": 0.1572052401746725, "4": 0.10256410256410256, "5": 0.18442622950819673, "6": 0.09829059829059829, "7": 0.21391752577319587, "8": 0.11224489795918367, "9": 0.177007299270073, "10": 0.1527777777777778, "11": 0.13705583756345177, "12": 0.16494845360824742, "13": 0.10803324099722991, "14": 0.13134328358208955, "15": 0.18339100346020762, "16": 0.23255813953488372, "17": 0.15337423312883436, "18": 0.07958477508650519, "19": 0.2635294117647059, "20": 0.14888010540184454},
  "targets_count": 6423,
  "tp_count": 1023
}