{
  "gt_count": 6900,
  "mean_obj_recall": 0.02708049998010775,
  "mean_scene_recall": 0.020705005724092694,
  "obj_recalls": {"1": 0.013458950201884253, "2": 0.031746031746031744, "3": 0.046875, "4": 0.015151515151515152, "5": 0.005263157894736842, "6": 0.0, "7": 0.0, "8": 0.006666666666666667, "9": 0.0040650406504065045, "10": 0.0, "11": 0.0, "12": 0.0, "13": 0.03571428571428571, "14": 0.03424657534246575, "15": 0.0273972602739726, "16": 0.19680851063829788, "17": 0.22602739726027396, "18": 0.0, "19": 0.0, "20": 0.0, "21": 0.0, "22": 0.0, "23": 0.008064516129032258, "24": 0.015625, "25": 0.0, "26": 0.010101010101010102, "27": 0.020833333333333332, "28": 0.0, "29": 0.01020408163265306, "30": 0.10416666666666667},
  "recall": 0.025221858944418495,
  "scene_recalls": {"1": 0.030456852791878174, "2": 0.0, "3": 0.008733624454148471, "4": 0.0, "5": 0.00819672131147541, "6": 0.0, "7": 0.05412371134020619, "8": 0.006802721088435374, "9": 0.041970802919708027, "10": 0.006944444444444444, "11": 0.0, "12": 0.010309278350515464, "13": 0.0, "14": 0.0029850746268656717, "15": 0.03806228373702422, "16": 0.06459948320413436, "17": 0.006134969325153374, "18": 0.01384083044982699, "19": 0.1011764705882353, "20": 0.019762845849802372},
  "targets_count": 6423,
  "tp_count": 162
}