{
  "gt_count": 6900,
  "mean_obj_recall": 0.048961100239766894,
  "mean_scene_recall": 0.038980345526910494,
  "obj_recalls": {"1": 0.03230148048452221, "2": 0.06349206349206349, "3": 0.08072916666666667, "4": 0.02861952861952862, "5": 0.015789473684210527, "6": 0.0, "7": 0.0, "8": 0.006666666666666667, "9": 0.02032520325203252, "10": 0.0, "11": 0.0, "12": 0.007194244604316547, "13": 0.06428571428571428, "14": 0.10273972602739725, "15": 0.0684931506849315, "16": 0.23404255319148937, "17": 0.3013698630136986, "18": 0.0410958904109589, "19": 0.010471204188481676, "20": 0.004166666666666667, "21": 0.005714285714285714, "22": 0.0, "23": 0.028225806451612902, "24": 0.046875, "25": 0.010526315789473684, "26": 0.010101010101010102, "27": 0.07291666666666667, "28": 0.005208333333333333, "29": 0.04081632653061224, "30": 0.16666666666666666},
  "recall": 0.046084384244122686,
  "scene_recalls": {"1": 0.04060913705583756, "2": 0.0, "3": 0.021834061135371178, "4": 0.0, "5": 0.036885245901639344, "6": 0.004273504273504274, "7": 0.09020618556701031, "8": 0.023809523809523808, "9": 0.06386861313868614, "10": 0.03125, "11": 0.005076142131979695, "12": 0.041237113402061855, "13": 0.008310249307479225, "14": 0.005970149253731343, "15": 0.06228373702422145, "16": 0.10594315245478036, "17": 0.024539877300613498, "18": 0.020761245674740483, "19": 0.15058823529411763, "20": 0.04216073781291173},
  "targets_count": 6423,
  "tp_count": 296
}