{
  "gt_count": 6900,
  "mean_obj_recall": 0.1144755730286587,
  "mean_scene_recall": 0.10237750447268901,
  "obj_recalls": {"1": 0.07806191117092867, "2": 0.1564625850340136, "3": 0.203125, "4": 0.08417508417508418, "5": 0.06315789473684211, "6": 0.030612244897959183, "7": 0.024, "8": 0.08, "9": 0.10569105691056911, "10": 0.02097902097902098, "11": 0.05142857142857143, "12": 0.050359712230215826, "13": 0.15714285714285714, "14": 0.15753424657534246, "15": 0.1232876712328767, "16": 0.3404255319148936, "17": 0.3972602739726027, "18": 0.14383561643835616, "19": 0.08376963350785341, "20": 0.03333333333333333, "21": 0.03428571428571429, "22": 0.015957446808510637, "23": 0.10483870967741936, "24": 0.109375, "25": 0.10526315789473684, "26": 0.0707070707070707, "27": 0.17708333333333334, "28": 0.08333333333333333, "29": 0.09183673469387756, "30": 0.2569444444444444},
  "recall": 0.11131869842752608,
  "scene_recalls": {"1": 0.12690355329949238, "2": 0.04081632653061224, "3": 0.10480349344978165, "4": 0.041025641025641026, "5": 0.11475409836065574, "6": 0.042735042735042736, "7": 0.16752577319587628, "8": 0.05782312925170068, "9": 0.14416058394160583, "10": 0.09722222222222222, "11": 0.07106598984771574, "12": 0.12714776632302405, "13": 0.06371191135734072, "14": 0.056716417910447764, "15": 0.13494809688581316, "16": 0.18087855297157623, "17": 0.0950920245398773, "18": 0.04498269896193772, "19": 0.22588235294117648, "20": 0.10935441370223979},
  "targets_count": 6423,
  "tp_count": 715
}