{
  "gt_count": 6900,
  "mean_obj_recall": 0.2554606732909576,
  "mean_scene_recall": 0.24212643168642728,
  "obj_recalls": {"1": 0.1440107671601615, "2": 0.2743764172335601, "3": 0.3619791666666667, "4": 0.22053872053872053, "5": 0.2, "6": 0.21428571428571427, "7": 0.224, "8": 0.22666666666666666, "9": 0.524390243902439, "10": 0.03496503496503497, "11": 0.08571428571428572, "12": 0.14388489208633093, "13": 0.36428571428571427, "14": 0.4315068493150685, "15": 0.5205479452054794, "16": 0.6542553191489362, "17": 0.726027397260274, "18": 0.0821917808219178, "19": 0.07329842931937172, "20": 0.19583333333333333, "21": 0.045714285714285714, "22": 0.0797872340425532, "23": 0.24193548387096775, "24": 0.3072916666666667, "25": 0.010526315789473684, "26": 0.04040404040404041, "27": 0.2604166666666667, "28": 0.07291666666666667, "29": 0.3673469387755102, "30": 0.5347222222222222},
  "recall": 0.25019461310913904,
  "scene_recalls": {"1": 0.27411167512690354, "2": 0.21768707482993196, "3": 0.22707423580786026, "4": 0.08717948717948718, "5": 0.23770491803278687, "6": 0.11965811965811966, "7": 0.36597938144329895, "8": 0.11904761904761904, "9": 0.24087591240875914, "10": 0.2743055555555556, "11": 0.29949238578680204, "12": 0.4020618556701031, "13": 0.10526315789473684, "14": 0.1373134328358209, "15": 0.23529411764705882, "16": 0.3669250645994832, "17": 0.26993865030674846, "18": 0.18339100346020762, "19": 0.4447058823529412, "20": 0.23451910408432147},
  "targets_count": 6423,
  "tp_count": 1607
}