{
  "gt_count": 6900,
  "mean_obj_recall": 0.4120236431477469,
  "mean_scene_recall": 0.40153033254823567,
  "obj_recalls": {"1": 0.27052489905787347, "2": 0.4399092970521542, "3": 0.5208333333333334, "4": 0.37542087542087543, "5": 0.33157894736842103, "6": 0.35714285714285715, "7": 0.436, "8": 0.4666666666666667, "9": 0.7398373983739838, "10": 0.24475524475524477, "11": 0.2857142857142857, "12": 0.4172661870503597, "13": 0.5714285714285714, "14": 0.5616438356164384, "15": 0.6712328767123288, "16": 0.7021276595744681, "17": 0.8287671232876712, "18": 0.23972602739726026, "19": 0.2356020942408377, "20": 0.3875, "21": 0.18285714285714286, "22": 0.1702127659574468, "23": 0.3951612903225806, "24": 0.4166666666666667, "25": 0.08421052631578947, "26": 0.12121212121212122, "27": 0.5625, "28": 0.15104166666666666, "29": 0.5612244897959183, "30": 0.6319444444444444},
  "recall": 0.4043281955472521,
  "scene_recalls": {"1": 0.41624365482233505, "2": 0.38095238095238093, "3": 0.5109170305676856, "4": 0.20512820512820512, "5": 0.5040983606557377, "6": 0.2692307692307692, "7": 0.4845360824742268, "8": 0.2585034013605442, "9": 0.3905109489051095, "10": 0.4131944444444444, "11": 0.49746192893401014, "12": 0.6116838487972509, "13": 0.22714681440443213, "14": 0.29253731343283584, "15": 0.34256055363321797, "16": 0.5064599483204134, "17": 0.4447852760736196, "18": 0.314878892733564, "19": 0.5882352941176471, "20": 0.3715415019762846},
  "targets_count": 6423,
  "tp_count": 2597
}