{
  "gt_count": 6900,
  "mean_obj_recall": 0.37917302166735656,
  "mean_scene_recall": 0.36784496159262375,
  "obj_recalls": {"1": 0.23149394347240915, "2": 0.3945578231292517, "3": 0.5, "4": 0.3468013468013468, "5": 0.3105263157894737, "6": 0.35714285714285715, "7": 0.388, "8": 0.4066666666666667, "9": 0.6951219512195121, "10": 0.20279720279720279, "11": 0.2571428571428571, "12": 0.34532374100719426, "13": 0.5428571428571428, "14": 0.5273972602739726, "15": 0.636986301369863, "16": 0.6914893617021277, "17": 0.815068493150685, "18": 0.2191780821917808, "19": 0.193717277486911, "20": 0.32083333333333336, "21": 0.13142857142857142, "22": 0.14361702127659576, "23": 0.35080645161290325, "24": 0.40625, "25": 0.07368421052631578, "26": 0.1111111111111111, "27": 0.4791666666666667, "28": 0.13020833333333334, "29": 0.5408163265306123, "30": 0.625},
  "recall": 0.3700762883387825,
  "scene_recalls": {"1": 0.40609137055837563, "2": 0.35374149659863946, "3": 0.4847161572052402, "4": 0.17435897435897435, "5": 0.4385245901639344, "6": 0.24358974358974358, "7": 0.4587628865979381, "8": 0.22789115646258504, "9": 0.34306569343065696, "10": 0.3680555555555556, "11": 0.4517766497461929, "12": 0.5876288659793815, "13": 0.18282548476454294, "14": 0.2507462686567164, "15": 0.32525951557093424, "16": 0.46770025839793283, "17": 0.4049079754601227, "18": 0.28027681660899656, "19": 0.5670588235294117, "20": 0.33992094861660077},
  "targets_count": 6423,
  "tp_count": 2377
}