{
  "gt_count": 6900,
  "mean_obj_recall": 0.43482199073904315,
  "mean_scene_recall": 0.4260692575792489,
  "obj_recalls": {"1": 0.297442799461642, "2": 0.46258503401360546, "3": 0.5338541666666666, "4": 0.3939393939393939, "5": 0.3526315789473684, "6": 0.3673469387755102, "7": 0.492, "8": 0.5266666666666666, "9": 0.7601626016260162, "10": 0.26573426573426573, "11": 0.29714285714285715, "12": 0.43884892086330934, "13": 0.5714285714285714, "14": 0.5753424657534246, "15": 0.678082191780822, "16": 0.7180851063829787, "17": 0.8424657534246576, "18": 0.2602739726027397, "19": 0.2670157068062827, "20": 0.4041666666666667, "21": 0.21142857142857144, "22": 0.18085106382978725, "23": 0.4153225806451613, "24": 0.4427083333333333, "25": 0.1368421052631579, "26": 0.1414141414141414, "27": 0.6145833333333334, "28": 0.18229166666666666, "29": 0.5612244897959183, "30": 0.6527777777777778},
  "recall": 0.42705900669469093,
  "scene_recalls": {"1": 0.4365482233502538, "2": 0.3945578231292517, "3": 0.5414847161572053, "4": 0.23076923076923078, "5": 0.5245901639344263, "6": 0.29914529914529914, "7": 0.5025773195876289, "8": 0.2925170068027211, "9": 0.4197080291970803, "10": 0.4409722222222222, "11": 0.5634517766497462, "12": 0.6323024054982818, "13": 0.24653739612188366, "14": 0.3074626865671642, "15": 0.3633217993079585, "16": 0.5193798449612403, "17": 0.4754601226993865, "18": 0.35294117647058826, "19": 0.5929411764705882, "20": 0.3847167325428195},
  "targets_count": 6423,
  "tp_count": 2743
}