{
  "gt_count": 6900,
  "mean_obj_recall": 0.4863802100903084,
  "mean_scene_recall": 0.4770826844288332,
  "obj_recalls": {"1": 0.34858681022880217, "2": 0.5034013605442177, "3": 0.5494791666666666, "4": 0.4377104377104377, "5": 0.4105263157894737, "6": 0.45918367346938777, "7": 0.548, "8": 0.5733333333333334, "9": 0.7804878048780488, "10": 0.3356643356643357, "11": 0.3142857142857143, "12": 0.4892086330935252, "13": 0.6, "14": 0.589041095890411, "15": 0.6986301369863014, "16": 0.7340425531914894, "17": 0.8561643835616438, "18": 0.2671232876712329, "19": 0.3193717277486911, "20": 0.4625, "21": 0.30857142857142855, "22": 0.28191489361702127, "23": 0.47580645161290325, "24": 0.4895833333333333, "25": 0.2, "26": 0.25252525252525254, "27": 0.7083333333333334, "28": 0.2708333333333333, "29": 0.6326530612244898, "30": 0.6944444444444444},
  "recall": 0.47516736727385955,
  "scene_recalls": {"1": 0.5126903553299492, "2": 0.46258503401360546, "3": 0.5720524017467249, "4": 0.30256410256410254, "5": 0.569672131147541, "6": 0.36324786324786323, "7": 0.5283505154639175, "8": 0.3469387755102041, "9": 0.4543795620437956, "10": 0.5173611111111112, "11": 0.6040609137055838, "12": 0.6529209621993127, "13": 0.3074792243767313, "14": 0.4, "15": 0.4429065743944637, "16": 0.5478036175710594, "17": 0.5, "18": 0.4083044982698962, "19": 0.6188235294117647, "20": 0.4295125164690382},
  "targets_count": 6423,
  "tp_count": 3052
}