{
  "gt_count": 6900,
  "mean_obj_recall": 0.4541690952049255,
  "mean_scene_recall": 0.4467712298999015,
  "obj_recalls": {"1": 0.31763122476446837, "2": 0.4852607709750567, "3": 0.5442708333333334, "4": 0.4175084175084175, "5": 0.3684210526315789, "6": 0.37755102040816324, "7": 0.528, "8": 0.5466666666666666, "9": 0.7764227642276422, "10": 0.2867132867132867, "11": 0.29714285714285715, "12": 0.45323741007194246, "13": 0.5714285714285714, "14": 0.5821917808219178, "15": 0.678082191780822, "16": 0.7287234042553191, "17": 0.8424657534246576, "18": 0.2602739726027397, "19": 0.3036649214659686, "20": 0.42916666666666664, "21": 0.25142857142857145, "22": 0.2127659574468085, "23": 0.4314516129032258, "24": 0.4479166666666667, "25": 0.15789473684210525, "26": 0.20202020202020202, "27": 0.6666666666666666, "28": 0.21875, "29": 0.5816326530612245, "30": 0.6597222222222222},
  "recall": 0.4465203176085941,
  "scene_recalls": {"1": 0.4720812182741117, "2": 0.42857142857142855, "3": 0.5502183406113537, "4": 0.26153846153846155, "5": 0.5573770491803278, "6": 0.31196581196581197, "7": 0.5128865979381443, "8": 0.30612244897959184, "9": 0.43613138686131386, "10": 0.4722222222222222, "11": 0.5685279187817259, "12": 0.6460481099656358, "13": 0.2742382271468144, "14": 0.3402985074626866, "15": 0.39792387543252594, "16": 0.524547803617571, "17": 0.4815950920245399, "18": 0.39100346020761245, "19": 0.5976470588235294, "20": 0.4044795783926219},
  "targets_count": 6423,
  "tp_count": 2868
}