{
  "gt_count": 6900,
  "mean_obj_recall": 0.4721747876792299,
  "mean_scene_recall": 0.46366580595362655,
  "obj_recalls": {"1": 0.3364737550471063, "2": 0.4943310657596372, "3": 0.546875, "4": 0.4276094276094276, "5": 0.3894736842105263, "6": 0.42857142857142855, "7": 0.532, "8": 0.5666666666666667, "9": 0.7804878048780488, "10": 0.3006993006993007, "11": 0.30857142857142855, "12": 0.4748201438848921, "13": 0.5857142857142857, "14": 0.589041095890411, "15": 0.684931506849315, "16": 0.7287234042553191, "17": 0.8561643835616438, "18": 0.2671232876712329, "19": 0.31413612565445026, "20": 0.45416666666666666, "21": 0.26857142857142857, "22": 0.24468085106382978, "23": 0.4596774193548387, "24": 0.46875, "25": 0.17894736842105263, "26": 0.23232323232323232, "27": 0.6770833333333334, "28": 0.265625, "29": 0.6224489795918368, "30": 0.6805555555555556},
  "recall": 0.46255643780165034,
  "scene_recalls": {"1": 0.4873096446700508, "2": 0.4421768707482993, "3": 0.5633187772925764, "4": 0.28717948717948716, "5": 0.5655737704918032, "6": 0.34615384615384615, "7": 0.520618556701031, "8": 0.3231292517006803, "9": 0.4416058394160584, "10": 0.4965277777777778, "11": 0.5888324873096447, "12": 0.6529209621993127, "13": 0.296398891966759, "14": 0.373134328358209, "15": 0.42560553633217996, "16": 0.5348837209302325, "17": 0.49693251533742333, "18": 0.39792387543252594, "19": 0.6141176470588235, "20": 0.4189723320158103},
  "targets_count": 6423,
  "tp_count": 2971
}