{
  "gt_count": 6900,
  "mean_obj_recall": 0.1412992894654305,
  "mean_scene_recall": 0.12111851463487504,
  "obj_recalls": {"1": 0.063257065948856, "2": 0.14285714285714285, "3": 0.17708333333333334, "4": 0.08249158249158249, "5": 0.06842105263157895, "6": 0.061224489795918366, "7": 0.072, "8": 0.11333333333333333, "9": 0.2682926829268293, "10": 0.0, "11": 0.005714285714285714, "12": 0.03597122302158273, "13": 0.2, "14": 0.2602739726027397, "15": 0.3972602739726027, "16": 0.526595744680851, "17": 0.6095890410958904, "18": 0.0136986301369863, "19": 0.010471204188481676, "20": 0.07916666666666666, "21": 0.005714285714285714, "22": 0.026595744680851064, "23": 0.07661290322580645, "24": 0.16666666666666666, "25": 0.0, "26": 0.0, "27": 0.13541666666666666, "28": 0.026041666666666668, "29": 0.1836734693877551, "30": 0.4305555555555556},
  "recall": 0.13124708080336292,
  "scene_recalls": {"1": 0.15736040609137056, "2": 0.061224489795918366, "3": 0.0611353711790393, "4": 0.03076923076923077, "5": 0.09016393442622951, "6": 0.021367521367521368, "7": 0.2345360824742268, "8": 0.05442176870748299, "9": 0.11313868613138686, "10": 0.10069444444444445, "11": 0.1218274111675127, "12": 0.19931271477663232, "13": 0.030470914127423823, "14": 0.050746268656716415, "15": 0.16262975778546712, "16": 0.2868217054263566, "17": 0.1196319018404908, "18": 0.08650519031141868, "19": 0.32235294117647056, "20": 0.11725955204216074},
  "targets_count": 6423,
  "tp_count": 843
}