{
  "gt_count": 6900,
  "mean_obj_recall": 0.3355124708661108,
  "mean_scene_recall": 0.32335273305935286,
  "obj_recalls": {"1": 0.18977119784656796, "2": 0.3673469387755102, "3": 0.4609375, "4": 0.2962962962962963, "5": 0.2631578947368421, "6": 0.32653061224489793, "7": 0.324, "8": 0.32666666666666666, "9": 0.6585365853658537, "10": 0.13286713286713286, "11": 0.18285714285714286, "12": 0.2805755395683453, "13": 0.4928571428571429, "14": 0.4726027397260274, "15": 0.6095890410958904, "16": 0.6914893617021277, "17": 0.7945205479452054, "18": 0.1506849315068493, "19": 0.15706806282722513, "20": 0.2916666666666667, "21": 0.09142857142857143, "22": 0.11170212765957446, "23": 0.32661290322580644, "24": 0.3645833333333333, "25": 0.021052631578947368, "26": 0.06060606060606061, "27": 0.3958333333333333, "28": 0.09895833333333333, "29": 0.5204081632653061, "30": 0.6041666666666666},
  "recall": 0.32788416627744044,
  "scene_recalls": {"1": 0.37055837563451777, "2": 0.3129251700680272, "3": 0.388646288209607, "4": 0.1076923076923077, "5": 0.3442622950819672, "6": 0.2094017094017094, "7": 0.42010309278350516, "8": 0.19387755102040816, "9": 0.31204379562043794, "10": 0.34375, "11": 0.39593908629441626, "12": 0.5360824742268041, "13": 0.1523545706371191, "14": 0.2208955223880597, "15": 0.30103806228373703, "16": 0.4418604651162791, "17": 0.34049079754601225, "18": 0.2560553633217993, "19": 0.52, "20": 0.29907773386034253},
  "targets_count": 6423,
  "tp_count": 2106
}