{
  "gt_count": 6900,
  "mean_obj_recall": 0.08381558974738795,
  "mean_scene_recall": 0.07617286046747995,
  "obj_recalls": {"1": 0.04306864064602961, "2": 0.06575963718820861, "3": 0.1015625, "4": 0.05723905723905724, "5": 0.08421052631578947, "6": 0.030612244897959183, "7": 0.056, "8": 0.10666666666666667, "9": 0.16260162601626016, "10": 0.02097902097902098, "11": 0.05142857142857143, "12": 0.07194244604316546, "13": 0.1, "14": 0.14383561643835616, "15": 0.13013698630136986, "16": 0.18617021276595744, "17": 0.3561643835616438, "18": 0.0273972602739726, "19": 0.05235602094240838, "20": 0.05416666666666667, "21": 0.005714285714285714, "22": 0.015957446808510637, "23": 0.0846774193548387, "24": 0.057291666666666664, "25": 0.010526315789473684, "26": 0.020202020202020204, "27": 0.17708333333333334, "28": 0.010416666666666666, "29": 0.11224489795918367, "30": 0.11805555555555555},
  "recall": 0.07768955316830142,
  "scene_recalls": {"1": 0.04568527918781726, "2": 0.07482993197278912, "3": 0.11790393013100436, "4": 0.02564102564102564, "5": 0.0778688524590164, "6": 0.038461538461538464, "7": 0.11597938144329897, "8": 0.05442176870748299, "9": 0.060218978102189784, "10": 0.06597222222222222, "11": 0.07614213197969544, "12": 0.13402061855670103, "13": 0.0332409972299169, "14": 0.03283582089552239, "15": 0.08996539792387544, "16": 0.1421188630490956, "17": 0.0705521472392638, "18": 0.06920415224913495, "19": 0.13647058823529412, "20": 0.061923583662714096},
  "targets_count": 6423,
  "tp_count": 499
}