{
  "gt_count": 6900,
  "mean_obj_recall": 0.0026106734855124774,
  "mean_scene_recall": 0.0017720420004408773,
  "obj_recalls": {"1": 0.0, "2": 0.0, "3": 0.0, "4": 0.0, "5": 0.0, "6": 0.0, "7": 0.0, "8": 0.0, "9": 0.0, "10": 0.0, "11": 0.0, "12": 0.0, "13": 0.0, "14": 0.0, "15": 0.0136986301369863, "16": 0.005319148936170213, "17": 0.02054794520547945, "18": 0.0, "19": 0.0, "20": 0.0, "21": 0.0, "22": 0.0, "23": 0.004032258064516129, "24": 0.0, "25": 0.0, "26": 0.0, "27": 0.0, "28": 0.0, "29": 0.0, "30": 0.034722222222222224},
  "recall": 0.0018682858477347033,
  "scene_recalls": {"1": 0.005076142131979695, "2": 0.0, "3": 0.0, "4": 0.0, "5": 0.0, "6": 0.0, "7": 0.002577319587628866, "8": 0.0, "9": 0.0, "10": 0.003472222222222222, "11": 0.0, "12": 0.0, "13": 0.0, "14": 0.0, "15": 0.006920415224913495, "16": 0.0103359173126615, "17": 0.0, "18": 0.0, "19": 0.007058823529411765, "20": 0.0},
  "targets_count": 6423,
  "tp_count": 12
}