{
  "gt_count": 6900,
  "mean_obj_recall": 0.07253532873502228,
  "mean_scene_recall": 0.06600560126982957,
  "obj_recalls": {"1": 0.033647375504710635, "2": 0.061224489795918366, "3": 0.0859375, "4": 0.045454545454545456, "5": 0.06842105263157895, "6": 0.02040816326530612, "7": 0.052, "8": 0.08666666666666667, "9": 0.14634146341463414, "10": 0.02097902097902098, "11": 0.05142857142857143, "12": 0.04316546762589928, "13": 0.07857142857142857, "14": 0.136986301369863, "15": 0.11643835616438356, "16": 0.18085106382978725, "17": 0.3150684931506849, "18": 0.02054794520547945, "19": 0.041884816753926704, "20": 0.05416666666666667, "21": 0.0, "22": 0.005319148936170213, "23": 0.06854838709677419, "24": 0.057291666666666664, "25": 0.0, "26": 0.010101010101010102, "27": 0.15625, "28": 0.005208333333333333, "29": 0.10204081632653061, "30": 0.1111111111111111},
  "recall": 0.0671026000311381,
  "scene_recalls": {"1": 0.03553299492385787, "2": 0.061224489795918366, "3": 0.10043668122270742, "4": 0.015384615384615385, "5": 0.06147540983606557, "6": 0.029914529914529916, "7": 0.1056701030927835, "8": 0.05102040816326531, "9": 0.04927007299270073, "10": 0.05555555555555555, "11": 0.07106598984771574, "12": 0.12371134020618557, "13": 0.027700831024930747, "14": 0.023880597014925373, "15": 0.08650519031141868, "16": 0.12919896640826872, "17": 0.05828220858895705, "18": 0.06920415224913495, "19": 0.11764705882352941, "20": 0.04743083003952569},
  "targets_count": 6423,
  "tp_count": 431
}