{
  "gt_count": 6900,
  "mean_obj_recall": 0.10666611420923419,
  "mean_scene_recall": 0.09836659696688094,
  "obj_recalls": {"1": 0.052489905787348586, "2": 0.08163265306122448, "3": 0.1328125, "4": 0.08080808080808081, "5": 0.09473684210526316, "6": 0.05102040816326531, "7": 0.076, "8": 0.12, "9": 0.21138211382113822, "10": 0.055944055944055944, "11": 0.06857142857142857, "12": 0.09352517985611511, "13": 0.10714285714285714, "14": 0.14383561643835616, "15": 0.1506849315068493, "16": 0.22340425531914893, "17": 0.3972602739726027, "18": 0.0547945205479452, "19": 0.06282722513089005, "20": 0.07916666666666666, "21": 0.022857142857142857, "22": 0.026595744680851064, "23": 0.12096774193548387, "24": 0.0625, "25": 0.021052631578947368, "26": 0.04040404040404041, "27": 0.22916666666666666, "28": 0.026041666666666668, "29": 0.17346938775510204, "30": 0.1388888888888889},
  "recall": 0.09917484041725051,
  "scene_recalls": {"1": 0.08121827411167512, "2": 0.08843537414965986, "3": 0.13537117903930132, "4": 0.05128205128205128, "5": 0.11475409836065574, "6": 0.05555555555555555, "7": 0.12886597938144329, "8": 0.06462585034013606, "9": 0.07846715328467153, "10": 0.08680555555555555, "11": 0.09137055837563451, "12": 0.15807560137457044, "13": 0.05817174515235457, "14": 0.04776119402985075, "15": 0.12802768166089964, "16": 0.17054263565891473, "17": 0.09815950920245399, "18": 0.09342560553633218, "19": 0.16, "20": 0.0764163372859025},
  "targets_count": 6423,
  "tp_count": 637
}