{
  "gt_count": 6900,
  "mean_obj_recall": 0.05044960342972902,
  "mean_scene_recall": 0.04349395112718183,
  "obj_recalls": {"1": 0.02288021534320323, "2": 0.02947845804988662, "3": 0.052083333333333336, "4": 0.037037037037037035, "5": 0.021052631578947368, "6": 0.0, "7": 0.032, "8": 0.06666666666666667, "9": 0.0975609756097561, "10": 0.0, "11": 0.017142857142857144, "12": 0.007194244604316547, "13": 0.05714285714285714, "14": 0.08904109589041095, "15": 0.10273972602739725, "16": 0.1595744680851064, "17": 0.2671232876712329, "18": 0.00684931506849315, "19": 0.015706806282722512, "20": 0.029166666666666667, "21": 0.0, "22": 0.005319148936170213, "23": 0.05241935483870968, "24": 0.041666666666666664, "25": 0.0, "26": 0.0, "27": 0.11458333333333333, "28": 0.0, "29": 0.09183673469387756, "30": 0.09722222222222222},
  "recall": 0.045773003269500234,
  "scene_recalls": {"1": 0.02030456852791878, "2": 0.04081632653061224, "3": 0.017467248908296942, "4": 0.010256410256410256, "5": 0.036885245901639344, "6": 0.01282051282051282, "7": 0.08247422680412371, "8": 0.034013605442176874, "9": 0.0364963503649635, "10": 0.03819444444444445, "11": 0.05583756345177665, "12": 0.07216494845360824, "13": 0.013850415512465374, "14": 0.014925373134328358, "15": 0.06920415224913495, "16": 0.10335917312661498, "17": 0.03987730061349693, "18": 0.04152249134948097, "19": 0.09647058823529411, "20": 0.03293807641633729},
  "targets_count": 6423,
  "tp_count": 294
}