{
  "gt_count": 6900,
  "mean_obj_recall": 0.06455287382453581,
  "mean_scene_recall": 0.0570781518099082,
  "obj_recalls": {"1": 0.02826379542395693, "2": 0.047619047619047616, "3": 0.07291666666666667, "4": 0.03872053872053872, "5": 0.03684210526315789, "6": 0.01020408163265306, "7": 0.044, "8": 0.08666666666666667, "9": 0.13008130081300814, "10": 0.013986013986013986, "11": 0.03428571428571429, "12": 0.03597122302158273, "13": 0.06428571428571428, "14": 0.11643835616438356, "15": 0.1095890410958904, "16": 0.17553191489361702, "17": 0.3082191780821918, "18": 0.0136986301369863, "19": 0.02617801047120419, "20": 0.041666666666666664, "21": 0.0, "22": 0.005319148936170213, "23": 0.06451612903225806, "24": 0.052083333333333336, "25": 0.0, "26": 0.010101010101010102, "27": 0.15625, "28": 0.0, "29": 0.10204081632653061, "30": 0.1111111111111111},
  "recall": 0.058539623229020704,
  "scene_recalls": {"1": 0.030456852791878174, "2": 0.04081632653061224, "3": 0.0611353711790393, "4": 0.015384615384615385, "5": 0.05737704918032787, "6": 0.029914529914529916, "7": 0.09020618556701031, "8": 0.04421768707482993, "9": 0.043795620437956206, "10": 0.04861111111111111, "11": 0.06598984771573604, "12": 0.10309278350515463, "13": 0.01662049861495845, "14": 0.020895522388059702, "15": 0.08650519031141868, "16": 0.12403100775193798, "17": 0.049079754601226995, "18": 0.06228373702422145, "19": 0.11294117647058824, "20": 0.03820816864295125},
  "targets_count": 6423,
  "tp_count": 376
}