{
  "gt_count": 6900,
  "mean_obj_recall": 0.01976221998556819,
  "mean_scene_recall": 0.014466969138575602,
  "obj_recalls": {"1": 0.004037685060565276, "2": 0.0045351473922902496, "3": 0.020833333333333332, "4": 0.010101010101010102, "5": 0.005263157894736842, "6": 0.0, "7": 0.004, "8": 0.02666666666666667, "9": 0.0, "10": 0.0, "11": 0.0, "12": 0.0, "13": 0.02142857142857143, "14": 0.03424657534246575, "15": 0.0410958904109589, "16": 0.09042553191489362, "17": 0.1232876712328767, "18": 0.0, "19": 0.0, "20": 0.004166666666666667, "21": 0.0, "22": 0.0, "23": 0.016129032258064516, "24": 0.020833333333333332, "25": 0.0, "26": 0.0, "27": 0.0625, "28": 0.0, "29": 0.04081632653061224, "30": 0.0625},
  "recall": 0.015880429705744978,
  "scene_recalls": {"1": 0.015228426395939087, "2": 0.0, "3": 0.013100436681222707, "4": 0.005128205128205128, "5": 0.012295081967213115, "6": 0.0, "7": 0.041237113402061855, "8": 0.01020408163265306, "9": 0.009124087591240875, "10": 0.010416666666666666, "11": 0.005076142131979695, "12": 0.013745704467353952, "13": 0.002770083102493075, "14": 0.0029850746268656717, "15": 0.03806228373702422, "16": 0.041343669250646, "17": 0.003067484662576687, "18": 0.006920415224913495, "19": 0.04941176470588235, "20": 0.00922266139657444},
  "targets_count": 6423,
  "tp_count": 102
}