{
  "gt_count": 6900,
  "mean_obj_recall": 0.09543897768460054,
  "mean_scene_recall": 0.0886245197902464,
  "obj_recalls": {"1": 0.05114401076716016, "2": 0.07029478458049887, "3": 0.1171875, "4": 0.07407407407407407, "5": 0.09473684210526316, "6": 0.05102040816326531, "7": 0.076, "8": 0.11333333333333333, "9": 0.1910569105691057, "10": 0.03496503496503497, "11": 0.06857142857142857, "12": 0.07913669064748201, "13": 0.1, "14": 0.14383561643835616, "15": 0.136986301369863, "16": 0.20212765957446807, "17": 0.3561643835616438, "18": 0.04794520547945205, "19": 0.06282722513089005, "20": 0.06666666666666667, "21": 0.011428571428571429, "22": 0.015957446808510637, "23": 0.10887096774193548, "24": 0.0625, "25": 0.021052631578947368, "26": 0.020202020202020204, "27": 0.19791666666666666, "28": 0.015625, "29": 0.1326530612244898, "30": 0.1388888888888889},
  "recall": 0.08952203020395454,
  "scene_recalls": {"1": 0.06091370558375635, "2": 0.08843537414965986, "3": 0.13537117903930132, "4": 0.03076923076923077, "5": 0.09836065573770492, "6": 0.05555555555555555, "7": 0.1211340206185567, "8": 0.05782312925170068, "9": 0.07116788321167883, "10": 0.07291666666666667, "11": 0.08121827411167512, "12": 0.140893470790378, "13": 0.05263157894736842, "14": 0.041791044776119404, "15": 0.11418685121107267, "16": 0.14987080103359174, "17": 0.0950920245398773, "18": 0.08996539792387544, "19": 0.14588235294117646, "20": 0.06851119894598155},
  "targets_count": 6423,
  "tp_count": 575
}