{
  "gt_count": 6900,
  "mean_obj_recall": 0.03617806758937703,
  "mean_scene_recall": 0.029537584714031777,
  "obj_recalls": {"1": 0.013458950201884253, "2": 0.015873015873015872, "3": 0.0390625, "4": 0.018518518518518517, "5": 0.021052631578947368, "6": 0.0, "7": 0.02, "8": 0.04, "9": 0.036585365853658534, "10": 0.0, "11": 0.005714285714285714, "12": 0.0, "13": 0.05, "14": 0.06164383561643835, "15": 0.0821917808219178, "16": 0.1276595744680851, "17": 0.2054794520547945, "18": 0.0, "19": 0.005235602094240838, "20": 0.020833333333333332, "21": 0.0, "22": 0.0, "23": 0.04032258064516129, "24": 0.026041666666666668, "25": 0.0, "26": 0.0, "27": 0.10416666666666667, "28": 0.0, "29": 0.061224489795918366, "30": 0.09027777777777778},
  "recall": 0.031138097462245058,
  "scene_recalls": {"1": 0.02030456852791878, "2": 0.027210884353741496, "3": 0.013100436681222707, "4": 0.010256410256410256, "5": 0.02459016393442623, "6": 0.004273504273504274, "7": 0.06701030927835051, "8": 0.027210884353741496, "9": 0.016423357664233577, "10": 0.020833333333333332, "11": 0.025380710659898477, "12": 0.048109965635738834, "13": 0.0110803324099723, "14": 0.005970149253731343, "15": 0.05190311418685121, "16": 0.07235142118863049, "17": 0.018404907975460124, "18": 0.02422145328719723, "19": 0.08235294117647059, "20": 0.019762845849802372},
  "targets_count": 6423,
  "tp_count": 200
}