{
  "gt_count": 6900,
  "mean_obj_recall": 0.11902351308763887,
  "mean_scene_recall": 0.11025910276438038,
  "obj_recalls": {"1": 0.059219380888290714, "2": 0.09070294784580499, "3": 0.13802083333333334, "4": 0.08754208754208755, "5": 0.11052631578947368, "6": 0.05102040816326531, "7": 0.092, "8": 0.14, "9": 0.23170731707317074, "10": 0.07692307692307693, "11": 0.08, "12": 0.1079136690647482, "13": 0.1357142857142857, "14": 0.14383561643835616, "15": 0.1506849315068493, "16": 0.2553191489361702, "17": 0.4246575342465753, "18": 0.06164383561643835, "19": 0.06806282722513089, "20": 0.09166666666666666, "21": 0.02857142857142857, "22": 0.031914893617021274, "23": 0.13709677419354838, "24": 0.07291666666666667, "25": 0.021052631578947368, "26": 0.06060606060606061, "27": 0.23958333333333334, "28": 0.041666666666666664, "29": 0.17346938775510204, "30": 0.16666666666666666},
  "recall": 0.11069593647828117,
  "scene_recalls": {"1": 0.08121827411167512, "2": 0.10204081632653061, "3": 0.15283842794759825, "4": 0.06666666666666667, "5": 0.13524590163934427, "6": 0.0641025641025641, "7": 0.14432989690721648, "8": 0.06802721088435375, "9": 0.09124087591240876, "10": 0.09375, "11": 0.1065989847715736, "12": 0.16838487972508592, "13": 0.06371191135734072, "14": 0.06865671641791045, "15": 0.1453287197231834, "16": 0.17829457364341086, "17": 0.11042944785276074, "18": 0.10380622837370242, "19": 0.17882352941176471, "20": 0.08168642951251646},
  "targets_count": 6423,
  "tp_count": 711
}