{
  "gt_count": 6900,
  "mean_obj_recall": 0.19924718676243847,
  "mean_scene_recall": 0.19040622588697043,
  "obj_recalls": {"1": 0.36608344549125166, "2": 0.36281179138321995, "3": 0.3020833333333333, "4": 0.3872053872053872, "5": 0.07368421052631578, "6": 0.030612244897959183, "7": 0.02, "8": 0.0, "9": 0.08536585365853659, "10": 0.1958041958041958, "11": 0.18857142857142858, "12": 0.07913669064748201, "13": 0.5, "14": 0.589041095890411, "15": 0.5958904109589042, "16": 0.48936170212765956, "17": 0.6986301369863014, "18": 0.02054794520547945, "19": 0.16230366492146597, "20": 0.0375, "21": 0.02857142857142857, "22": 0.05319148936170213, "23": 0.06854838709677419, "24": 0.4479166666666667, "25": 0.010526315789473684, "26": 0.0, "27": 0.010416666666666666, "28": 0.020833333333333332, "29": 0.0, "30": 0.1527777777777778},
  "recall": 0.2364938502257512,
  "scene_recalls": {"1": 0.05583756345177665, "2": 0.034013605442176874, "3": 0.09606986899563319, "4": 0.03076923076923077, "5": 0.18032786885245902, "6": 0.0811965811965812, "7": 0.3556701030927835, "8": 0.12244897959183673, "9": 0.36496350364963503, "10": 0.19444444444444445, "11": 0.116751269035533, "12": 0.23367697594501718, "13": 0.04709141274238227, "14": 0.09850746268656717, "15": 0.03806228373702422, "16": 0.40310077519379844, "17": 0.25766871165644173, "18": 0.21107266435986158, "19": 0.43058823529411766, "20": 0.45586297760210803},
  "targets_count": 6423,
  "tp_count": 1519
}