{
  "gt_count": 6900,
  "mean_obj_recall": 0.08636964886654458,
  "mean_scene_recall": 0.07486789051386804,
  "obj_recalls": {"1": 0.16285329744279947, "2": 0.1836734693877551, "3": 0.16145833333333334, "4": 0.1414141414141414, "5": 0.005263157894736842, "6": 0.0, "7": 0.0, "8": 0.0, "9": 0.012195121951219513, "10": 0.027972027972027972, "11": 0.017142857142857144, "12": 0.007194244604316547, "13": 0.30714285714285716, "14": 0.23972602739726026, "15": 0.3356164383561644, "16": 0.31382978723404253, "17": 0.4931506849315068, "18": 0.0, "19": 0.010471204188481676, "20": 0.0, "21": 0.0, "22": 0.005319148936170213, "23": 0.0, "24": 0.14583333333333334, "25": 0.0, "26": 0.0, "27": 0.0, "28": 0.0, "29": 0.0, "30": 0.020833333333333332},
  "recall": 0.10151019772691888,
  "scene_recalls": {"1": 0.005076142131979695, "2": 0.0, "3": 0.004366812227074236, "4": 0.0, "5": 0.040983606557377046, "6": 0.008547008547008548, "7": 0.21649484536082475, "8": 0.02040816326530612, "9": 0.16970802919708028, "10": 0.0625, "11": 0.01015228426395939, "12": 0.09278350515463918, "13": 0.0, "14": 0.005970149253731343, "15": 0.0034602076124567475, "16": 0.2222222222222222, "17": 0.12269938650306748, "18": 0.0726643598615917, "19": 0.22588235294117648, "20": 0.2134387351778656},
  "targets_count": 6423,
  "tp_count": 652
}