{
  "gt_count": 6900,
  "mean_obj_recall": 0.13958754178142804,
  "mean_scene_recall": 0.1288494173282598,
  "obj_recalls": {"1": 0.2718707940780619, "2": 0.2925170068027211, "3": 0.234375, "4": 0.2895622895622896, "5": 0.031578947368421054, "6": 0.0, "7": 0.0, "8": 0.0, "9": 0.036585365853658534, "10": 0.0979020979020979, "11": 0.05714285714285714, "12": 0.02877697841726619, "13": 0.42142857142857143, "14": 0.4315068493150685, "15": 0.4794520547945205, "16": 0.40425531914893614, "17": 0.5958904109589042, "18": 0.0136986301369863, "19": 0.05759162303664921, "20": 0.0, "21": 0.011428571428571429, "22": 0.02127659574468085, "23": 0.020161290322580645, "24": 0.3020833333333333, "25": 0.0, "26": 0.0, "27": 0.0, "28": 0.005208333333333333, "29": 0.0, "30": 0.08333333333333333},
  "recall": 0.16907986921999066,
  "scene_recalls": {"1": 0.015228426395939087, "2": 0.013605442176870748, "3": 0.034934497816593885, "4": 0.015384615384615385, "5": 0.09016393442622951, "6": 0.017094017094017096, "7": 0.2809278350515464, "8": 0.06462585034013606, "9": 0.28284671532846717, "10": 0.12152777777777778, "11": 0.04568527918781726, "12": 0.17869415807560138, "13": 0.0110803324099723, "14": 0.03880597014925373, "15": 0.02422145328719723, "16": 0.32558139534883723, "17": 0.1901840490797546, "18": 0.13494809688581316, "19": 0.33176470588235296, "20": 0.35968379446640314},
  "targets_count": 6423,
  "tp_count": 1086
}