{
  "gt_count": 6900,
  "mean_obj_recall": 0.7909190026766796,
  "mean_scene_recall": 0.7969611989050731,
  "obj_recalls": {"1": 0.8344549125168237, "2": 0.8412698412698413, "3": 0.859375, "4": 0.7373737373737373, "5": 0.8736842105263158, "6": 0.9081632653061225, "7": 0.748, "8": 0.5733333333333334, "9": 0.975609756097561, "10": 0.9230769230769231, "11": 0.9314285714285714, "12": 0.8920863309352518, "13": 0.8714285714285714, "14": 0.8493150684931506, "15": 0.8972602739726028, "16": 0.8829787234042553, "17": 0.9726027397260274, "18": 0.7602739726027398, "19": 0.8272251308900523, "20": 0.675, "21": 0.6342857142857142, "22": 0.5851063829787234, "23": 0.8387096774193549, "24": 0.9270833333333334, "25": 0.3368421052631579, "26": 0.6565656565656566, "27": 0.7604166666666666, "28": 0.7708333333333334, "29": 0.7448979591836735, "30": 0.6388888888888888},
  "recall": 0.8021173906274327,
  "scene_recalls": {"1": 0.6091370558375635, "2": 0.8775510204081632, "3": 0.8427947598253275, "4": 0.5794871794871795, "5": 0.889344262295082, "6": 0.8205128205128205, "7": 0.8556701030927835, "8": 0.7789115646258503, "9": 0.8248175182481752, "10": 0.8402777777777778, "11": 0.9289340101522843, "12": 0.9278350515463918, "13": 0.667590027700831, "14": 0.6985074626865672, "15": 0.7197231833910035, "16": 0.8992248062015504, "17": 0.843558282208589, "18": 0.6782006920415224, "19": 0.8376470588235294, "20": 0.8194993412384717},
  "targets_count": 6423,
  "tp_count": 5152
}