{
  "gt_count": 6900,
  "mean_obj_recall": 0.7722000789850455,
  "mean_scene_recall": 0.7785418183067847,
  "obj_recalls": {"1": 0.8250336473755047, "2": 0.8299319727891157, "3": 0.8359375, "4": 0.7289562289562289, "5": 0.868421052631579, "6": 0.8673469387755102, "7": 0.724, "8": 0.49333333333333335, "9": 0.959349593495935, "10": 0.916083916083916, "11": 0.92, "12": 0.8848920863309353, "13": 0.8714285714285714, "14": 0.8356164383561644, "15": 0.8972602739726028, "16": 0.8829787234042553, "17": 0.9726027397260274, "18": 0.7054794520547946, "19": 0.8115183246073299, "20": 0.6333333333333333, "21": 0.6171428571428571, "22": 0.5585106382978723, "23": 0.8104838709677419, "24": 0.921875, "25": 0.3157894736842105, "26": 0.6363636363636364, "27": 0.7395833333333334, "28": 0.75, "29": 0.7346938775510204, "30": 0.6180555555555556},
  "recall": 0.7849914370231978,
  "scene_recalls": {"1": 0.5989847715736041, "2": 0.8571428571428571, "3": 0.8078602620087336, "4": 0.558974358974359, "5": 0.8852459016393442, "6": 0.7948717948717948, "7": 0.8402061855670103, "8": 0.7585034013605442, "9": 0.8193430656934306, "10": 0.8194444444444444, "11": 0.9035532994923858, "12": 0.9072164948453608, "13": 0.6481994459833795, "14": 0.6626865671641791, "15": 0.6920415224913494, "16": 0.8940568475452196, "17": 0.8190184049079755, "18": 0.671280276816609, "19": 0.8258823529411765, "20": 0.8063241106719368},
  "targets_count": 6423,
  "tp_count": 5042
}