{
  "gt_count": 6900,
  "mean_obj_recall": 0.2576723897383925,
  "mean_scene_recall": 0.25287525549150897,
  "obj_recalls": {"1": 0.5127860026917901, "2": 0.42630385487528344, "3": 0.3671875, "4": 0.4663299663299663, "5": 0.1, "6": 0.08163265306122448, "7": 0.02, "8": 0.02, "9": 0.13821138211382114, "10": 0.3006993006993007, "11": 0.32, "12": 0.17266187050359713, "13": 0.6, "14": 0.6917808219178082, "15": 0.6643835616438356, "16": 0.5425531914893617, "17": 0.7328767123287672, "18": 0.0547945205479452, "19": 0.25654450261780104, "20": 0.07083333333333333, "21": 0.05714285714285714, "22": 0.11170212765957446, "23": 0.13306451612903225, "24": 0.546875, "25": 0.021052631578947368, "26": 0.0, "27": 0.041666666666666664, "28": 0.057291666666666664, "29": 0.02040816326530612, "30": 0.2013888888888889},
  "recall": 0.30530904561731276,
  "scene_recalls": {"1": 0.09137055837563451, "2": 0.05442176870748299, "3": 0.17467248908296942, "4": 0.041025641025641026, "5": 0.2459016393442623, "6": 0.15384615384615385, "7": 0.4536082474226804, "8": 0.16666666666666666, "9": 0.4489051094890511, "10": 0.2881944444444444, "11": 0.17258883248730963, "12": 0.2920962199312715, "13": 0.09695290858725762, "14": 0.14925373134328357, "15": 0.05536332179930796, "16": 0.46770025839793283, "17": 0.3220858895705521, "18": 0.31833910034602075, "19": 0.5058823529411764, "20": 0.5586297760210803},
  "targets_count": 6423,
  "tp_count": 1961
}