{
  "gt_count": 6900,
  "mean_obj_recall": 0.22885948332592326,
  "mean_scene_recall": 0.22135955388329095,
  "obj_recalls": {"1": 0.4104979811574697, "2": 0.3922902494331066, "3": 0.3307291666666667, "4": 0.42424242424242425, "5": 0.08421052631578947, "6": 0.04081632653061224, "7": 0.02, "8": 0.02, "9": 0.11788617886178862, "10": 0.24475524475524477, "11": 0.28, "12": 0.12949640287769784, "13": 0.5428571428571428, "14": 0.6506849315068494, "15": 0.636986301369863, "16": 0.5212765957446809, "17": 0.7054794520547946, "18": 0.04794520547945205, "19": 0.2094240837696335, "20": 0.058333333333333334, "21": 0.04, "22": 0.0851063829787234, "23": 0.10887096774193548, "24": 0.5052083333333334, "25": 0.021052631578947368, "26": 0.0, "27": 0.020833333333333332, "28": 0.026041666666666668, "29": 0.01020408163265306, "30": 0.18055555555555555},
  "recall": 0.2685660906118636,
  "scene_recalls": {"1": 0.07106598984771574, "2": 0.04081632653061224, "3": 0.15283842794759825, "4": 0.035897435897435895, "5": 0.2336065573770492, "6": 0.11965811965811966, "7": 0.40463917525773196, "8": 0.14965986394557823, "9": 0.38503649635036497, "10": 0.2534722222222222, "11": 0.14213197969543148, "12": 0.27147766323024053, "13": 0.060941828254847646, "14": 0.12835820895522387, "15": 0.04844290657439446, "16": 0.43410852713178294, "17": 0.2822085889570552, "18": 0.25259515570934254, "19": 0.46352941176470586, "20": 0.49670619235836627},
  "targets_count": 6423,
  "tp_count": 1725
}