{
  "gt_count": 6900,
  "mean_obj_recall": 0.6911540800739673,
  "mean_scene_recall": 0.6944995169327768,
  "obj_recalls": {"1": 0.7496635262449529, "2": 0.7732426303854876, "3": 0.7552083333333334, "4": 0.6498316498316499, "5": 0.8210526315789474, "6": 0.7448979591836735, "7": 0.6, "8": 0.26, "9": 0.9065040650406504, "10": 0.8811188811188811, "11": 0.84, "12": 0.8057553956834532, "13": 0.8642857142857143, "14": 0.815068493150685, "15": 0.8972602739726028, "16": 0.8776595744680851, "17": 0.9726027397260274, "18": 0.5753424657534246, "19": 0.6910994764397905, "20": 0.4708333333333333, "21": 0.4742857142857143, "22": 0.4627659574468085, "23": 0.6774193548387096, "24": 0.8958333333333334, "25": 0.2, "26": 0.5858585858585859, "27": 0.625, "28": 0.6354166666666666, "29": 0.6224489795918368, "30": 0.6041666666666666},
  "recall": 0.7043437645959831,
  "scene_recalls": {"1": 0.5177664974619289, "2": 0.7687074829931972, "3": 0.7205240174672489, "4": 0.49743589743589745, "5": 0.7950819672131147, "6": 0.6837606837606838, "7": 0.7860824742268041, "8": 0.6700680272108843, "9": 0.7390510948905109, "10": 0.7222222222222222, "11": 0.7969543147208121, "12": 0.8487972508591065, "13": 0.4903047091412742, "14": 0.5313432835820896, "15": 0.6020761245674741, "16": 0.8501291989664083, "17": 0.7392638036809815, "18": 0.5813148788927336, "19": 0.8047058823529412, "20": 0.7444005270092227},
  "targets_count": 6423,
  "tp_count": 4524
}