{
  "gt_count": 6900,
  "mean_obj_recall": 0.8039636609148941,
  "mean_scene_recall": 0.810227790004098,
  "obj_recalls": {"1": 0.845222072678331, "2": 0.8503401360544217, "3": 0.8723958333333334, "4": 0.7424242424242424, "5": 0.8842105263157894, "6": 0.9183673469387755, "7": 0.756, "8": 0.62, "9": 0.975609756097561, "10": 0.9230769230769231, "11": 0.9428571428571428, "12": 0.9136690647482014, "13": 0.8714285714285714, "14": 0.8561643835616438, "15": 0.9041095890410958, "16": 0.8882978723404256, "17": 0.9794520547945206, "18": 0.7671232876712328, "19": 0.8586387434554974, "20": 0.6875, "21": 0.64, "22": 0.601063829787234, "23": 0.8870967741935484, "24": 0.9375, "25": 0.35789473684210527, "26": 0.6767676767676768, "27": 0.7708333333333334, "28": 0.796875, "29": 0.7551020408163265, "30": 0.6388888888888888},
  "recall": 0.8145726296123307,
  "scene_recalls": {"1": 0.6294416243654822, "2": 0.8843537414965986, "3": 0.8646288209606987, "4": 0.6102564102564103, "5": 0.9016393442622951, "6": 0.8333333333333334, "7": 0.8608247422680413, "8": 0.8095238095238095, "9": 0.8357664233576643, "10": 0.8611111111111112, "11": 0.934010152284264, "12": 0.9312714776632303, "13": 0.6869806094182825, "14": 0.7223880597014926, "15": 0.7231833910034602, "16": 0.9095607235142119, "17": 0.8466257668711656, "18": 0.6885813148788927, "19": 0.8423529411764706, "20": 0.8287220026350461},
  "targets_count": 6423,
  "tp_count": 5232
}