{
  "gt_count": 6900,
  "mean_obj_recall": 0.29384639766179654,
  "mean_scene_recall": 0.2963062818504957,
  "obj_recalls": {"1": 0.6231493943472409, "2": 0.47845804988662133, "3": 0.4296875, "4": 0.5218855218855218, "5": 0.14736842105263157, "6": 0.12244897959183673, "7": 0.032, "8": 0.04, "9": 0.15040650406504066, "10": 0.3076923076923077, "11": 0.38285714285714284, "12": 0.20863309352517986, "13": 0.6357142857142857, "14": 0.7191780821917808, "15": 0.7397260273972602, "16": 0.5797872340425532, "17": 0.7671232876712328, "18": 0.07534246575342465, "19": 0.3036649214659686, "20": 0.1125, "21": 0.08, "22": 0.12234042553191489, "23": 0.16129032258064516, "24": 0.6041666666666666, "25": 0.042105263157894736, "26": 0.010101010101010102, "27": 0.07291666666666667, "28": 0.078125, "29": 0.030612244897959183, "30": 0.2361111111111111},
  "recall": 0.3512377393741242,
  "scene_recalls": {"1": 0.1065989847715736, "2": 0.10204081632653061, "3": 0.21397379912663755, "4": 0.05128205128205128, "5": 0.3442622950819672, "6": 0.18803418803418803, "7": 0.5283505154639175, "8": 0.20408163265306123, "9": 0.5164233576642335, "10": 0.3159722222222222, "11": 0.20304568527918782, "12": 0.3333333333333333, "13": 0.12465373961218837, "14": 0.1791044776119403, "15": 0.0726643598615917, "16": 0.5090439276485789, "17": 0.4049079754601227, "18": 0.3771626297577855, "19": 0.5411764705882353, "20": 0.6100131752305665},
  "targets_count": 6423,
  "tp_count": 2256
}