{
  "gt_count": 6900,
  "mean_obj_recall": 0.8464696317554402,
  "mean_scene_recall": 0.8491522072965051,
  "obj_recalls": {"1": 0.882907133243607, "2": 0.8639455782312925, "3": 0.9036458333333334, "4": 0.765993265993266, "5": 0.9, "6": 0.9183673469387755, "7": 0.788, "8": 0.7066666666666667, "9": 0.975609756097561, "10": 0.9440559440559441, "11": 0.9771428571428571, "12": 0.9640287769784173, "13": 0.8857142857142857, "14": 0.8698630136986302, "15": 0.910958904109589, "16": 0.9095744680851063, "17": 0.9931506849315068, "18": 0.7808219178082192, "19": 0.8900523560209425, "20": 0.7833333333333333, "21": 0.6914285714285714, "22": 0.6595744680851063, "23": 0.9274193548387096, "24": 0.9635416666666666, "25": 0.631578947368421, "26": 0.7878787878787878, "27": 0.8541666666666666, "28": 0.8229166666666666, "29": 0.7959183673469388, "30": 0.6458333333333334},
  "recall": 0.850692822668535,
  "scene_recalls": {"1": 0.7461928934010152, "2": 0.9047619047619048, "3": 0.9082969432314411, "4": 0.7025641025641025, "5": 0.9221311475409836, "6": 0.8589743589743589, "7": 0.8814432989690721, "8": 0.8809523809523809, "9": 0.8594890510948905, "10": 0.8854166666666666, "11": 0.9441624365482234, "12": 0.9518900343642611, "13": 0.7313019390581718, "14": 0.7820895522388059, "15": 0.7750865051903114, "16": 0.9328165374677002, "17": 0.8650306748466258, "18": 0.7231833910034602, "19": 0.8682352941176471, "20": 0.8590250329380764},
  "targets_count": 6423,
  "tp_count": 5464
}