{
  "gt_count": 6900,
  "mean_obj_recall": 0.7403011377421035,
  "mean_scene_recall": 0.7454575556096786,
  "obj_recalls": {"1": 0.7967698519515478, "2": 0.8163265306122449, "3": 0.8098958333333334, "4": 0.7070707070707071, "5": 0.8421052631578947, "6": 0.826530612244898, "7": 0.684, "8": 0.36666666666666664, "9": 0.9390243902439024, "10": 0.9020979020979021, "11": 0.8971428571428571, "12": 0.8705035971223022, "13": 0.8714285714285714, "14": 0.821917808219178, "15": 0.8972602739726028, "16": 0.8776595744680851, "17": 0.9726027397260274, "18": 0.6712328767123288, "19": 0.7591623036649214, "20": 0.5791666666666667, "21": 0.5428571428571428, "22": 0.5212765957446809, "23": 0.7620967741935484, "24": 0.9114583333333334, "25": 0.25263157894736843, "26": 0.6262626262626263, "27": 0.6979166666666666, "28": 0.7083333333333334, "29": 0.673469387755102, "30": 0.6041666666666666},
  "recall": 0.7549431729721314,
  "scene_recalls": {"1": 0.5431472081218274, "2": 0.8367346938775511, "3": 0.7641921397379913, "4": 0.5282051282051282, "5": 0.8442622950819673, "6": 0.7521367521367521, "7": 0.8170103092783505, "8": 0.7142857142857143, "9": 0.8047445255474452, "10": 0.7847222222222222, "11": 0.8527918781725888, "12": 0.8865979381443299, "13": 0.5872576177285319, "14": 0.6119402985074627, "15": 0.6608996539792388, "16": 0.8837209302325582, "17": 0.7883435582822086, "18": 0.6401384083044983, "19": 0.8188235294117647, "20": 0.7891963109354414},
  "targets_count": 6423,
  "tp_count": 4849
}