{
  "gt_count": 6900,
  "mean_obj_recall": 0.013236545287068925,
  "mean_scene_recall": 0.009682338991722583,
  "obj_recalls": {"1": 0.010767160161507403, "2": 0.027210884353741496, "3": 0.026041666666666668, "4": 0.008417508417508417, "5": 0.0, "6": 0.0, "7": 0.0, "8": 0.0, "9": 0.0, "10": 0.0, "11": 0.0, "12": 0.0, "13": 0.03571428571428571, "14": 0.02054794520547945, "15": 0.04794520547945205, "16": 0.0851063829787234, "17": 0.13013698630136986, "18": 0.0, "19": 0.0, "20": 0.0, "21": 0.0, "22": 0.0, "23": 0.0, "24": 0.005208333333333333, "25": 0.0, "26": 0.0, "27": 0.0, "28": 0.0, "29": 0.0, "30": 0.0},
  "recall": 0.013389381908765374,
  "scene_recalls": {"1": 0.0, "2": 0.0, "3": 0.0, "4": 0.0, "5": 0.0, "6": 0.0, "7": 0.03350515463917526, "8": 0.0, "9": 0.029197080291970802, "10": 0.003472222222222222, "11": 0.0, "12": 0.0, "13": 0.0, "14": 0.0, "15": 0.0, "16": 0.06976744186046512, "17": 0.012269938650306749, "18": 0.0034602076124567475, "19": 0.023529411764705882, "20": 0.01844532279314888},
  "targets_count": 6423,
  "tp_count": 86
}