{
  "gt_count": 6900,
  "mean_obj_recall": 0.8294458944048888,
  "mean_scene_recall": 0.8336893558109237,
  "obj_recalls": {"1": 0.8694481830417228, "2": 0.8616780045351474, "3": 0.8984375, "4": 0.7575757575757576, "5": 0.8894736842105263, "6": 0.9183673469387755, "7": 0.78, "8": 0.6866666666666666, "9": 0.975609756097561, "10": 0.9440559440559441, "11": 0.96, "12": 0.9280575539568345, "13": 0.8785714285714286, "14": 0.8698630136986302, "15": 0.910958904109589, "16": 0.898936170212766, "17": 0.9863013698630136, "18": 0.773972602739726, "19": 0.8795811518324608, "20": 0.7333333333333333, "21": 0.6742857142857143, "22": 0.6223404255319149, "23": 0.9193548387096774, "24": 0.9635416666666666, "25": 0.49473684210526314, "26": 0.7171717171717171, "27": 0.8333333333333334, "28": 0.8229166666666666, "29": 0.7959183673469388, "30": 0.6388888888888888},
  "recall": 0.8371477502724584,
  "scene_recalls": {"1": 0.6954314720812182, "2": 0.891156462585034, "3": 0.8995633187772926, "4": 0.6512820512820513, "5": 0.9139344262295082, "6": 0.8461538461538461, "7": 0.8711340206185567, "8": 0.8401360544217688, "9": 0.8540145985401459, "10": 0.8715277777777778, "11": 0.9441624365482234, "12": 0.9518900343642611, "13": 0.7285318559556787, "14": 0.755223880597015, "15": 0.7577854671280276, "16": 0.9198966408268734, "17": 0.8558282208588958, "18": 0.71280276816609, "19": 0.8635294117647059, "20": 0.849802371541502},
  "targets_count": 6423,
  "tp_count": 5377
}