{
  "gt_count": 6900,
  "mean_obj_recall": 0.052588727437391944,
  "mean_scene_recall": 0.04249751647814705,
  "obj_recalls": {"1": 0.06998654104979811, "2": 0.11791383219954649, "3": 0.11197916666666667, "4": 0.05723905723905724, "5": 0.005263157894736842, "6": 0.0, "7": 0.0, "8": 0.0, "9": 0.0, "10": 0.0, "11": 0.0, "12": 0.007194244604316547, "13": 0.17857142857142858, "14": 0.15753424657534246, "15": 0.2328767123287671, "16": 0.23404255319148937, "17": 0.3356164383561644, "18": 0.0, "19": 0.0, "20": 0.0, "21": 0.0, "22": 0.0, "23": 0.0, "24": 0.0625, "25": 0.0, "26": 0.0, "27": 0.0, "28": 0.0, "29": 0.0, "30": 0.006944444444444444},
  "recall": 0.05776117079246458,
  "scene_recalls": {"1": 0.005076142131979695, "2": 0.0, "3": 0.004366812227074236, "4": 0.0, "5": 0.01639344262295082, "6": 0.0, "7": 0.15463917525773196, "8": 0.003401360544217687, "9": 0.11678832116788321, "10": 0.03125, "11": 0.005076142131979695, "12": 0.041237113402061855, "13": 0.0, "14": 0.0, "15": 0.0, "16": 0.16020671834625322, "17": 0.05214723926380368, "18": 0.031141868512110725, "19": 0.12941176470588237, "20": 0.09881422924901186},
  "targets_count": 6423,
  "tp_count": 371
}