{
  "gt_count": 6900,
  "mean_obj_recall": 0.16759687062756143,
  "mean_scene_recall": 0.15841314709927629,
  "obj_recalls": {"1": 0.31763122476446837, "2": 0.3197278911564626, "3": 0.2578125, "4": 0.35353535353535354, "5": 0.05789473684210526, "6": 0.0, "7": 0.0, "8": 0.0, "9": 0.06097560975609756, "10": 0.15384615384615385, "11": 0.13714285714285715, "12": 0.03597122302158273, "13": 0.44285714285714284, "14": 0.5, "15": 0.547945205479452, "16": 0.4521276595744681, "17": 0.6438356164383562, "18": 0.0136986301369863, "19": 0.10471204188481675, "20": 0.020833333333333332, "21": 0.02857142857142857, "22": 0.0425531914893617, "23": 0.04838709677419355, "24": 0.3802083333333333, "25": 0.0, "26": 0.0, "27": 0.0, "28": 0.010416666666666666, "29": 0.0, "30": 0.09722222222222222},
  "recall": 0.20208625252997042,
  "scene_recalls": {"1": 0.02030456852791878, "2": 0.013605442176870748, "3": 0.06986899563318777, "4": 0.020512820512820513, "5": 0.13524590163934427, "6": 0.04700854700854701, "7": 0.31443298969072164, "8": 0.08843537414965986, "9": 0.3248175182481752, "10": 0.1597222222222222, "11": 0.09644670050761421, "12": 0.19243986254295534, "13": 0.0332409972299169, "14": 0.07462686567164178, "15": 0.02768166089965398, "16": 0.35658914728682173, "17": 0.22699386503067484, "18": 0.17301038062283736, "19": 0.3835294117647059, "20": 0.40974967061923584},
  "targets_count": 6423,
  "tp_count": 1298
}