{
  "gt_count": 6900,
  "mean_obj_recall": 0.5712952054730178,
  "mean_scene_recall": 0.5663343399223086,
  "obj_recalls": {"1": 0.620457604306864, "2": 0.6507936507936508, "3": 0.6015625, "4": 0.5218855218855218, "5": 0.7315789473684211, "6": 0.5, "7": 0.392, "8": 0.09333333333333334, "9": 0.8048780487804879, "10": 0.8111888111888111, "11": 0.7028571428571428, "12": 0.6474820143884892, "13": 0.8285714285714286, "14": 0.773972602739726, "15": 0.863013698630137, "16": 0.8617021276595744, "17": 0.9315068493150684, "18": 0.410958904109589, "19": 0.4816753926701571, "20": 0.2916666666666667, "21": 0.3657142857142857, "22": 0.35638297872340424, "23": 0.4153225806451613, "24": 0.8072916666666666, "25": 0.17894736842105263, "26": 0.42424242424242425, "27": 0.4895833333333333, "28": 0.53125, "29": 0.47959183673469385, "30": 0.5694444444444444},
  "recall": 0.5787015413358244,
  "scene_recalls": {"1": 0.41624365482233505, "2": 0.5782312925170068, "3": 0.5676855895196506, "4": 0.4461538461538462, "5": 0.6721311475409836, "6": 0.5384615384615384, "7": 0.7061855670103093, "8": 0.5204081632653061, "9": 0.5784671532846716, "10": 0.5590277777777778, "11": 0.6751269035532995, "12": 0.697594501718213, "13": 0.3185595567867036, "14": 0.3611940298507463, "15": 0.47750865051903113, "16": 0.7648578811369509, "17": 0.6349693251533742, "18": 0.43944636678200694, "19": 0.7341176470588235, "20": 0.6403162055335968},
  "targets_count": 6423,
  "tp_count": 3717
}