{
  "gt_count": 6900,
  "mean_obj_recall": 0.11498432679552316,
  "mean_scene_recall": 0.10371690405124598,
  "obj_recalls": {"1": 0.2288021534320323, "2": 0.2471655328798186, "3": 0.203125, "4": 0.22053872053872053, "5": 0.010526315789473684, "6": 0.0, "7": 0.0, "8": 0.0, "9": 0.028455284552845527, "10": 0.06293706293706294, "11": 0.05142857142857143, "12": 0.014388489208633094, "13": 0.37857142857142856, "14": 0.3424657534246575, "15": 0.3904109589041096, "16": 0.3882978723404255, "17": 0.5684931506849316, "18": 0.0, "19": 0.015706806282722512, "20": 0.0, "21": 0.0, "22": 0.010638297872340425, "23": 0.008064516129032258, "24": 0.24479166666666666, "25": 0.0, "26": 0.0, "27": 0.0, "28": 0.0, "29": 0.0, "30": 0.034722222222222224},
  "recall": 0.13887591468161295,
  "scene_recalls": {"1": 0.005076142131979695, "2": 0.006802721088435374, "3": 0.017467248908296942, "4": 0.0, "5": 0.06967213114754098, "6": 0.017094017094017096, "7": 0.25257731958762886, "8": 0.030612244897959183, "9": 0.23357664233576642, "10": 0.08333333333333333, "11": 0.025380710659898477, "12": 0.14432989690721648, "13": 0.002770083102493075, "14": 0.03283582089552239, "15": 0.006920415224913495, "16": 0.27906976744186046, "17": 0.15950920245398773, "18": 0.11072664359861592, "19": 0.2988235294117647, "20": 0.2977602108036891},
  "targets_count": 6423,
  "tp_count": 892
}