{
  "gt_count": 6900,
  "mean_obj_recall": 0.27886775393414087,
  "mean_scene_recall": 0.2536026529236399,
  "obj_recalls": {"1": 0.3310901749663526, "2": 0.29931972789115646, "3": 0.2421875, "4": 0.16666666666666666, "5": 0.29473684210526313, "6": 0.08163265306122448, "7": 0.048, "8": 0.006666666666666667, "9": 0.32113821138211385, "10": 0.34965034965034963, "11": 0.28, "12": 0.28776978417266186, "13": 0.6142857142857143, "14": 0.4657534246575342, "15": 0.7534246575342466, "16": 0.7393617021276596, "17": 0.7876712328767124, "18": 0.136986301369863, "19": 0.2198952879581152, "20": 0.0875, "21": 0.13142857142857142, "22": 0.15425531914893617, "23": 0.05241935483870968, "24": 0.40625, "25": 0.06315789473684211, "26": 0.1111111111111111, "27": 0.13541666666666666, "28": 0.17708333333333334, "29": 0.1836734693877551, "30": 0.4375},
  "recall": 0.27308111474388913,
  "scene_recalls": {"1": 0.18781725888324874, "2": 0.14285714285714285, "3": 0.2663755458515284, "4": 0.16923076923076924, "5": 0.22540983606557377, "6": 0.1752136752136752, "7": 0.4948453608247423, "8": 0.22789115646258504, "9": 0.26094890510948904, "10": 0.25, "11": 0.25380710659898476, "12": 0.2542955326460481, "13": 0.08310249307479224, "14": 0.0955223880597015, "15": 0.19377162629757785, "16": 0.5297157622739018, "17": 0.294478527607362, "18": 0.17301038062283736, "19": 0.4894117647058824, "20": 0.30434782608695654},
  "targets_count": 6423,
  "tp_count": 1754
}