{
  "gt_count": 6900,
  "mean_obj_recall": 0.8144536220971941,
  "mean_scene_recall": 0.8199807818470483,
  "obj_recalls": {"1": 0.8519515477792732, "2": 0.8571428571428571, "3": 0.8828125, "4": 0.7474747474747475, "5": 0.8842105263157894, "6": 0.9183673469387755, "7": 0.768, "8": 0.66, "9": 0.975609756097561, "10": 0.9440559440559441, "11": 0.9485714285714286, "12": 0.920863309352518, "13": 0.8714285714285714, "14": 0.8561643835616438, "15": 0.9041095890410958, "16": 0.8882978723404256, "17": 0.9794520547945206, "18": 0.7671232876712328, "19": 0.8638743455497382, "20": 0.7041666666666667, "21": 0.6457142857142857, "22": 0.6117021276595744, "23": 0.9032258064516129, "24": 0.953125, "25": 0.4, "26": 0.696969696969697, "27": 0.8125, "28": 0.8125, "29": 0.7653061224489796, "30": 0.6388888888888888},
  "recall": 0.8236026778763818,
  "scene_recalls": {"1": 0.6395939086294417, "2": 0.891156462585034, "3": 0.8908296943231441, "4": 0.6256410256410256, "5": 0.9057377049180327, "6": 0.8376068376068376, "7": 0.8608247422680413, "8": 0.8231292517006803, "9": 0.8394160583941606, "10": 0.8611111111111112, "11": 0.9441624365482234, "12": 0.9450171821305842, "13": 0.703601108033241, "14": 0.7373134328358208, "15": 0.7474048442906575, "16": 0.9147286821705426, "17": 0.8496932515337423, "18": 0.698961937716263, "19": 0.8470588235294118, "20": 0.836627140974967},
  "targets_count": 6423,
  "tp_count": 5290
}