{
  "gt_count": 1517,
  "mean_obj_recall": 0.20697564419843578,
  "mean_scene_recall": 0.20899653979238755,
  "obj_recalls": {"1": 0.17714285714285713, "5": 0.25125628140703515, "6": 0.21637426900584794, "8": 0.105, "9": 0.3333333333333333, "10": 0.10555555555555556, "11": 0.15714285714285714, "12": 0.31},
  "recall": 0.20899653979238755,
  "scene_recalls": {"2": 0.20899653979238755},
  "targets_count": 1445,
  "tp_count": 302
}