{
  "gt_count": 1517,
  "mean_obj_recall": 0.2925651125300689,
  "mean_scene_recall": 0.30103806228373703,
  "obj_recalls": {"1": 0.19428571428571428, "5": 0.5678391959798995, "6": 0.2631578947368421, "8": 0.33, "9": 0.2833333333333333, "10": 0.03333333333333333, "11": 0.22857142857142856, "12": 0.44},
  "recall": 0.30103806228373703,
  "scene_recalls": {"2": 0.30103806228373703},
  "targets_count": 1445,
  "tp_count": 435
}