{
  "gt_count": 1517,
  "mean_obj_recall": 0.3778593048786119,
  "mean_scene_recall": 0.3889273356401384,
  "obj_recalls": {"1": 0.2914285714285714, "5": 0.7135678391959799, "6": 0.30994152046783624, "8": 0.45, "9": 0.36666666666666664, "10": 0.05555555555555555, "11": 0.2857142857142857, "12": 0.55},
  "recall": 0.3889273356401384,
  "scene_recalls": {"2": 0.3889273356401384},
  "targets_count": 1445,
  "tp_count": 562
}