{
  "gt_count": 1517,
  "mean_obj_recall": 0.24235480346595129,
  "mean_scene_recall": 0.24498269896193772,
  "obj_recalls": {"1": 0.22285714285714286, "5": 0.3065326633165829, "6": 0.23976608187134502, "8": 0.11, "9": 0.3888888888888889, "10": 0.12222222222222222, "11": 0.17857142857142858, "12": 0.37},
  "recall": 0.24498269896193772,
  "scene_recalls": {"2": 0.24498269896193772},
  "targets_count": 1445,
  "tp_count": 354
}