{
  "gt_count": 1517,
  "mean_obj_recall": 0.6499445273569182,
  "mean_scene_recall": 0.6602076124567474,
  "obj_recalls": {"1": 0.6171428571428571, "5": 0.9195979899497487, "6": 0.6023391812865497, "8": 0.735, "9": 0.6833333333333333, "10": 0.25, "11": 0.5571428571428572, "12": 0.835},
  "recall": 0.6602076124567474,
  "scene_recalls": {"2": 0.6602076124567474},
  "targets_count": 1445,
  "tp_count": 954
}