{
  "gt_count": 1517,
  "mean_obj_recall": 0.3001969459872462,
  "mean_scene_recall": 0.30242214532871975,
  "obj_recalls": {"1": 0.28, "5": 0.3969849246231156, "6": 0.2807017543859649, "8": 0.15, "9": 0.45, "10": 0.18888888888888888, "11": 0.25, "12": 0.405},
  "recall": 0.30242214532871975,
  "scene_recalls": {"2": 0.30242214532871975},
  "targets_count": 1445,
  "tp_count": 437
}