{
  "gt_count": 1517,
  "mean_obj_recall": 0.11169661748592588,
  "mean_scene_recall": 0.11418685121107267,
  "obj_recalls": {"1": 0.07428571428571429, "5": 0.12060301507537688, "6": 0.14035087719298245, "8": 0.07, "9": 0.16111111111111112, "10": 0.07222222222222222, "11": 0.05, "12": 0.205},
  "recall": 0.11418685121107267,
  "scene_recalls": {"2": 0.11418685121107267},
  "targets_count": 1445,
  "tp_count": 165
}