{
  "gt_count": 1517,
  "mean_obj_recall": 0.06663963352686575,
  "mean_scene_recall": 0.0685121107266436,
  "obj_recalls": {"1": 0.03428571428571429, "5": 0.07537688442211055, "6": 0.06432748538011696, "8": 0.04, "9": 0.1, "10": 0.05555555555555555, "11": 0.02857142857142857, "12": 0.135},
  "recall": 0.0685121107266436,
  "scene_recalls": {"2": 0.0685121107266436},
  "targets_count": 1445,
  "tp_count": 99
}