{
  "gt_count": 1517,
  "mean_obj_recall": 0.1791925584480464,
  "mean_scene_recall": 0.1806228373702422,
  "obj_recalls": {"1": 0.13142857142857142, "5": 0.19597989949748743, "6": 0.19883040935672514, "8": 0.085, "9": 0.29444444444444445, "10": 0.1, "11": 0.14285714285714285, "12": 0.285},
  "recall": 0.1806228373702422,
  "scene_recalls": {"2": 0.1806228373702422},
  "targets_count": 1445,
  "tp_count": 261
}