{
  "gt_count": 1517,
  "mean_obj_recall": 0.6811971774075054,
  "mean_scene_recall": 0.6913494809688582,
  "obj_recalls": {"1": 0.68, "5": 0.9447236180904522, "6": 0.6081871345029239, "8": 0.78, "9": 0.6833333333333333, "10": 0.2833333333333333, "11": 0.6, "12": 0.87},
  "recall": 0.6913494809688582,
  "scene_recalls": {"2": 0.6913494809688582},
  "targets_count": 1445,
  "tp_count": 999
}