{
  "gt_count": 1517,
  "mean_obj_recall": 0.2706803755620206,
  "mean_scene_recall": 0.27335640138408307,
  "obj_recalls": {"1": 0.24571428571428572, "5": 0.35175879396984927, "6": 0.25146198830409355, "8": 0.135, "9": 0.42777777777777776, "10": 0.14444444444444443, "11": 0.21428571428571427, "12": 0.395},
  "recall": 0.27335640138408307,
  "scene_recalls": {"2": 0.27335640138408307},
  "targets_count": 1445,
  "tp_count": 395
}