{
  "gt_count": 1517,
  "mean_obj_recall": 0.6014712293715865,
  "mean_scene_recall": 0.6131487889273356,
  "obj_recalls": {"1": 0.5428571428571428, "5": 0.8994974874371859, "6": 0.543859649122807, "8": 0.705, "9": 0.6166666666666667, "10": 0.18888888888888888, "11": 0.5, "12": 0.815},
  "recall": 0.6131487889273356,
  "scene_recalls": {"2": 0.6131487889273356},
  "targets_count": 1445,
  "tp_count": 886
}