{
  "gt_count": 1517,
  "mean_obj_recall": 0.5410210671150237,
  "mean_scene_recall": 0.5515570934256055,
  "obj_recalls": {"1": 0.4742857142857143, "5": 0.8492462311557789, "6": 0.47368421052631576, "8": 0.63, "9": 0.5777777777777777, "10": 0.1388888888888889, "11": 0.4642857142857143, "12": 0.72},
  "recall": 0.5515570934256055,
  "scene_recalls": {"2": 0.5515570934256055},
  "targets_count": 1445,
  "tp_count": 797
}