{
  "gt_count": 1517,
  "mean_obj_recall": 0.19416472504544444,
  "mean_scene_recall": 0.2,
  "obj_recalls": {"1": 0.12571428571428572, "5": 0.4271356783919598, "6": 0.1871345029239766, "8": 0.205, "9": 0.16666666666666666, "10": 0.016666666666666666, "11": 0.15, "12": 0.275},
  "recall": 0.2,
  "scene_recalls": {"2": 0.2},
  "targets_count": 1445,
  "tp_count": 289
}