{
  "gt_count": 1517,
  "mean_obj_recall": 0.009469570072585148,
  "mean_scene_recall": 0.010380622837370242,
  "obj_recalls": {"1": 0.0, "5": 0.04020100502512563, "6": 0.0, "8": 0.01, "9": 0.005555555555555556, "10": 0.0, "11": 0.0, "12": 0.02},
  "recall": 0.010380622837370242,
  "scene_recalls": {"2": 0.010380622837370242},
  "targets_count": 1445,
  "tp_count": 15
}