{
  "gt_count": 1517,
  "mean_obj_recall": 0.07810654935076385,
  "mean_scene_recall": 0.08166089965397924,
  "obj_recalls": {"1": 0.02857142857142857, "5": 0.22110552763819097, "6": 0.07017543859649122, "8": 0.07, "9": 0.05, "10": 0.0, "11": 0.05, "12": 0.135},
  "recall": 0.08166089965397924,
  "scene_recalls": {"2": 0.08166089965397924},
  "targets_count": 1445,
  "tp_count": 118
}