{
  "gt_count": 1517,
  "mean_obj_recall": 0.46834554980415866,
  "mean_scene_recall": 0.4795847750865052,
  "obj_recalls": {"1": 0.37714285714285717, "5": 0.7989949748743719, "6": 0.4093567251461988, "8": 0.555, "9": 0.4722222222222222, "10": 0.08333333333333333, "11": 0.38571428571428573, "12": 0.665},
  "recall": 0.4795847750865052,
  "scene_recalls": {"2": 0.4795847750865052},
  "targets_count": 1445,
  "tp_count": 693
}