{
  "gt_count": 1517,
  "mean_obj_recall": 0.029503493343912546,
  "mean_scene_recall": 0.03044982698961938,
  "obj_recalls": {"1": 0.005714285714285714, "5": 0.03015075376884422, "6": 0.017543859649122806, "8": 0.02, "9": 0.05, "10": 0.03333333333333333, "11": 0.014285714285714285, "12": 0.065},
  "recall": 0.03044982698961938,
  "scene_recalls": {"2": 0.03044982698961938},
  "targets_count": 1445,
  "tp_count": 44
}