{
  "gt_count": 1517,
  "mean_obj_recall": 0.14389905353836852,
  "mean_scene_recall": 0.14602076124567473,
  "obj_recalls": {"1": 0.12, "5": 0.15577889447236182, "6": 0.18128654970760233, "8": 0.075, "9": 0.2222222222222222, "10": 0.08333333333333333, "11": 0.07857142857142857, "12": 0.235},
  "recall": 0.14602076124567473,
  "scene_recalls": {"2": 0.14602076124567473},
  "targets_count": 1445,
  "tp_count": 211
}