{
  "gt_count": 6900,
  "mean_obj_recall": 0.11499121086848461,
  "mean_scene_recall": 0.1055721903261984,
  "obj_recalls": {"1": 0.09690444145356662, "2": 0.13378684807256236, "3": 0.17708333333333334, "4": 0.09090909090909091, "5": 0.06842105263157895, "6": 0.05102040816326531, "7": 0.056, "8": 0.10666666666666667, "9": 0.10569105691056911, "10": 0.06993006993006994, "11": 0.04, "12": 0.07194244604316546, "13": 0.12142857142857143, "14": 0.1095890410958904, "15": 0.08904109589041095, "16": 0.25, "17": 0.3493150684931507, "18": 0.13013698630136986, "19": 0.10471204188481675, "20": 0.0625, "21": 0.05142857142857143, "22": 0.0425531914893617, "23": 0.12903225806451613, "24": 0.09895833333333333, "25": 0.14736842105263157, "26": 0.0707070707070707, "27": 0.23958333333333334, "28": 0.08854166666666667, "29": 0.10204081632653061, "30": 0.19444444444444445},
  "recall": 0.11194146037677098,
  "scene_recalls": {"1": 0.116751269035533, "2": 0.04081632653061224, "3": 0.11353711790393013, "4": 0.07179487179487179, "5": 0.16393442622950818, "6": 0.05982905982905983, "7": 0.12886597938144329, "8": 0.07482993197278912, "9": 0.13138686131386862, "10": 0.09027777777777778, "11": 0.07614213197969544, "12": 0.09965635738831616, "13": 0.08310249307479224, "14": 0.08358208955223881, "15": 0.14186851211072665, "16": 0.15503875968992248, "17": 0.11349693251533742, "18": 0.0657439446366782, "19": 0.18352941176470589, "20": 0.11725955204216074},
  "targets_count": 6423,
  "tp_count": 719
}