{
  "gt_count": 6900,
  "mean_obj_recall": 0.013293625670501026,
  "mean_scene_recall": 0.009633908724382845,
  "obj_recalls": {"1": 0.008075370121130552, "2": 0.009070294784580499, "3": 0.0078125, "4": 0.008417508417508417, "5": 0.005263157894736842, "6": 0.0, "7": 0.0, "8": 0.0, "9": 0.0, "10": 0.0, "11": 0.0, "12": 0.0, "13": 0.014285714285714285, "14": 0.00684931506849315, "15": 0.00684931506849315, "16": 0.10638297872340426, "17": 0.15753424657534246, "18": 0.0, "19": 0.0, "20": 0.0, "21": 0.0, "22": 0.0, "23": 0.004032258064516129, "24": 0.005208333333333333, "25": 0.0, "26": 0.0, "27": 0.010416666666666666, "28": 0.0, "29": 0.0, "30": 0.04861111111111111},
  "recall": 0.011832477035653122,
  "scene_recalls": {"1": 0.015228426395939087, "2": 0.0, "3": 0.004366812227074236, "4": 0.0, "5": 0.0, "6": 0.0, "7": 0.023195876288659795, "8": 0.0, "9": 0.012773722627737226, "10": 0.003472222222222222, "11": 0.0, "12": 0.0, "13": 0.0, "14": 0.0029850746268656717, "15": 0.01384083044982699, "16": 0.031007751937984496, "17": 0.006134969325153374, "18": 0.006920415224913495, "19": 0.06352941176470588, "20": 0.00922266139657444},
  "targets_count": 6423,
  "tp_count": 76
}