{
  "gt_count": 6900,
  "mean_obj_recall": 0.0076139940308051265,
  "mean_scene_recall": 0.005072485494270494,
  "obj_recalls": {"1": 0.0, "2": 0.0022675736961451248, "3": 0.0026041666666666665, "4": 0.006734006734006734, "5": 0.0, "6": 0.0, "7": 0.0, "8": 0.0, "9": 0.0, "10": 0.0, "11": 0.0, "12": 0.0, "13": 0.007142857142857143, "14": 0.00684931506849315, "15": 0.00684931506849315, "16": 0.05851063829787234, "17": 0.10273972602739725, "18": 0.0, "19": 0.0, "20": 0.0, "21": 0.0, "22": 0.0, "23": 0.0, "24": 0.0, "25": 0.0, "26": 0.0, "27": 0.0, "28": 0.0, "29": 0.0, "30": 0.034722222222222224},
  "recall": 0.0062276194924490115,
  "scene_recalls": {"1": 0.015228426395939087, "2": 0.0, "3": 0.0, "4": 0.0, "5": 0.0, "6": 0.0, "7": 0.010309278350515464, "8": 0.0, "9": 0.005474452554744526, "10": 0.0, "11": 0.0, "12": 0.0, "13": 0.0, "14": 0.0, "15": 0.0034602076124567475, "16": 0.020671834625323, "17": 0.0, "18": 0.0, "19": 0.042352941176470586, "20": 0.003952569169960474},
  "targets_count": 6423,
  "tp_count": 40
}