{
  "gt_count": 6900,
  "mean_obj_recall": 0.09416388170992668,
  "mean_scene_recall": 0.08520940308217484,
  "obj_recalls": {"1": 0.07806191117092867, "2": 0.12244897959183673, "3": 0.15364583333333334, "4": 0.07407407407407407, "5": 0.05263157894736842, "6": 0.02040816326530612, "7": 0.04, "8": 0.07333333333333333, "9": 0.08130081300813008, "10": 0.03496503496503497, "11": 0.03428571428571429, "12": 0.050359712230215826, "13": 0.1, "14": 0.0958904109589041, "15": 0.0821917808219178, "16": 0.2393617021276596, "17": 0.3219178082191781, "18": 0.08904109589041095, "19": 0.08900523560209424, "20": 0.041666666666666664, "21": 0.04, "22": 0.02127659574468085, "23": 0.10887096774193548, "24": 0.078125, "25": 0.12631578947368421, "26": 0.0707070707070707, "27": 0.17708333333333334, "28": 0.0625, "29": 0.09183673469387756, "30": 0.1736111111111111},
  "recall": 0.09232445897555659,
  "scene_recalls": {"1": 0.1065989847715736, "2": 0.02040816326530612, "3": 0.09170305676855896, "4": 0.05641025641025641, "5": 0.09836065573770492, "6": 0.038461538461538464, "7": 0.10824742268041238, "8": 0.05102040816326531, "9": 0.11678832116788321, "10": 0.0798611111111111, "11": 0.05583756345177665, "12": 0.0859106529209622, "13": 0.06925207756232687, "14": 0.05970149253731343, "15": 0.12110726643598616, "16": 0.13953488372093023, "17": 0.0950920245398773, "18": 0.04844290657439446, "19": 0.16, "20": 0.10144927536231885},
  "targets_count": 6423,
  "tp_count": 593
}