{
  "gt_count": 6900,
  "mean_obj_recall": 0.07618336182123216,
  "mean_scene_recall": 0.06875471238250716,
  "obj_recalls": {"1": 0.06460296096904442, "2": 0.10657596371882086, "3": 0.14322916666666666, "4": 0.06565656565656566, "5": 0.03684210526315789, "6": 0.01020408163265306, "7": 0.032, "8": 0.05333333333333334, "9": 0.06097560975609756, "10": 0.0, "11": 0.03428571428571429, "12": 0.04316546762589928, "13": 0.08571428571428572, "14": 0.0821917808219178, "15": 0.0684931506849315, "16": 0.21808510638297873, "17": 0.2945205479452055, "18": 0.0821917808219178, "19": 0.05235602094240838, "20": 0.025, "21": 0.02857142857142857, "22": 0.010638297872340425, "23": 0.0846774193548387, "24": 0.052083333333333336, "25": 0.08421052631578947, "26": 0.050505050505050504, "27": 0.14583333333333334, "28": 0.0625, "29": 0.061224489795918366, "30": 0.14583333333333334},
  "recall": 0.0762883387825004,
  "scene_recalls": {"1": 0.08121827411167512, "2": 0.013605442176870748, "3": 0.08733624454148471, "4": 0.03076923076923077, "5": 0.07377049180327869, "6": 0.03418803418803419, "7": 0.10051546391752578, "8": 0.04081632653061224, "9": 0.11131386861313869, "10": 0.052083333333333336, "11": 0.025380710659898477, "12": 0.07216494845360824, "13": 0.05263157894736842, "14": 0.03880597014925373, "15": 0.10034602076124567, "16": 0.11369509043927649, "17": 0.0736196319018405, "18": 0.04498269896193772, "19": 0.14352941176470588, "20": 0.08432147562582346},
  "targets_count": 6423,
  "tp_count": 490
}