{
  "gt_count": 6900,
  "mean_obj_recall": 0.04424750907531305,
  "mean_scene_recall": 0.03930936840315764,
  "obj_recalls": {"1": 0.047106325706594884, "2": 0.05895691609977324, "3": 0.08333333333333333, "4": 0.03535353535353535, "5": 0.021052631578947368, "6": 0.0, "7": 0.008, "8": 0.006666666666666667, "9": 0.032520325203252036, "10": 0.0, "11": 0.005714285714285714, "12": 0.007194244604316547, "13": 0.05, "14": 0.0684931506849315, "15": 0.0547945205479452, "16": 0.19148936170212766, "17": 0.2465753424657534, "18": 0.0273972602739726, "19": 0.010471204188481676, "20": 0.004166666666666667, "21": 0.005714285714285714, "22": 0.005319148936170213, "23": 0.04838709677419355, "24": 0.046875, "25": 0.031578947368421054, "26": 0.0, "27": 0.0625, "28": 0.026041666666666668, "29": 0.030612244897959183, "30": 0.1111111111111111},
  "recall": 0.045305931807566556,
  "scene_recalls": {"1": 0.050761421319796954, "2": 0.013605442176870748, "3": 0.021834061135371178, "4": 0.010256410256410256, "5": 0.03278688524590164, "6": 0.004273504273504274, "7": 0.07474226804123711, "8": 0.034013605442176874, "9": 0.06569343065693431, "10": 0.024305555555555556, "11": 0.015228426395939087, "12": 0.044673539518900345, "13": 0.013850415512465374, "14": 0.011940298507462687, "15": 0.05190311418685121, "16": 0.07751937984496124, "17": 0.049079754601226995, "18": 0.01730103806228374, "19": 0.1223529411764706, "20": 0.05006587615283267},
  "targets_count": 6423,
  "tp_count": 291
}