{
  "gt_count": 6900,
  "mean_obj_recall": 0.02386488285307598,
  "mean_scene_recall": 0.018744534409348614,
  "obj_recalls": {"1": 0.013458950201884253, "2": 0.034013605442176874, "3": 0.03125, "4": 0.015151515151515152, "5": 0.005263157894736842, "6": 0.0, "7": 0.0, "8": 0.0, "9": 0.008130081300813009, "10": 0.0, "11": 0.0, "12": 0.0, "13": 0.02142857142857143, "14": 0.03424657534246575, "15": 0.0273972602739726, "16": 0.13297872340425532, "17": 0.19863013698630136, "18": 0.00684931506849315, "19": 0.005235602094240838, "20": 0.0, "21": 0.005714285714285714, "22": 0.0, "23": 0.020161290322580645, "24": 0.010416666666666666, "25": 0.0, "26": 0.0, "27": 0.052083333333333336, "28": 0.0, "29": 0.01020408163265306, "30": 0.08333333333333333},
  "recall": 0.022263739685505216,
  "scene_recalls": {"1": 0.015228426395939087, "2": 0.0, "3": 0.008733624454148471, "4": 0.0, "5": 0.02459016393442623, "6": 0.0, "7": 0.03608247422680412, "8": 0.013605442176870748, "9": 0.03467153284671533, "10": 0.010416666666666666, "11": 0.0, "12": 0.01718213058419244, "13": 0.002770083102493075, "14": 0.0029850746268656717, "15": 0.03806228373702422, "16": 0.056847545219638244, "17": 0.006134969325153374, "18": 0.01384083044982699, "19": 0.07529411764705882, "20": 0.01844532279314888},
  "targets_count": 6423,
  "tp_count": 143
}