{
  "gt_count": 6900,
  "mean_obj_recall": 0.03393943239783219,
  "mean_scene_recall": 0.028681879222036678,
  "obj_recalls": {"1": 0.02826379542395693, "2": 0.04308390022675737, "3": 0.049479166666666664, "4": 0.02356902356902357, "5": 0.015789473684210527, "6": 0.0, "7": 0.004, "8": 0.006666666666666667, "9": 0.02032520325203252, "10": 0.0, "11": 0.0, "12": 0.0, "13": 0.03571428571428571, "14": 0.0547945205479452, "15": 0.04794520547945205, "16": 0.1595744680851064, "17": 0.21232876712328766, "18": 0.00684931506849315, "19": 0.010471204188481676, "20": 0.004166666666666667, "21": 0.005714285714285714, "22": 0.0, "23": 0.036290322580645164, "24": 0.041666666666666664, "25": 0.010526315789473684, "26": 0.0, "27": 0.0625, "28": 0.020833333333333332, "29": 0.02040816326530612, "30": 0.09722222222222222},
  "recall": 0.033162073797290983,
  "scene_recalls": {"1": 0.030456852791878174, "2": 0.0, "3": 0.017467248908296942, "4": 0.010256410256410256, "5": 0.028688524590163935, "6": 0.0, "7": 0.04896907216494845, "8": 0.023809523809523808, "9": 0.04562043795620438, "10": 0.024305555555555556, "11": 0.01015228426395939, "12": 0.030927835051546393, "13": 0.013850415512465374, "14": 0.005970149253731343, "15": 0.04498269896193772, "16": 0.07235142118863049, "17": 0.02147239263803681, "18": 0.01730103806228374, "19": 0.09411764705882353, "20": 0.03293807641633729},
  "targets_count": 6423,
  "tp_count": 213
}