{
  "gt_count": 6900,
  "mean_obj_recall": 0.05995380135990613,
  "mean_scene_recall": 0.05306842769864041,
  "obj_recalls": {"1": 0.05383580080753701, "2": 0.09070294784580499, "3": 0.1171875, "4": 0.04713804713804714, "5": 0.02631578947368421, "6": 0.01020408163265306, "7": 0.016, "8": 0.02666666666666667, "9": 0.04878048780487805, "10": 0.0, "11": 0.011428571428571429, "12": 0.02158273381294964, "13": 0.07142857142857142, "14": 0.0684931506849315, "15": 0.06164383561643835, "16": 0.2127659574468085, "17": 0.273972602739726, "18": 0.04794520547945205, "19": 0.020942408376963352, "20": 0.0125, "21": 0.011428571428571429, "22": 0.010638297872340425, "23": 0.06451612903225806, "24": 0.046875, "25": 0.05263157894736842, "26": 0.030303030303030304, "27": 0.11458333333333333, "28": 0.052083333333333336, "29": 0.05102040816326531, "30": 0.125},
  "recall": 0.06040790907675541,
  "scene_recalls": {"1": 0.06598984771573604, "2": 0.013605442176870748, "3": 0.043668122270742356, "4": 0.015384615384615385, "5": 0.05737704918032787, "6": 0.017094017094017096, "7": 0.08762886597938144, "8": 0.03741496598639456, "9": 0.08941605839416059, "10": 0.03125, "11": 0.02030456852791878, "12": 0.058419243986254296, "13": 0.036011080332409975, "14": 0.023880597014925373, "15": 0.07612456747404844, "16": 0.09560723514211886, "17": 0.06748466257668712, "18": 0.020761245674740483, "19": 0.13411764705882354, "20": 0.06982872200263504},
  "targets_count": 6423,
  "tp_count": 388
}