{
  "gt_count": 1517,
  "mean_obj_recall": 0.903704573934837,
  "mean_scene_recall": 0.91280276816609,
  "obj_recalls": {"1": 0.8742857142857143, "5": 1.0, "6": 0.9181286549707602, "8": 0.99, "9": 0.9611111111111111, "10": 0.8111111111111111, "11": 0.7, "12": 0.975},
  "recall": 0.91280276816609,
  "scene_recalls": {"2": 0.91280276816609},
  "targets_count": 1445,
  "tp_count": 1319
}