{
  "gt_count": 1517,
  "mean_obj_recall": 0.23563670482739513,
  "mean_scene_recall": 0.23875432525951557,
  "obj_recalls": {"1": 0.3942857142857143, "5": 0.4723618090452261, "6": 0.25146198830409355, "8": 0.225, "9": 0.16666666666666666, "10": 0.03888888888888889, "11": 0.17142857142857143, "12": 0.165},
  "recall": 0.23875432525951557,
  "scene_recalls": {"2": 0.23875432525951557},
  "targets_count": 1445,
  "tp_count": 345
}