{
  "gt_count": 6900,
  "mean_obj_recall": 0.4329782597991513,
  "mean_scene_recall": 0.42807452580038524,
  "obj_recalls": {"1": 0.3243606998654105, "2": 0.42403628117913833, "3": 0.4244791666666667, "4": 0.3164983164983165, "5": 0.5684210526315789, "6": 0.30612244897959184, "7": 0.584, "8": 0.5333333333333333, "9": 0.7479674796747967, "10": 0.5244755244755245, "11": 0.4514285714285714, "12": 0.4892086330935252, "13": 0.5642857142857143, "14": 0.5068493150684932, "15": 0.6027397260273972, "16": 0.6914893617021277, "17": 0.7876712328767124, "18": 0.3561643835616438, "19": 0.24607329842931938, "20": 0.1625, "21": 0.32, "22": 0.19680851063829788, "23": 0.5443548387096774, "24": 0.4375, "25": 0.35789473684210527, "26": 0.20202020202020202, "27": 0.6354166666666666, "28": 0.25, "29": 0.20408163265306123, "30": 0.22916666666666666},
  "recall": 0.4205200062276195,
  "scene_recalls": {"1": 0.36548223350253806, "2": 0.4897959183673469, "3": 0.6069868995633187, "4": 0.3435897435897436, "5": 0.48770491803278687, "6": 0.3504273504273504, "7": 0.45103092783505155, "8": 0.35034013605442177, "9": 0.3722627737226277, "10": 0.3888888888888889, "11": 0.6294416243654822, "12": 0.5807560137457045, "13": 0.2548476454293629, "14": 0.2835820895522388, "15": 0.24567474048442905, "16": 0.5581395348837209, "17": 0.4785276073619632, "18": 0.4117647058823529, "19": 0.5341176470588235, "20": 0.37812911725955206},
  "targets_count": 6423,
  "tp_count": 2701
}