{
  "gt_count": 6900,
  "mean_obj_recall": 0.34092394009777494,
  "mean_scene_recall": 0.3358895270329121,
  "obj_recalls": {"1": 0.24360699865410498, "2": 0.3310657596371882, "3": 0.3333333333333333, "4": 0.25925925925925924, "5": 0.5368421052631579, "6": 0.22448979591836735, "7": 0.508, "8": 0.3333333333333333, "9": 0.6707317073170732, "10": 0.40559440559440557, "11": 0.26857142857142857, "12": 0.4028776978417266, "13": 0.5214285714285715, "14": 0.4178082191780822, "15": 0.5616438356164384, "16": 0.6595744680851063, "17": 0.7876712328767124, "18": 0.273972602739726, "19": 0.16230366492146597, "20": 0.09583333333333334, "21": 0.17142857142857143, "22": 0.0797872340425532, "23": 0.40725806451612906, "24": 0.3802083333333333, "25": 0.22105263157894736, "26": 0.050505050505050504, "27": 0.5, "28": 0.140625, "29": 0.11224489795918367, "30": 0.16666666666666666},
  "recall": 0.3331776428460221,
  "scene_recalls": {"1": 0.27411167512690354, "2": 0.40816326530612246, "3": 0.4890829694323144, "4": 0.2205128205128205, "5": 0.38934426229508196, "6": 0.25213675213675213, "7": 0.38402061855670105, "8": 0.23469387755102042, "9": 0.3010948905109489, "10": 0.3159722222222222, "11": 0.5228426395939086, "12": 0.47766323024054985, "13": 0.13573407202216067, "14": 0.1791044776119403, "15": 0.13494809688581316, "16": 0.4702842377260982, "17": 0.37423312883435583, "18": 0.3391003460207612, "19": 0.5011764705882353, "20": 0.31357048748353095},
  "targets_count": 6423,
  "tp_count": 2140
}