{
  "gt_count": 6900,
  "mean_obj_recall": 0.4474794285308829,
  "mean_scene_recall": 0.44148841795452604,
  "obj_recalls": {"1": 0.33243606998654107, "2": 0.42630385487528344, "3": 0.4296875, "4": 0.32154882154882153, "5": 0.5736842105263158, "6": 0.336734693877551, "7": 0.584, "8": 0.5666666666666667, "9": 0.7520325203252033, "10": 0.5454545454545454, "11": 0.4514285714285714, "12": 0.4892086330935252, "13": 0.5785714285714286, "14": 0.5273972602739726, "15": 0.6027397260273972, "16": 0.6968085106382979, "17": 0.7945205479452054, "18": 0.3767123287671233, "19": 0.2617801047120419, "20": 0.17916666666666667, "21": 0.3314285714285714, "22": 0.22872340425531915, "23": 0.5725806451612904, "24": 0.4427083333333333, "25": 0.4, "26": 0.2222222222222222, "27": 0.6458333333333334, "28": 0.2864583333333333, "29": 0.22448979591836735, "30": 0.24305555555555555},
  "recall": 0.43235248326327264,
  "scene_recalls": {"1": 0.38578680203045684, "2": 0.5034013605442177, "3": 0.6200873362445415, "4": 0.39487179487179486, "5": 0.5, "6": 0.3547008547008547, "7": 0.47164948453608246, "8": 0.35714285714285715, "9": 0.3813868613138686, "10": 0.4166666666666667, "11": 0.6345177664974619, "12": 0.5807560137457045, "13": 0.27146814404432135, "14": 0.31044776119402984, "15": 0.25951557093425603, "16": 0.5607235142118863, "17": 0.49079754601226994, "18": 0.41522491349480967, "19": 0.5411764705882353, "20": 0.3794466403162055},
  "targets_count": 6423,
  "tp_count": 2777
}