{
  "gt_count": 6900,
  "mean_obj_recall": 0.1263711592193854,
  "mean_scene_recall": 0.1099629537419788,
  "obj_recalls": {"1": 0.08209959623149395, "2": 0.10430839002267574, "3": 0.16666666666666666, "4": 0.058922558922558925, "5": 0.18947368421052632, "6": 0.01020408163265306, "7": 0.124, "8": 0.06, "9": 0.24796747967479674, "10": 0.03496503496503497, "11": 0.011428571428571429, "12": 0.07194244604316546, "13": 0.18571428571428572, "14": 0.14383561643835616, "15": 0.4520547945205479, "16": 0.5319148936170213, "17": 0.7123287671232876, "18": 0.0, "19": 0.02617801047120419, "20": 0.020833333333333332, "21": 0.005714285714285714, "22": 0.010638297872340425, "23": 0.125, "24": 0.109375, "25": 0.042105263157894736, "26": 0.0, "27": 0.21875, "28": 0.010416666666666666, "29": 0.02040816326530612, "30": 0.013888888888888888},
  "recall": 0.12050443717888837,
  "scene_recalls": {"1": 0.04060913705583756, "2": 0.08163265306122448, "3": 0.08733624454148471, "4": 0.041025641025641026, "5": 0.11885245901639344, "6": 0.017094017094017096, "7": 0.23711340206185566, "8": 0.05782312925170068, "9": 0.10401459854014598, "10": 0.0763888888888889, "11": 0.13705583756345177, "12": 0.18556701030927836, "13": 0.027700831024930747, "14": 0.03582089552238806, "15": 0.02422145328719723, "16": 0.2558139534883721, "17": 0.1165644171779141, "18": 0.11764705882352941, "19": 0.32235294117647056, "20": 0.11462450592885376},
  "targets_count": 6423,
  "tp_count": 774
}