{
  "gt_count": 6900,
  "mean_obj_recall": 0.22817048818864905,
  "mean_scene_recall": 0.21835932981357264,
  "obj_recalls": {"1": 0.13728129205921938, "2": 0.20634920634920634, "3": 0.2734375, "4": 0.15824915824915825, "5": 0.4105263157894737, "6": 0.11224489795918367, "7": 0.284, "8": 0.15333333333333332, "9": 0.508130081300813, "10": 0.2097902097902098, "11": 0.06285714285714286, "12": 0.22302158273381295, "13": 0.42857142857142855, "14": 0.2876712328767123, "15": 0.5273972602739726, "16": 0.6223404255319149, "17": 0.7397260273972602, "18": 0.1643835616438356, "19": 0.07329842931937172, "20": 0.05, "21": 0.05714285714285714, "22": 0.0425531914893617, "23": 0.2540322580645161, "24": 0.23958333333333334, "25": 0.10526315789473684, "26": 0.020202020202020204, "27": 0.3229166666666667, "28": 0.036458333333333336, "29": 0.05102040816326531, "30": 0.08333333333333333},
  "recall": 0.2210804919819399,
  "scene_recalls": {"1": 0.14720812182741116, "2": 0.2857142857142857, "3": 0.2838427947598253, "4": 0.11794871794871795, "5": 0.25, "6": 0.08547008547008547, "7": 0.31958762886597936, "8": 0.14625850340136054, "9": 0.19708029197080293, "10": 0.18055555555555555, "11": 0.3604060913705584, "12": 0.33676975945017185, "13": 0.07202216066481995, "14": 0.09253731343283582, "15": 0.04844290657439446, "16": 0.36175710594315247, "17": 0.22699386503067484, "18": 0.23183391003460208, "19": 0.4211764705882353, "20": 0.2015810276679842},
  "targets_count": 6423,
  "tp_count": 1420
}