{
  "gt_count": 6900,
  "mean_obj_recall": 0.4163722301734103,
  "mean_scene_recall": 0.4129802884842463,
  "obj_recalls": {"1": 0.31090174966352624, "2": 0.40816326530612246, "3": 0.4036458333333333, "4": 0.3063973063973064, "5": 0.5631578947368421, "6": 0.30612244897959184, "7": 0.576, "8": 0.5066666666666667, "9": 0.7398373983739838, "10": 0.4965034965034965, "11": 0.4514285714285714, "12": 0.460431654676259, "13": 0.5428571428571428, "14": 0.4657534246575342, "15": 0.5753424657534246, "16": 0.6808510638297872, "17": 0.7876712328767124, "18": 0.3356164383561644, "19": 0.23036649214659685, "20": 0.15, "21": 0.3142857142857143, "22": 0.18617021276595744, "23": 0.5282258064516129, "24": 0.4270833333333333, "25": 0.3368421052631579, "26": 0.16161616161616163, "27": 0.59375, "28": 0.23958333333333334, "29": 0.1836734693877551, "30": 0.2222222222222222},
  "recall": 0.4055737194457419,
  "scene_recalls": {"1": 0.3553299492385787, "2": 0.4897959183673469, "3": 0.5895196506550219, "4": 0.31794871794871793, "5": 0.46311475409836067, "6": 0.34615384615384615, "7": 0.41494845360824745, "8": 0.3435374149659864, "9": 0.36313868613138683, "10": 0.3715277777777778, "11": 0.6192893401015228, "12": 0.5601374570446735, "13": 0.24930747922437674, "14": 0.2656716417910448, "15": 0.22145328719723184, "16": 0.5426356589147286, "17": 0.4662576687116564, "18": 0.3875432525951557, "19": 0.5247058823529411, "20": 0.3675889328063241},
  "targets_count": 6423,
  "tp_count": 2605
}