{
  "gt_count": 6900,
  "mean_obj_recall": 0.29683809335275685,
  "mean_scene_recall": 0.28957502251708483,
  "obj_recalls": {"1": 0.19515477792732167, "2": 0.28798185941043086, "3": 0.3072916666666667, "4": 0.21717171717171718, "5": 0.49473684210526314, "6": 0.17346938775510204, "7": 0.416, "8": 0.2733333333333333, "9": 0.6016260162601627, "10": 0.3706293706293706, "11": 0.16, "12": 0.33093525179856115, "13": 0.5071428571428571, "14": 0.3767123287671233, "15": 0.547945205479452, "16": 0.648936170212766, "17": 0.773972602739726, "18": 0.2328767123287671, "19": 0.1256544502617801, "20": 0.07083333333333333, "21": 0.12, "22": 0.047872340425531915, "23": 0.3467741935483871, "24": 0.3072916666666667, "25": 0.16842105263157894, "26": 0.04040404040404041, "27": 0.4270833333333333, "28": 0.10416666666666667, "29": 0.09183673469387756, "30": 0.1388888888888889},
  "recall": 0.288183092013078,
  "scene_recalls": {"1": 0.2182741116751269, "2": 0.3741496598639456, "3": 0.4104803493449782, "4": 0.18461538461538463, "5": 0.3401639344262295, "6": 0.16666666666666666, "7": 0.36597938144329895, "8": 0.19387755102040816, "9": 0.25547445255474455, "10": 0.25, "11": 0.48223350253807107, "12": 0.42955326460481097, "13": 0.11911357340720222, "14": 0.13432835820895522, "15": 0.10726643598615918, "16": 0.4392764857881137, "17": 0.29141104294478526, "18": 0.30103806228373703, "19": 0.4588235294117647, "20": 0.26877470355731226},
  "targets_count": 6423,
  "tp_count": 1851
}