{
  "gt_count": 6900,
  "mean_obj_recall": 0.3981240220802613,
  "mean_scene_recall": 0.3952205110163892,
  "obj_recalls": {"1": 0.2934051144010767, "2": 0.3900226757369615, "3": 0.3880208333333333, "4": 0.29797979797979796, "5": 0.5578947368421052, "6": 0.2857142857142857, "7": 0.564, "8": 0.47333333333333333, "9": 0.7235772357723578, "10": 0.4825174825174825, "11": 0.44, "12": 0.45323741007194246, "13": 0.5285714285714286, "14": 0.4589041095890411, "15": 0.5753424657534246, "16": 0.675531914893617, "17": 0.7876712328767124, "18": 0.3356164383561644, "19": 0.21465968586387435, "20": 0.12916666666666668, "21": 0.2742857142857143, "22": 0.13829787234042554, "23": 0.5161290322580645, "24": 0.421875, "25": 0.28421052631578947, "26": 0.1111111111111111, "27": 0.5520833333333334, "28": 0.22916666666666666, "29": 0.15306122448979592, "30": 0.20833333333333334},
  "recall": 0.3892262182780632,
  "scene_recalls": {"1": 0.3147208121827411, "2": 0.47619047619047616, "3": 0.5851528384279476, "4": 0.28717948717948716, "5": 0.4426229508196721, "6": 0.32905982905982906, "7": 0.4020618556701031, "8": 0.3163265306122449, "9": 0.3521897810218978, "10": 0.3611111111111111, "11": 0.5939086294416244, "12": 0.5498281786941581, "13": 0.22160664819944598, "14": 0.23880597014925373, "15": 0.1972318339100346, "16": 0.5400516795865633, "17": 0.4447852760736196, "18": 0.3771626297577855, "19": 0.52, "20": 0.3544137022397892},
  "targets_count": 6423,
  "tp_count": 2500
}