{
  "gt_count": 6900,
  "mean_obj_recall": 0.3743793209366465,
  "mean_scene_recall": 0.37114312686425366,
  "obj_recalls": {"1": 0.2772543741588156, "2": 0.36961451247165533, "3": 0.3515625, "4": 0.29292929292929293, "5": 0.5368421052631579, "6": 0.2653061224489796, "7": 0.536, "8": 0.4066666666666667, "9": 0.7113821138211383, "10": 0.45454545454545453, "11": 0.3942857142857143, "12": 0.4460431654676259, "13": 0.5214285714285715, "14": 0.4452054794520548, "15": 0.5616438356164384, "16": 0.6702127659574468, "17": 0.7876712328767124, "18": 0.2945205479452055, "19": 0.17801047120418848, "20": 0.10833333333333334, "21": 0.22857142857142856, "22": 0.12234042553191489, "23": 0.4798387096774194, "24": 0.40625, "25": 0.2631578947368421, "26": 0.0707070707070707, "27": 0.5416666666666666, "28": 0.18229166666666666, "29": 0.1326530612244898, "30": 0.19444444444444445},
  "recall": 0.36680678810524675,
  "scene_recalls": {"1": 0.29441624365482233, "2": 0.4421768707482993, "3": 0.5414847161572053, "4": 0.26153846153846155, "5": 0.4262295081967213, "6": 0.3034188034188034, "7": 0.3865979381443299, "8": 0.282312925170068, "9": 0.3284671532846715, "10": 0.3402777777777778, "11": 0.5634517766497462, "12": 0.5154639175257731, "13": 0.1745152354570637, "14": 0.21791044776119403, "15": 0.17301038062283736, "16": 0.5167958656330749, "17": 0.4325153374233129, "18": 0.36678200692041524, "19": 0.5129411764705882, "20": 0.3425559947299078},
  "targets_count": 6423,
  "tp_count": 2356
}