{
  "gt_count": 1517,
  "mean_obj_recall": 0.18629705282888964,
  "mean_scene_recall": 0.18892733564013842,
  "obj_recalls": {"1": 0.4057142857142857, "5": 0.37185929648241206, "6": 0.21637426900584794, "8": 0.12, "9": 0.18888888888888888, "10": 0.011111111111111112, "11": 0.07142857142857142, "12": 0.105},
  "recall": 0.18892733564013842,
  "scene_recalls": {"2": 0.18892733564013842},
  "targets_count": 1445,
  "tp_count": 273
}