{
  "gt_count": 6900,
  "mean_obj_recall": 0.5391491981353926,
  "mean_scene_recall": 0.5239440157541438,
  "obj_recalls": {"1": 0.3943472409152086, "2": 0.5056689342403629, "3": 0.5755208333333334, "4": 0.4696969696969697, "5": 0.4473684210526316, "6": 0.5204081632653061, "7": 0.624, "8": 0.6866666666666666, "9": 0.6300813008130082, "10": 0.4965034965034965, "11": 0.49714285714285716, "12": 0.460431654676259, "13": 0.5571428571428572, "14": 0.5616438356164384, "15": 0.5342465753424658, "16": 0.6648936170212766, "17": 0.7671232876712328, "18": 0.5958904109589042, "19": 0.4816753926701571, "20": 0.49166666666666664, "21": 0.34285714285714286, "22": 0.4574468085106383, "23": 0.5846774193548387, "24": 0.4635416666666667, "25": 0.5684210526315789, "26": 0.41414141414141414, "27": 0.7708333333333334, "28": 0.4947916666666667, "29": 0.4489795918367347, "30": 0.6666666666666666},
  "recall": 0.5206289895687374,
  "scene_recalls": {"1": 0.5329949238578681, "2": 0.5034013605442177, "3": 0.5895196506550219, "4": 0.48717948717948717, "5": 0.5819672131147541, "6": 0.5170940170940171, "7": 0.5231958762886598, "8": 0.445578231292517, "9": 0.4781021897810219, "10": 0.4756944444444444, "11": 0.6040609137055838, "12": 0.5567010309278351, "13": 0.5069252077562327, "14": 0.4955223880597015, "15": 0.5294117647058824, "16": 0.5684754521963824, "17": 0.49079754601226994, "18": 0.4671280276816609, "19": 0.6376470588235295, "20": 0.4874835309617918},
  "targets_count": 6423,
  "tp_count": 3344
}