{
  "gt_count": 6900,
  "mean_obj_recall": 0.3649967249318177,
  "mean_scene_recall": 0.361157117330306,
  "obj_recalls": {"1": 0.47106325706594887, "2": 0.528344671201814, "3": 0.5208333333333334, "4": 0.47474747474747475, "5": 0.47368421052631576, "6": 0.21428571428571427, "7": 0.152, "8": 0.11333333333333333, "9": 0.42276422764227645, "10": 0.5874125874125874, "11": 0.35428571428571426, "12": 0.4244604316546763, "13": 0.7642857142857142, "14": 0.684931506849315, "15": 0.8013698630136986, "16": 0.8031914893617021, "17": 0.7876712328767124, "18": 0.08904109589041095, "19": 0.29842931937172773, "20": 0.07916666666666666, "21": 0.17142857142857143, "22": 0.11170212765957446, "23": 0.27419354838709675, "24": 0.65625, "25": 0.14736842105263157, "26": 0.020202020202020204, "27": 0.34375, "28": 0.020833333333333332, "29": 0.04081632653061224, "30": 0.11805555555555555},
  "recall": 0.3951424567958898,
  "scene_recalls": {"1": 0.22842639593908629, "2": 0.2925170068027211, "3": 0.4497816593886463, "4": 0.11794871794871795, "5": 0.45491803278688525, "6": 0.2094017094017094, "7": 0.5438144329896907, "8": 0.3129251700680272, "9": 0.4653284671532847, "10": 0.34375, "11": 0.39086294416243655, "12": 0.5051546391752577, "13": 0.10526315789473684, "14": 0.2, "15": 0.07958477508650519, "16": 0.627906976744186, "17": 0.4263803680981595, "18": 0.314878892733564, "19": 0.5811764705882353, "20": 0.5731225296442688},
  "targets_count": 6423,
  "tp_count": 2538
}