{
  "gt_count": 6900,
  "mean_obj_recall": 0.10181916090925304,
  "mean_scene_recall": 0.08441604366108595,
  "obj_recalls": {"1": 0.1386271870794078, "2": 0.16326530612244897, "3": 0.22395833333333334, "4": 0.0707070707070707, "5": 0.031578947368421054, "6": 0.0, "7": 0.0, "8": 0.0, "9": 0.012195121951219513, "10": 0.027972027972027972, "11": 0.017142857142857144, "12": 0.07194244604316546, "13": 0.45714285714285713, "14": 0.2191780821917808, "15": 0.4520547945205479, "16": 0.5319148936170213, "17": 0.4246575342465753, "18": 0.0, "19": 0.010471204188481676, "20": 0.008333333333333333, "21": 0.0, "22": 0.005319148936170213, "23": 0.016129032258064516, "24": 0.140625, "25": 0.010526315789473684, "26": 0.0, "27": 0.020833333333333332, "28": 0.0, "29": 0.0, "30": 0.0},
  "recall": 0.1077378172193679,
  "scene_recalls": {"1": 0.025380710659898477, "2": 0.013605442176870748, "3": 0.05240174672489083, "4": 0.015384615384615385, "5": 0.02459016393442623, "6": 0.004273504273504274, "7": 0.27835051546391754, "8": 0.034013605442176874, "9": 0.1678832116788321, "10": 0.04513888888888889, "11": 0.0, "12": 0.11683848797250859, "13": 0.0, "14": 0.026865671641791045, "15": 0.0, "16": 0.2868217054263566, "17": 0.08282208588957055, "18": 0.08996539792387544, "19": 0.26588235294117646, "20": 0.15810276679841898},
  "targets_count": 6423,
  "tp_count": 692
}