{
  "gt_count": 6900,
  "mean_obj_recall": 0.6695700837007388,
  "mean_scene_recall": 0.6805637004547356,
  "obj_recalls": {"1": 0.784656796769852, "2": 0.8208616780045351, "3": 0.7395833333333334, "4": 0.6565656565656566, "5": 0.7526315789473684, "6": 0.6530612244897959, "7": 0.656, "8": 0.48, "9": 0.9308943089430894, "10": 0.8321678321678322, "11": 0.8228571428571428, "12": 0.8129496402877698, "13": 0.9285714285714286, "14": 0.8767123287671232, "15": 0.8972602739726028, "16": 0.8723404255319149, "17": 0.8972602739726028, "18": 0.5136986301369864, "19": 0.6073298429319371, "20": 0.3375, "21": 0.5371428571428571, "22": 0.425531914893617, "23": 0.7096774193548387, "24": 0.8072916666666666, "25": 0.5684210526315789, "26": 0.4444444444444444, "27": 0.6979166666666666, "28": 0.296875, "29": 0.2755102040816326, "30": 0.4513888888888889},
  "recall": 0.6915771446364627,
  "scene_recalls": {"1": 0.6446700507614214, "2": 0.7210884353741497, "3": 0.7729257641921398, "4": 0.4256410256410256, "5": 0.8278688524590164, "6": 0.6324786324786325, "7": 0.7448453608247423, "8": 0.6122448979591837, "9": 0.7390510948905109, "10": 0.7048611111111112, "11": 0.8223350253807107, "12": 0.8797250859106529, "13": 0.39335180055401664, "14": 0.4955223880597015, "15": 0.370242214532872, "16": 0.8604651162790697, "17": 0.7607361963190185, "18": 0.6470588235294118, "19": 0.7788235294117647, "20": 0.7773386034255599},
  "targets_count": 6423,
  "tp_count": 4442
}