{
  "gt_count": 6900,
  "mean_obj_recall": 0.5056506754328842,
  "mean_scene_recall": 0.5132363011916846,
  "obj_recalls": {"1": 0.5733512786002691, "2": 0.6575963718820862, "3": 0.6171875, "4": 0.5723905723905723, "5": 0.6578947368421053, "6": 0.4489795918367347, "7": 0.424, "8": 0.26, "9": 0.7845528455284553, "10": 0.7482517482517482, "11": 0.5771428571428572, "12": 0.5467625899280576, "13": 0.8642857142857143, "14": 0.7876712328767124, "15": 0.863013698630137, "16": 0.824468085106383, "17": 0.815068493150685, "18": 0.3150684931506849, "19": 0.46596858638743455, "20": 0.18333333333333332, "21": 0.3485714285714286, "22": 0.26063829787234044, "23": 0.5040322580645161, "24": 0.765625, "25": 0.30526315789473685, "26": 0.10101010101010101, "27": 0.46875, "28": 0.07291666666666667, "29": 0.09183673469387756, "30": 0.2638888888888889},
  "recall": 0.5333956095282578,
  "scene_recalls": {"1": 0.4010152284263959, "2": 0.5374149659863946, "3": 0.6157205240174672, "4": 0.21025641025641026, "5": 0.6598360655737705, "6": 0.39316239316239315, "7": 0.615979381443299, "8": 0.5, "9": 0.5602189781021898, "10": 0.5277777777777778, "11": 0.6649746192893401, "12": 0.7079037800687286, "13": 0.22160664819944598, "14": 0.33432835820895523, "15": 0.1695501730103806, "16": 0.7286821705426356, "17": 0.5858895705521472, "18": 0.4740484429065744, "19": 0.6870588235294117, "20": 0.6693017127799736},
  "targets_count": 6423,
  "tp_count": 3426
}