{
  "gt_count": 6900,
  "mean_obj_recall": 0.5835963706351157,
  "mean_scene_recall": 0.5914837608107291,
  "obj_recalls": {"1": 0.6110363391655451, "2": 0.746031746031746, "3": 0.6614583333333334, "4": 0.6144781144781145, "5": 0.7052631578947368, "6": 0.5714285714285714, "7": 0.58, "8": 0.3466666666666667, "9": 0.8780487804878049, "10": 0.7832167832167832, "11": 0.6971428571428572, "12": 0.6906474820143885, "13": 0.9, "14": 0.815068493150685, "15": 0.8698630136986302, "16": 0.8297872340425532, "17": 0.8356164383561644, "18": 0.4315068493150685, "19": 0.5549738219895288, "20": 0.25416666666666665, "21": 0.4857142857142857, "22": 0.35638297872340424, "23": 0.6451612903225806, "24": 0.7864583333333334, "25": 0.4, "26": 0.13131313131313133, "27": 0.6041666666666666, "28": 0.15625, "29": 0.16326530612244897, "30": 0.4027777777777778},
  "recall": 0.6057916861279776,
  "scene_recalls": {"1": 0.5380710659898477, "2": 0.6394557823129252, "3": 0.7030567685589519, "4": 0.23076923076923078, "5": 0.7172131147540983, "6": 0.5213675213675214, "7": 0.6572164948453608, "8": 0.5680272108843537, "9": 0.6186131386861314, "10": 0.6388888888888888, "11": 0.766497461928934, "12": 0.7938144329896907, "13": 0.3296398891966759, "14": 0.42686567164179107, "15": 0.2629757785467128, "16": 0.772609819121447, "17": 0.656441717791411, "18": 0.5467128027681661, "19": 0.7247058823529412, "20": 0.7167325428194994},
  "targets_count": 6423,
  "tp_count": 3891
}