{
  "gt_count": 6900,
  "mean_obj_recall": 0.6413790701030985,
  "mean_scene_recall": 0.6490115259621253,
  "obj_recalls": {"1": 0.7012113055181696, "2": 0.7891156462585034, "3": 0.71875, "4": 0.6397306397306397, "5": 0.7368421052631579, "6": 0.6326530612244898, "7": 0.632, "8": 0.43333333333333335, "9": 0.9186991869918699, "10": 0.8181818181818182, "11": 0.7942857142857143, "12": 0.7553956834532374, "13": 0.9142857142857143, "14": 0.863013698630137, "15": 0.8904109589041096, "16": 0.8563829787234043, "17": 0.8904109589041096, "18": 0.4931506849315068, "19": 0.5968586387434555, "20": 0.3, "21": 0.52, "22": 0.3776595744680851, "23": 0.6975806451612904, "24": 0.8020833333333334, "25": 0.5157894736842106, "26": 0.32323232323232326, "27": 0.6875, "28": 0.2604166666666667, "29": 0.24489795918367346, "30": 0.4375},
  "recall": 0.6605947376615289,
  "scene_recalls": {"1": 0.6142131979695431, "2": 0.7006802721088435, "3": 0.7379912663755459, "4": 0.35384615384615387, "5": 0.7745901639344263, "6": 0.5982905982905983, "7": 0.7164948453608248, "8": 0.5952380952380952, "9": 0.677007299270073, "10": 0.6875, "11": 0.8121827411167513, "12": 0.8556701030927835, "13": 0.3739612188365651, "14": 0.46567164179104475, "15": 0.33217993079584773, "16": 0.8268733850129198, "17": 0.7239263803680982, "18": 0.6089965397923875, "19": 0.7647058823529411, "20": 0.7602108036890646},
  "targets_count": 6423,
  "tp_count": 4243
}