{
  "gt_count": 6900,
  "mean_obj_recall": 0.5517844155736591,
  "mean_scene_recall": 0.5596554010016923,
  "obj_recalls": {"1": 0.5962314939434724, "2": 0.7142857142857143, "3": 0.6510416666666666, "4": 0.5959595959595959, "5": 0.6947368421052632, "6": 0.5102040816326531, "7": 0.512, "8": 0.3, "9": 0.8495934959349594, "10": 0.7692307692307693, "11": 0.6457142857142857, "12": 0.6258992805755396, "13": 0.8928571428571429, "14": 0.8082191780821918, "15": 0.8698630136986302, "16": 0.824468085106383, "17": 0.8356164383561644, "18": 0.3835616438356164, "19": 0.5130890052356021, "20": 0.22083333333333333, "21": 0.4514285714285714, "22": 0.30319148936170215, "23": 0.5887096774193549, "24": 0.7760416666666666, "25": 0.3473684210526316, "26": 0.12121212121212122, "27": 0.5520833333333334, "28": 0.11979166666666667, "29": 0.11224489795918367, "30": 0.3680555555555556},
  "recall": 0.576988945975401,
  "scene_recalls": {"1": 0.4619289340101523, "2": 0.5986394557823129, "3": 0.6593886462882096, "4": 0.22564102564102564, "5": 0.6844262295081968, "6": 0.47435897435897434, "7": 0.6494845360824743, "8": 0.5476190476190477, "9": 0.5948905109489051, "10": 0.59375, "11": 0.7360406091370558, "12": 0.7594501718213058, "13": 0.296398891966759, "14": 0.373134328358209, "15": 0.22837370242214533, "16": 0.7493540051679587, "17": 0.6319018404907976, "18": 0.5121107266435986, "19": 0.7152941176470589, "20": 0.7009222661396575},
  "targets_count": 6423,
  "tp_count": 3706
}