{
  "gt_count": 6900,
  "mean_obj_recall": 0.44962247136221883,
  "mean_scene_recall": 0.4521685813055555,
  "obj_recalls": {"1": 0.5275908479138627, "2": 0.6031746031746031, "3": 0.578125, "4": 0.5404040404040404, "5": 0.6052631578947368, "6": 0.3469387755102041, "7": 0.316, "8": 0.17333333333333334, "9": 0.6504065040650406, "10": 0.7132867132867133, "11": 0.48, "12": 0.5107913669064749, "13": 0.8428571428571429, "14": 0.7397260273972602, "15": 0.8493150684931506, "16": 0.8191489361702128, "17": 0.8013698630136986, "18": 0.2602739726027397, "19": 0.387434554973822, "20": 0.12916666666666668, "21": 0.28, "22": 0.20212765957446807, "23": 0.41935483870967744, "24": 0.7083333333333334, "25": 0.25263157894736843, "26": 0.08080808080808081, "27": 0.40625, "28": 0.046875, "29": 0.05102040816326531, "30": 0.16666666666666666},
  "recall": 0.47828117702008405,
  "scene_recalls": {"1": 0.3096446700507614, "2": 0.42857142857142855, "3": 0.5676855895196506, "4": 0.1794871794871795, "5": 0.5614754098360656, "6": 0.3162393162393162, "7": 0.5902061855670103, "8": 0.3979591836734694, "9": 0.5200729927007299, "10": 0.4618055555555556, "11": 0.5736040609137056, "12": 0.6460481099656358, "13": 0.1745152354570637, "14": 0.2835820895522388, "15": 0.11764705882352941, "16": 0.689922480620155, "17": 0.5337423312883436, "18": 0.4083044982698962, "19": 0.6517647058823529, "20": 0.6310935441370223},
  "targets_count": 6423,
  "tp_count": 3072
}