{
  "gt_count": 6900,
  "mean_obj_recall": 0.61192143148936,
  "mean_scene_recall": 0.619128116565927,
  "obj_recalls": {"1": 0.6352624495289367, "2": 0.7687074829931972, "3": 0.6927083333333334, "4": 0.6212121212121212, "5": 0.7263157894736842, "6": 0.5918367346938775, "7": 0.616, "8": 0.3933333333333333, "9": 0.8983739837398373, "10": 0.8041958041958042, "11": 0.7542857142857143, "12": 0.7266187050359713, "13": 0.9071428571428571, "14": 0.8493150684931506, "15": 0.8767123287671232, "16": 0.8457446808510638, "17": 0.863013698630137, "18": 0.4520547945205479, "19": 0.5706806282722513, "20": 0.2791666666666667, "21": 0.5028571428571429, "22": 0.3723404255319149, "23": 0.6854838709677419, "24": 0.796875, "25": 0.4421052631578947, "26": 0.21212121212121213, "27": 0.65625, "28": 0.203125, "29": 0.20408163265306123, "30": 0.4097222222222222},
  "recall": 0.6313249260470185,
  "scene_recalls": {"1": 0.5736040609137056, "2": 0.6802721088435374, "3": 0.7292576419213974, "4": 0.28205128205128205, "5": 0.75, "6": 0.5683760683760684, "7": 0.6804123711340206, "8": 0.5816326530612245, "9": 0.6423357664233577, "10": 0.6666666666666666, "11": 0.7817258883248731, "12": 0.8213058419243986, "13": 0.3545706371191136, "14": 0.45671641791044776, "15": 0.2906574394463668, "16": 0.7984496124031008, "17": 0.6809815950920245, "18": 0.5674740484429066, "19": 0.7435294117647059, "20": 0.7325428194993412},
  "targets_count": 6423,
  "tp_count": 4055
}