{
  "gt_count": 6900,
  "mean_obj_recall": 0.2448873754953414,
  "mean_scene_recall": 0.23073347366164537,
  "obj_recalls": {"1": 0.36877523553162855, "2": 0.3968253968253968, "3": 0.390625, "4": 0.3265993265993266, "5": 0.2894736842105263, "6": 0.07142857142857142, "7": 0.024, "8": 0.013333333333333334, "9": 0.11382113821138211, "10": 0.2937062937062937, "11": 0.18285714285714286, "12": 0.302158273381295, "13": 0.6928571428571428, "14": 0.5616438356164384, "15": 0.6986301369863014, "16": 0.7553191489361702, "17": 0.7328767123287672, "18": 0.00684931506849315, "19": 0.11518324607329843, "20": 0.03333333333333333, "21": 0.045714285714285714, "22": 0.05319148936170213, "23": 0.12903225806451613, "24": 0.453125, "25": 0.05263157894736842, "26": 0.0, "27": 0.20833333333333334, "28": 0.0, "29": 0.02040816326530612, "30": 0.013888888888888888},
  "recall": 0.26996730499766464,
  "scene_recalls": {"1": 0.10152284263959391, "2": 0.12244897959183673, "3": 0.2794759825327511, "4": 0.06153846153846154, "5": 0.23770491803278687, "6": 0.09401709401709402, "7": 0.4536082474226804, "8": 0.1836734693877551, "9": 0.34854014598540145, "10": 0.16319444444444445, "11": 0.18274111675126903, "12": 0.3024054982817869, "13": 0.0221606648199446, "14": 0.11343283582089553, "15": 0.02422145328719723, "16": 0.4909560723514212, "17": 0.294478527607362, "18": 0.18339100346020762, "19": 0.5058823529411764, "20": 0.4492753623188406},
  "targets_count": 6423,
  "tp_count": 1734
}