{
  "gt_count": 6900,
  "mean_obj_recall": 0.08285432101898899,
  "mean_scene_recall": 0.06816004563020081,
  "obj_recalls": {"1": 0.03230148048452221, "2": 0.05668934240362812, "3": 0.08333333333333333, "4": 0.04040404040404041, "5": 0.042105263157894736, "6": 0.0, "7": 0.032, "8": 0.08, "9": 0.15040650406504066, "10": 0.0, "11": 0.0, "12": 0.007194244604316547, "13": 0.1, "14": 0.1232876712328767, "15": 0.19863013698630136, "16": 0.35106382978723405, "17": 0.4657534246575342, "18": 0.00684931506849315, "19": 0.010471204188481676, "20": 0.020833333333333332, "21": 0.0, "22": 0.015957446808510637, "23": 0.05241935483870968, "24": 0.08333333333333333, "25": 0.0, "26": 0.0, "27": 0.11458333333333333, "28": 0.010416666666666666, "29": 0.10204081632653061, "30": 0.3055555555555556},
  "recall": 0.07364160049820956,
  "scene_recalls": {"1": 0.08629441624365482, "2": 0.027210884353741496, "3": 0.043668122270742356, "4": 0.010256410256410256, "5": 0.04918032786885246, "6": 0.0, "7": 0.14175257731958762, "8": 0.03741496598639456, "9": 0.051094890510948905, "10": 0.04861111111111111, "11": 0.06091370558375635, "12": 0.10309278350515463, "13": 0.008310249307479225, "14": 0.01791044776119403, "15": 0.11764705882352941, "16": 0.19121447028423771, "17": 0.06748466257668712, "18": 0.04844290657439446, "19": 0.2, "20": 0.052700922266139656},
  "targets_count": 6423,
  "tp_count": 473
}