{
  "gt_count": 6900,
  "mean_obj_recall": 0.23265232950724501,
  "mean_scene_recall": 0.21979489647636452,
  "obj_recalls": {"1": 0.12516823687752354, "2": 0.23809523809523808, "3": 0.3072916666666667, "4": 0.1750841750841751, "5": 0.18421052631578946, "6": 0.19387755102040816, "7": 0.228, "8": 0.26, "9": 0.45528455284552843, "10": 0.09090909090909091, "11": 0.13714285714285715, "12": 0.17985611510791366, "13": 0.3357142857142857, "14": 0.3767123287671233, "15": 0.3287671232876712, "16": 0.5212765957446809, "17": 0.7123287671232876, "18": 0.0684931506849315, "19": 0.09424083769633508, "20": 0.19166666666666668, "21": 0.04, "22": 0.07446808510638298, "23": 0.25, "24": 0.19791666666666666, "25": 0.031578947368421054, "26": 0.030303030303030304, "27": 0.3125, "28": 0.06770833333333333, "29": 0.32653061224489793, "30": 0.4444444444444444},
  "recall": 0.2235715397789195,
  "scene_recalls": {"1": 0.22842639593908629, "2": 0.21768707482993196, "3": 0.2663755458515284, "4": 0.06666666666666667, "5": 0.22540983606557377, "6": 0.13247863247863248, "7": 0.30412371134020616, "8": 0.12244897959183673, "9": 0.20802919708029197, "10": 0.2222222222222222, "11": 0.2639593908629442, "12": 0.3470790378006873, "13": 0.0997229916897507, "14": 0.1373134328358209, "15": 0.23529411764705882, "16": 0.34108527131782945, "17": 0.23006134969325154, "18": 0.18339100346020762, "19": 0.37176470588235294, "20": 0.19235836627140976},
  "targets_count": 6423,
  "tp_count": 1436
}