{
  "gt_count": 6900,
  "mean_obj_recall": 0.3207613266916742,
  "mean_scene_recall": 0.308207033528437,
  "obj_recalls": {"1": 0.2274562584118439, "2": 0.2925170068027211, "3": 0.3567708333333333, "4": 0.24242424242424243, "5": 0.23157894736842105, "6": 0.22448979591836735, "7": 0.352, "8": 0.4266666666666667, "9": 0.5650406504065041, "10": 0.2097902097902098, "11": 0.19428571428571428, "12": 0.28776978417266186, "13": 0.42142857142857143, "14": 0.4726027397260274, "15": 0.363013698630137, "16": 0.5478723404255319, "17": 0.7534246575342466, "18": 0.14383561643835616, "19": 0.18324607329842932, "20": 0.2708333333333333, "21": 0.19428571428571428, "22": 0.15425531914893617, "23": 0.34274193548387094, "24": 0.2708333333333333, "25": 0.08421052631578947, "26": 0.15151515151515152, "27": 0.5625, "28": 0.15625, "29": 0.41836734693877553, "30": 0.5208333333333334},
  "recall": 0.3079557839016036,
  "scene_recalls": {"1": 0.29441624365482233, "2": 0.2789115646258503, "3": 0.3799126637554585, "4": 0.16923076923076924, "5": 0.39344262295081966, "6": 0.20085470085470086, "7": 0.36597938144329895, "8": 0.20748299319727892, "9": 0.2718978102189781, "10": 0.3159722222222222, "11": 0.39593908629441626, "12": 0.41924398625429554, "13": 0.1745152354570637, "14": 0.2507462686567164, "15": 0.34256055363321797, "16": 0.3953488372093023, "17": 0.34355828220858897, "18": 0.2629757785467128, "19": 0.4376470588235294, "20": 0.2635046113306983},
  "targets_count": 6423,
  "tp_count": 1978
}