{
  "gt_count": 6900,
  "mean_obj_recall": 0.2758336534019853,
  "mean_scene_recall": 0.2634687547309855,
  "obj_recalls": {"1": 0.180349932705249, "2": 0.2675736961451247, "3": 0.328125, "4": 0.21717171717171718, "5": 0.20526315789473684, "6": 0.19387755102040816, "7": 0.268, "8": 0.38, "9": 0.4959349593495935, "10": 0.17482517482517482, "11": 0.17142857142857143, "12": 0.2446043165467626, "13": 0.4, "14": 0.4383561643835616, "15": 0.3561643835616438, "16": 0.5319148936170213, "17": 0.7191780821917808, "18": 0.11643835616438356, "19": 0.13612565445026178, "20": 0.22916666666666666, "21": 0.13142857142857142, "22": 0.11702127659574468, "23": 0.28225806451612906, "24": 0.234375, "25": 0.031578947368421054, "26": 0.08080808080808081, "27": 0.4166666666666667, "28": 0.09375, "29": 0.3673469387755102, "30": 0.4652777777777778},
  "recall": 0.26576366184026157,
  "scene_recalls": {"1": 0.25380710659898476, "2": 0.23129251700680273, "3": 0.34934497816593885, "4": 0.12307692307692308, "5": 0.319672131147541, "6": 0.15384615384615385, "7": 0.33505154639175255, "8": 0.16666666666666666, "9": 0.23357664233576642, "10": 0.2569444444444444, "11": 0.3350253807106599, "12": 0.37800687285223367, "13": 0.1329639889196676, "14": 0.2, "15": 0.2768166089965398, "16": 0.3875968992248062, "17": 0.3006134969325153, "18": 0.20761245674740483, "19": 0.39294117647058824, "20": 0.23451910408432147},
  "targets_count": 6423,
  "tp_count": 1707
}