{
  "gt_count": 6900,
  "mean_obj_recall": 0.25663645491558046,
  "mean_scene_recall": 0.24418545607058495,
  "obj_recalls": {"1": 0.1480484522207268, "2": 0.2585034013605442, "3": 0.3177083333333333, "4": 0.19696969696969696, "5": 0.2, "6": 0.19387755102040816, "7": 0.24, "8": 0.34, "9": 0.4715447154471545, "10": 0.14685314685314685, "11": 0.1657142857142857, "12": 0.2158273381294964, "13": 0.37142857142857144, "14": 0.4178082191780822, "15": 0.3356164383561644, "16": 0.5212765957446809, "17": 0.7123287671232876, "18": 0.10273972602739725, "19": 0.12041884816753927, "20": 0.22083333333333333, "21": 0.09142857142857143, "22": 0.10106382978723404, "23": 0.2661290322580645, "24": 0.22395833333333334, "25": 0.031578947368421054, "26": 0.0707070707070707, "27": 0.3333333333333333, "28": 0.078125, "29": 0.3469387755102041, "30": 0.4583333333333333},
  "recall": 0.24645804141366962,
  "scene_recalls": {"1": 0.24873096446700507, "2": 0.22448979591836735, "3": 0.32751091703056767, "4": 0.10256410256410256, "5": 0.26639344262295084, "6": 0.14957264957264957, "7": 0.3170103092783505, "8": 0.14965986394557823, "9": 0.21897810218978103, "10": 0.2361111111111111, "11": 0.3197969543147208, "12": 0.3539518900343643, "13": 0.12742382271468145, "14": 0.1761194029850746, "15": 0.25259515570934254, "16": 0.36175710594315247, "17": 0.25766871165644173, "18": 0.19377162629757785, "19": 0.3835294117647059, "20": 0.2160737812911726},
  "targets_count": 6423,
  "tp_count": 1583
}