{
  "gt_count": 6900,
  "mean_obj_recall": 0.1496391728441067,
  "mean_scene_recall": 0.13496695058121488,
  "obj_recalls": {"1": 0.07671601615074024, "2": 0.1292517006802721, "3": 0.19791666666666666, "4": 0.09427609427609428, "5": 0.1, "6": 0.05102040816326531, "7": 0.14, "8": 0.15333333333333332, "9": 0.3048780487804878, "10": 0.0, "11": 0.045714285714285714, "12": 0.06474820143884892, "13": 0.21428571428571427, "14": 0.3219178082191781, "15": 0.2602739726027397, "16": 0.43617021276595747, "17": 0.6027397260273972, "18": 0.0273972602739726, "19": 0.02617801047120419, "20": 0.0875, "21": 0.011428571428571429, "22": 0.0425531914893617, "23": 0.14516129032258066, "24": 0.13541666666666666, "25": 0.0, "26": 0.010101010101010102, "27": 0.20833333333333334, "28": 0.026041666666666668, "29": 0.19387755102040816, "30": 0.3819444444444444},
  "recall": 0.14121127199128133,
  "scene_recalls": {"1": 0.13705583756345177, "2": 0.09523809523809523, "3": 0.13100436681222707, "4": 0.02564102564102564, "5": 0.11885245901639344, "6": 0.04700854700854701, "7": 0.25773195876288657, "8": 0.06462585034013606, "9": 0.12956204379562045, "10": 0.1388888888888889, "11": 0.15736040609137056, "12": 0.21993127147766323, "13": 0.038781163434903045, "14": 0.0626865671641791, "15": 0.1695501730103806, "16": 0.2454780361757106, "17": 0.1411042944785276, "18": 0.12110726643598616, "19": 0.28705882352941176, "20": 0.11067193675889328},
  "targets_count": 6423,
  "tp_count": 907
}