{
  "gt_count": 6900,
  "mean_obj_recall": 0.29119281240195216,
  "mean_scene_recall": 0.27976709228797486,
  "obj_recalls": {"1": 0.19784656796769853, "2": 0.2766439909297052, "3": 0.3385416666666667, "4": 0.22895622895622897, "5": 0.21052631578947367, "6": 0.20408163265306123, "7": 0.312, "8": 0.4066666666666667, "9": 0.5203252032520326, "10": 0.1888111888111888, "11": 0.18285714285714286, "12": 0.2589928057553957, "13": 0.4, "14": 0.4520547945205479, "15": 0.363013698630137, "16": 0.5372340425531915, "17": 0.726027397260274, "18": 0.11643835616438356, "19": 0.14659685863874344, "20": 0.24583333333333332, "21": 0.14857142857142858, "22": 0.1276595744680851, "23": 0.3024193548387097, "24": 0.24479166666666666, "25": 0.042105263157894736, "26": 0.09090909090909091, "27": 0.4791666666666667, "28": 0.11979166666666667, "29": 0.3877551020408163, "30": 0.4791666666666667},
  "recall": 0.2808656391094504,
  "scene_recalls": {"1": 0.26903553299492383, "2": 0.2585034013605442, "3": 0.36681222707423583, "4": 0.13846153846153847, "5": 0.3483606557377049, "6": 0.1752136752136752, "7": 0.34536082474226804, "8": 0.17346938775510204, "9": 0.24635036496350365, "10": 0.2743055555555556, "11": 0.350253807106599, "12": 0.3951890034364261, "13": 0.14681440443213298, "14": 0.21791044776119403, "15": 0.2975778546712803, "16": 0.39018087855297157, "17": 0.3220858895705521, "18": 0.22837370242214533, "19": 0.4047058823529412, "20": 0.2463768115942029},
  "targets_count": 6423,
  "tp_count": 1804
}