{
  "gt_count": 6900,
  "mean_obj_recall": 0.1969137418969935,
  "mean_scene_recall": 0.18189884305693682,
  "obj_recalls": {"1": 0.09959623149394348, "2": 0.18594104308390022, "3": 0.2682291666666667, "4": 0.1414141414141414, "5": 0.14736842105263157, "6": 0.1326530612244898, "7": 0.176, "8": 0.22, "9": 0.3861788617886179, "10": 0.04195804195804196, "11": 0.08571428571428572, "12": 0.14388489208633093, "13": 0.2857142857142857, "14": 0.3561643835616438, "15": 0.3013698630136986, "16": 0.5, "17": 0.6575342465753424, "18": 0.03424657534246575, "19": 0.06282722513089005, "20": 0.14166666666666666, "21": 0.022857142857142857, "22": 0.05851063829787234, "23": 0.21774193548387097, "24": 0.16145833333333334, "25": 0.010526315789473684, "26": 0.020202020202020204, "27": 0.28125, "28": 0.046875, "29": 0.29591836734693877, "30": 0.4236111111111111},
  "recall": 0.187295656235404,
  "scene_recalls": {"1": 0.19289340101522842, "2": 0.1564625850340136, "3": 0.2052401746724891, "4": 0.035897435897435895, "5": 0.1762295081967213, "6": 0.10256410256410256, "7": 0.2860824742268041, "8": 0.09523809523809523, "9": 0.1843065693430657, "10": 0.1875, "11": 0.2233502538071066, "12": 0.27835051546391754, "13": 0.07202216066481995, "14": 0.1044776119402985, "15": 0.21453287197231835, "16": 0.29198966408268734, "17": 0.1901840490797546, "18": 0.1453287197231834, "19": 0.3411764705882353, "20": 0.1541501976284585},
  "targets_count": 6423,
  "tp_count": 1203
}