{
  "gt_count": 6900,
  "mean_obj_recall": 0.30625108973562826,
  "mean_scene_recall": 0.2936446179470494,
  "obj_recalls": {"1": 0.21534320323014805, "2": 0.2857142857142857, "3": 0.34375, "4": 0.2356902356902357, "5": 0.22631578947368422, "6": 0.22448979591836735, "7": 0.32, "8": 0.4066666666666667, "9": 0.5365853658536586, "10": 0.1888111888111888, "11": 0.19428571428571428, "12": 0.26618705035971224, "13": 0.4142857142857143, "14": 0.4520547945205479, "15": 0.363013698630137, "16": 0.5425531914893617, "17": 0.726027397260274, "18": 0.14383561643835616, "19": 0.17277486910994763, "20": 0.25416666666666665, "21": 0.1657142857142857, "22": 0.14893617021276595, "23": 0.32661290322580644, "24": 0.265625, "25": 0.06315789473684211, "26": 0.12121212121212122, "27": 0.53125, "28": 0.140625, "29": 0.3979591836734694, "30": 0.5138888888888888},
  "recall": 0.29456640199283823,
  "scene_recalls": {"1": 0.27918781725888325, "2": 0.2585034013605442, "3": 0.37554585152838427, "4": 0.15384615384615385, "5": 0.3770491803278688, "6": 0.18803418803418803, "7": 0.35309278350515466, "8": 0.19727891156462585, "9": 0.26094890510948904, "10": 0.2916666666666667, "11": 0.37055837563451777, "12": 0.39862542955326463, "13": 0.1634349030470914, "14": 0.23582089552238805, "15": 0.3217993079584775, "16": 0.39276485788113696, "17": 0.32515337423312884, "18": 0.2491349480968858, "19": 0.4235294117647059, "20": 0.25691699604743085},
  "targets_count": 6423,
  "tp_count": 1892
}