{
  "gt_count": 6900,
  "mean_obj_recall": 0.014925545641403139,
  "mean_scene_recall": 0.011125261894404477,
  "obj_recalls": {"1": 0.0026917900403768506, "2": 0.0022675736961451248, "3": 0.010416666666666666, "4": 0.003367003367003367, "5": 0.0, "6": 0.0, "7": 0.004, "8": 0.013333333333333334, "9": 0.0, "10": 0.0, "11": 0.0, "12": 0.0, "13": 0.007142857142857143, "14": 0.02054794520547945, "15": 0.0547945205479452, "16": 0.0851063829787234, "17": 0.0958904109589041, "18": 0.0, "19": 0.0, "20": 0.004166666666666667, "21": 0.0, "22": 0.0, "23": 0.012096774193548387, "24": 0.020833333333333332, "25": 0.0, "26": 0.0, "27": 0.0, "28": 0.0, "29": 0.0, "30": 0.1111111111111111},
  "recall": 0.012143858010275572,
  "scene_recalls": {"1": 0.030456852791878174, "2": 0.0, "3": 0.008733624454148471, "4": 0.0, "5": 0.0, "6": 0.0, "7": 0.015463917525773196, "8": 0.006802721088435374, "9": 0.0036496350364963502, "10": 0.017361111111111112, "11": 0.0, "12": 0.010309278350515464, "13": 0.0, "14": 0.0, "15": 0.020761245674740483, "16": 0.046511627906976744, "17": 0.003067484662576687, "18": 0.0, "19": 0.05411764705882353, "20": 0.005270092226613966},
  "targets_count": 6423,
  "tp_count": 78
}