{
  "gt_count": 1517,
  "mean_obj_recall": 0.026808704130510532,
  "mean_scene_recall": 0.02768166089965398,
  "obj_recalls": {"1": 0.011428571428571429, "5": 0.010050251256281407, "6": 0.005847953216374269, "8": 0.015, "9": 0.07222222222222222, "10": 0.027777777777777776, "11": 0.007142857142857143, "12": 0.065},
  "recall": 0.02768166089965398,
  "scene_recalls": {"2": 0.02768166089965398},
  "targets_count": 1445,
  "tp_count": 40
}