{
  "gt_count": 1517,
  "mean_obj_recall": 0.04635238640991088,
  "mean_scene_recall": 0.04775086505190312,
  "obj_recalls": {"1": 0.017142857142857144, "5": 0.03015075376884422, "6": 0.029239766081871343, "8": 0.025, "9": 0.10555555555555556, "10": 0.044444444444444446, "11": 0.014285714285714285, "12": 0.105},
  "recall": 0.04775086505190312,
  "scene_recalls": {"2": 0.04775086505190312},
  "targets_count": 1445,
  "tp_count": 69
}