{
  "gt_count": 1517,
  "mean_obj_recall": 0.12582989089138255,
  "mean_scene_recall": 0.12802768166089964,
  "obj_recalls": {"1": 0.09714285714285714, "5": 0.135678391959799, "6": 0.14619883040935672, "8": 0.07, "9": 0.2222222222222222, "10": 0.06111111111111111, "11": 0.06428571428571428, "12": 0.21},
  "recall": 0.12802768166089964,
  "scene_recalls": {"2": 0.12802768166089964},
  "targets_count": 1445,
  "tp_count": 185
}