{
  "gt_count": 1517,
  "mean_obj_recall": 0.00667972800510489,
  "mean_scene_recall": 0.006920415224913495,
  "obj_recalls": {"1": 0.005714285714285714, "5": 0.005025125628140704, "6": 0.0, "8": 0.0, "9": 0.005555555555555556, "10": 0.0, "11": 0.007142857142857143, "12": 0.03},
  "recall": 0.006920415224913495,
  "scene_recalls": {"2": 0.006920415224913495},
  "targets_count": 1445,
  "tp_count": 10
}