{
  "gt_count": 1517,
  "mean_obj_recall": 0.2864581312997737,
  "mean_scene_recall": 0.29411764705882354,
  "obj_recalls": {"1": 0.2057142857142857, "5": 0.5376884422110553, "6": 0.2573099415204678, "8": 0.33, "9": 0.3333333333333333, "10": 0.03333333333333333, "11": 0.21428571428571427, "12": 0.38},
  "recall": 0.29411764705882354,
  "scene_recalls": {"2": 0.29411764705882354},
  "targets_count": 1445,
  "tp_count": 425
}