{
  "gt_count": 1517,
  "mean_obj_recall": 0.11550561915676966,
  "mean_scene_recall": 0.11833910034602076,
  "obj_recalls": {"1": 0.09714285714285714, "5": 0.12060301507537688, "6": 0.12280701754385964, "8": 0.065, "9": 0.21666666666666667, "10": 0.06111111111111111, "11": 0.03571428571428571, "12": 0.205},
  "recall": 0.11833910034602076,
  "scene_recalls": {"2": 0.11833910034602076},
  "targets_count": 1445,
  "tp_count": 171
}