{
  "gt_count": 1517,
  "mean_obj_recall": 0.04689550509439428,
  "mean_scene_recall": 0.04913494809688582,
  "obj_recalls": {"1": 0.017142857142857144, "5": 0.09045226130653267, "6": 0.011695906432748537, "8": 0.005, "9": 0.09444444444444444, "10": 0.0, "11": 0.02142857142857143, "12": 0.135},
  "recall": 0.04913494809688582,
  "scene_recalls": {"2": 0.04913494809688582},
  "targets_count": 1445,
  "tp_count": 71
}