{
  "gt_count": 1517,
  "mean_obj_recall": 0.08403153507722405,
  "mean_scene_recall": 0.08650519031141868,
  "obj_recalls": {"1": 0.04, "5": 0.06532663316582915, "6": 0.08771929824561403, "8": 0.055, "9": 0.17222222222222222, "10": 0.05555555555555555, "11": 0.02142857142857143, "12": 0.175},
  "recall": 0.08650519031141868,
  "scene_recalls": {"2": 0.08650519031141868},
  "targets_count": 1445,
  "tp_count": 125
}