{
  "gt_count": 1517,
  "mean_obj_recall": 0.23611761029458067,
  "mean_scene_recall": 0.24290657439446367,
  "obj_recalls": {"1": 0.14857142857142858, "5": 0.4824120603015075, "6": 0.19883040935672514, "8": 0.225, "9": 0.2777777777777778, "10": 0.027777777777777776, "11": 0.17857142857142858, "12": 0.35},
  "recall": 0.24290657439446367,
  "scene_recalls": {"2": 0.24290657439446367},
  "targets_count": 1445,
  "tp_count": 351
}