{
  "gt_count": 1517,
  "mean_obj_recall": 0.09993040337443274,
  "mean_scene_recall": 0.10380622837370242,
  "obj_recalls": {"1": 0.04, "5": 0.23618090452261306, "6": 0.03508771929824561, "8": 0.02, "9": 0.17222222222222222, "10": 0.016666666666666666, "11": 0.06428571428571428, "12": 0.215},
  "recall": 0.10380622837370242,
  "scene_recalls": {"2": 0.10380622837370242},
  "targets_count": 1445,
  "tp_count": 150
}