{
  "gt_count": 1517,
  "mean_obj_recall": 0.0060416666666666665,
  "mean_scene_recall": 0.006228373702422145,
  "obj_recalls": {"1": 0.0, "5": 0.0, "6": 0.0, "8": 0.005, "9": 0.027777777777777776, "10": 0.005555555555555556, "11": 0.0, "12": 0.01},
  "recall": 0.006228373702422145,
  "scene_recalls": {"2": 0.006228373702422145},
  "targets_count": 1445,
  "tp_count": 9
}