{
  "gt_count": 1517,
  "mean_obj_recall": 0.15100304939484388,
  "mean_scene_recall": 0.156401384083045,
  "obj_recalls": {"1": 0.06857142857142857, "5": 0.34673366834170855, "6": 0.08771929824561403, "8": 0.08, "9": 0.2222222222222222, "10": 0.027777777777777776, "11": 0.1, "12": 0.275},
  "recall": 0.156401384083045,
  "scene_recalls": {"2": 0.156401384083045},
  "targets_count": 1445,
  "tp_count": 226
}