{
  "gt_count": 1517,
  "mean_obj_recall": 0.2670564864842172,
  "mean_scene_recall": 0.27474048442906573,
  "obj_recalls": {"1": 0.18285714285714286, "5": 0.5276381909547738, "6": 0.23976608187134502, "8": 0.29, "9": 0.3055555555555556, "10": 0.027777777777777776, "11": 0.19285714285714287, "12": 0.37},
  "recall": 0.27474048442906573,
  "scene_recalls": {"2": 0.27474048442906573},
  "targets_count": 1445,
  "tp_count": 397
}