{
  "gt_count": 1517,
  "mean_obj_recall": 0.10382274257670979,
  "mean_scene_recall": 0.10657439446366782,
  "obj_recalls": {"1": 0.06285714285714286, "5": 0.10552763819095477, "6": 0.11695906432748537, "8": 0.06, "9": 0.2111111111111111, "10": 0.05555555555555555, "11": 0.02857142857142857, "12": 0.19},
  "recall": 0.10657439446366782,
  "scene_recalls": {"2": 0.10657439446366782},
  "targets_count": 1445,
  "tp_count": 154
}