{
  "gt_count": 1517,
  "mean_obj_recall": 0.06324775768986957,
  "mean_scene_recall": 0.06505190311418685,
  "obj_recalls": {"1": 0.022857142857142857, "5": 0.035175879396984924, "6": 0.05263157894736842, "8": 0.035, "9": 0.13333333333333333, "10": 0.05555555555555555, "11": 0.02142857142857143, "12": 0.15},
  "recall": 0.06505190311418685,
  "scene_recalls": {"2": 0.06505190311418685},
  "targets_count": 1445,
  "tp_count": 94
}