{
  "gt_count": 1517,
  "mean_obj_recall": 0.09433231057123545,
  "mean_scene_recall": 0.09688581314878893,
  "obj_recalls": {"1": 0.045714285714285714, "5": 0.08040201005025126, "6": 0.09941520467836257, "8": 0.06, "9": 0.2, "10": 0.05555555555555555, "11": 0.02857142857142857, "12": 0.185},
  "recall": 0.09688581314878893,
  "scene_recalls": {"2": 0.09688581314878893},
  "targets_count": 1445,
  "tp_count": 140
}