{
  "gt_count": 1517,
  "mean_obj_recall": 0.19862219934257758,
  "mean_scene_recall": 0.2041522491349481,
  "obj_recalls": {"1": 0.11428571428571428, "5": 0.4120603015075377, "6": 0.16374269005847952, "8": 0.15, "9": 0.2611111111111111, "10": 0.027777777777777776, "11": 0.15, "12": 0.31},
  "recall": 0.2041522491349481,
  "scene_recalls": {"2": 0.2041522491349481},
  "targets_count": 1445,
  "tp_count": 295
}