{
  "gt_count": 1517,
  "mean_obj_recall": 0.3047648670461749,
  "mean_scene_recall": 0.31280276816609,
  "obj_recalls": {"1": 0.24571428571428572, "5": 0.5577889447236181, "6": 0.27485380116959063, "8": 0.365, "9": 0.35, "10": 0.03333333333333333, "11": 0.22142857142857142, "12": 0.39},
  "recall": 0.31280276816609,
  "scene_recalls": {"2": 0.31280276816609},
  "targets_count": 1445,
  "tp_count": 452
}