{
  "AP": 0.20908630008627827,
  "AP50": 0.24326692747507273,
  "AP75": 0.2417858736151685,
  "AP_large": 0.26770293203567214,
  "AP_medium": 0.29991933604558774,
  "AP_small": 0.7326732673267327,
  "AR1": 0.7536428571428571,
  "AR10": 0.7546785714285714,
  "AR100": 0.7546785714285714,
  "AR_large": 0.7845399353153113,
  "AR_medium": 0.7495835766716071,
  "AR_small": 0.7333333333333333,
  "average_time_per_image": 0.13731451422304652
}