{
  "gt_count": 6900,
  "mean_obj_recall": 0.6525332811889982,
  "mean_scene_recall": 0.635630508507623,
  "obj_recalls": {"1": 0.45625841184387617, "2": 0.48072562358276644, "3": 0.4921875, "4": 0.32491582491582494, "5": 0.8157894736842105, "6": 0.7959183673469388, "7": 0.764, "8": 0.6266666666666667, "9": 0.9105691056910569, "10": 0.7832167832167832, "11": 0.6514285714285715, "12": 0.7769784172661871, "13": 0.6928571428571428, "14": 0.5821917808219178, "15": 0.7945205479452054, "16": 0.7393617021276596, "17": 0.9452054794520548, "18": 0.7328767123287672, "19": 0.6073298429319371, "20": 0.4708333333333333, "21": 0.5085714285714286, "22": 0.4734042553191489, "23": 0.717741935483871, "24": 0.5572916666666666, "25": 0.25263157894736843, "26": 0.5757575757575758, "27": 0.8020833333333334, "28": 0.7395833333333334, "29": 0.7551020408163265, "30": 0.75},
  "recall": 0.6017437334578857,
  "scene_recalls": {"1": 0.5583756345177665, "2": 0.8163265306122449, "3": 0.7860262008733624, "4": 0.5743589743589743, "5": 0.7090163934426229, "6": 0.6752136752136753, "7": 0.7139175257731959, "8": 0.6020408163265306, "9": 0.4635036496350365, "10": 0.7083333333333334, "11": 0.8477157360406091, "12": 0.7353951890034365, "13": 0.5207756232686981, "14": 0.4955223880597015, "15": 0.7058823529411765, "16": 0.7286821705426356, "17": 0.5766871165644172, "18": 0.47058823529411764, "19": 0.6658823529411765, "20": 0.3583662714097497},
  "targets_count": 6423,
  "tp_count": 3865
}