{
  "gt_count": 6900,
  "mean_obj_recall": 0.18192577742186267,
  "mean_scene_recall": 0.1713650803861992,
  "obj_recalls": {"1": 0.13593539703903096, "2": 0.21541950113378686, "3": 0.22135416666666666, "4": 0.17003367003367004, "5": 0.14736842105263157, "6": 0.12244897959183673, "7": 0.1, "8": 0.2866666666666667, "9": 0.23170731707317074, "10": 0.16083916083916083, "11": 0.15428571428571428, "12": 0.1366906474820144, "13": 0.1357142857142857, "14": 0.2191780821917808, "15": 0.1917808219178082, "16": 0.324468085106383, "17": 0.6301369863013698, "18": 0.14383561643835616, "19": 0.15706806282722513, "20": 0.06666666666666667, "21": 0.06857142857142857, "22": 0.06382978723404255, "23": 0.09274193548387097, "24": 0.18229166666666666, "25": 0.07368421052631578, "26": 0.13131313131313133, "27": 0.125, "28": 0.203125, "29": 0.1836734693877551, "30": 0.3819444444444444},
  "recall": 0.17764284602210806,
  "scene_recalls": {"1": 0.15736040609137056, "2": 0.09523809523809523, "3": 0.20087336244541484, "4": 0.2, "5": 0.1680327868852459, "6": 0.12393162393162394, "7": 0.25257731958762886, "8": 0.07482993197278912, "9": 0.19525547445255476, "10": 0.14930555555555555, "11": 0.19796954314720813, "12": 0.21305841924398625, "13": 0.12742382271468145, "14": 0.08059701492537313, "15": 0.20761245674740483, "16": 0.26098191214470284, "17": 0.15337423312883436, "18": 0.1245674740484429, "19": 0.2611764705882353, "20": 0.1831357048748353},
  "targets_count": 6423,
  "tp_count": 1141
}