{
  "gt_count": 6900,
  "mean_obj_recall": 0.6790853092960135,
  "mean_scene_recall": 0.6630862388199096,
  "obj_recalls": {"1": 0.4858681022880215, "2": 0.5192743764172335, "3": 0.5260416666666666, "4": 0.3434343434343434, "5": 0.8210526315789474, "6": 0.826530612244898, "7": 0.804, "8": 0.6733333333333333, "9": 0.9186991869918699, "10": 0.7902097902097902, "11": 0.6685714285714286, "12": 0.7769784172661871, "13": 0.7, "14": 0.6027397260273972, "15": 0.8082191780821918, "16": 0.75, "17": 0.952054794520548, "18": 0.7671232876712328, "19": 0.6282722513089005, "20": 0.5333333333333333, "21": 0.5542857142857143, "22": 0.5319148936170213, "23": 0.7540322580645161, "24": 0.5677083333333334, "25": 0.3157894736842105, "26": 0.5858585858585859, "27": 0.8229166666666666, "28": 0.78125, "29": 0.8061224489795918, "30": 0.7569444444444444},
  "recall": 0.6291452592246614,
  "scene_recalls": {"1": 0.5989847715736041, "2": 0.8639455782312925, "3": 0.8078602620087336, "4": 0.5948717948717949, "5": 0.7254098360655737, "6": 0.6923076923076923, "7": 0.7396907216494846, "8": 0.6428571428571429, "9": 0.4835766423357664, "10": 0.7361111111111112, "11": 0.8629441624365483, "12": 0.7594501718213058, "13": 0.5761772853185596, "14": 0.5373134328358209, "15": 0.7231833910034602, "16": 0.7364341085271318, "17": 0.6073619631901841, "18": 0.4982698961937716, "19": 0.6823529411764706, "20": 0.3926218708827404},
  "targets_count": 6423,
  "tp_count": 4041
}