{
  "gt_count": 6900,
  "mean_obj_recall": 0.0043262182860573295,
  "mean_scene_recall": 0.0026964179766536243,
  "obj_recalls": {"1": 0.0013458950201884253, "2": 0.0045351473922902496, "3": 0.0, "4": 0.0, "5": 0.0, "6": 0.0, "7": 0.0, "8": 0.0, "9": 0.0, "10": 0.0, "11": 0.0, "12": 0.0, "13": 0.0, "14": 0.0, "15": 0.0, "16": 0.015957446808510637, "17": 0.10273972602739725, "18": 0.0, "19": 0.0, "20": 0.0, "21": 0.0, "22": 0.0, "23": 0.0, "24": 0.005208333333333333, "25": 0.0, "26": 0.0, "27": 0.0, "28": 0.0, "29": 0.0, "30": 0.0},
  "recall": 0.003425190720846956,
  "scene_recalls": {"1": 0.0, "2": 0.0, "3": 0.0, "4": 0.0, "5": 0.0, "6": 0.0, "7": 0.020618556701030927, "8": 0.0, "9": 0.0018248175182481751, "10": 0.003472222222222222, "11": 0.0, "12": 0.0, "13": 0.0, "14": 0.0, "15": 0.0, "16": 0.020671834625323, "17": 0.0, "18": 0.0, "19": 0.004705882352941176, "20": 0.002635046113306983},
  "targets_count": 6423,
  "tp_count": 22
}