{
  "gt_count": 6900,
  "mean_obj_recall": 0.13403270037866719,
  "mean_scene_recall": 0.12443014103428825,
  "obj_recalls": {"1": 0.1063257065948856, "2": 0.1655328798185941, "3": 0.16666666666666666, "4": 0.13468013468013468, "5": 0.10526315789473684, "6": 0.061224489795918366, "7": 0.064, "8": 0.16, "9": 0.17479674796747968, "10": 0.11888111888111888, "11": 0.08, "12": 0.10071942446043165, "13": 0.09285714285714286, "14": 0.17123287671232876, "15": 0.17123287671232876, "16": 0.2765957446808511, "17": 0.6095890410958904, "18": 0.10273972602739725, "19": 0.07853403141361257, "20": 0.016666666666666666, "21": 0.022857142857142857, "22": 0.015957446808510637, "23": 0.06451612903225806, "24": 0.16145833333333334, "25": 0.042105263157894736, "26": 0.09090909090909091, "27": 0.0625, "28": 0.15104166666666666, "29": 0.1326530612244898, "30": 0.3194444444444444},
  "recall": 0.13218122372723026,
  "scene_recalls": {"1": 0.12690355329949238, "2": 0.05442176870748299, "3": 0.13100436681222707, "4": 0.14871794871794872, "5": 0.13114754098360656, "6": 0.07264957264957266, "7": 0.211340206185567, "8": 0.04081632653061224, "9": 0.16058394160583941, "10": 0.1076388888888889, "11": 0.1116751269035533, "12": 0.15807560137457044, "13": 0.08033240997229917, "14": 0.020895522388059702, "15": 0.1453287197231834, "16": 0.2248062015503876, "17": 0.1196319018404908, "18": 0.08650519031141868, "19": 0.2164705882352941, "20": 0.13965744400527008},
  "targets_count": 6423,
  "tp_count": 849
}