{
  "gt_count": 6900,
  "mean_obj_recall": 0.533721103513237,
  "mean_scene_recall": 0.5143029112200758,
  "obj_recalls": {"1": 0.3203230148048452, "2": 0.3945578231292517, "3": 0.3828125, "4": 0.19696969696969696, "5": 0.7736842105263158, "6": 0.5102040816326531, "7": 0.676, "8": 0.38, "9": 0.8617886178861789, "10": 0.6713286713286714, "11": 0.3314285714285714, "12": 0.6690647482014388, "13": 0.5714285714285714, "14": 0.547945205479452, "15": 0.7602739726027398, "16": 0.7180851063829787, "17": 0.8972602739726028, "18": 0.636986301369863, "19": 0.4293193717277487, "20": 0.3125, "21": 0.34285714285714286, "22": 0.3191489361702128, "23": 0.5766129032258065, "24": 0.4322916666666667, "25": 0.18947368421052632, "26": 0.5050505050505051, "27": 0.6354166666666666, "28": 0.6666666666666666, "29": 0.6632653061224489, "30": 0.6388888888888888},
  "recall": 0.4834189631013545,
  "scene_recalls": {"1": 0.45685279187817257, "2": 0.7006802721088435, "3": 0.5807860262008734, "4": 0.5128205128205128, "5": 0.5860655737704918, "6": 0.45726495726495725, "7": 0.6494845360824743, "8": 0.47278911564625853, "9": 0.32116788321167883, "10": 0.5659722222222222, "11": 0.751269035532995, "12": 0.6323024054982818, "13": 0.37119113573407203, "14": 0.3253731343283582, "15": 0.5709342560553633, "16": 0.6201550387596899, "17": 0.4662576687116564, "18": 0.3806228373702422, "19": 0.5952941176470589, "20": 0.26877470355731226},
  "targets_count": 6423,
  "tp_count": 3105
}