{
  "gt_count": 6900,
  "mean_obj_recall": 0.022070503487578365,
  "mean_scene_recall": 0.01585591446267036,
  "obj_recalls": {"1": 0.006729475100942127, "2": 0.022675736961451247, "3": 0.026041666666666668, "4": 0.011784511784511785, "5": 0.005263157894736842, "6": 0.0, "7": 0.0, "8": 0.006666666666666667, "9": 0.008130081300813009, "10": 0.0, "11": 0.0, "12": 0.0, "13": 0.0, "14": 0.02054794520547945, "15": 0.0273972602739726, "16": 0.10638297872340426, "17": 0.3493150684931507, "18": 0.0, "19": 0.0, "20": 0.0, "21": 0.0, "22": 0.0, "23": 0.0, "24": 0.020833333333333332, "25": 0.0, "26": 0.0, "27": 0.0, "28": 0.015625, "29": 0.0, "30": 0.034722222222222224},
  "recall": 0.019617001401214387,
  "scene_recalls": {"1": 0.015228426395939087, "2": 0.0, "3": 0.0, "4": 0.015384615384615385, "5": 0.0, "6": 0.0, "7": 0.06443298969072164, "8": 0.0, "9": 0.025547445255474453, "10": 0.013888888888888888, "11": 0.01015228426395939, "12": 0.010309278350515464, "13": 0.002770083102493075, "14": 0.0, "15": 0.0, "16": 0.08010335917312661, "17": 0.003067484662576687, "18": 0.0, "19": 0.05647058823529412, "20": 0.019762845849802372},
  "targets_count": 6423,
  "tp_count": 126
}