{
  "gt_count": 6900,
  "mean_obj_recall": 0.38409987371429666,
  "mean_scene_recall": 0.36049041065841997,
  "obj_recalls": {"1": 0.17631224764468373, "2": 0.2834467120181406, "3": 0.2552083333333333, "4": 0.08585858585858586, "5": 0.6631578947368421, "6": 0.25510204081632654, "7": 0.512, "8": 0.17333333333333334, "9": 0.6788617886178862, "10": 0.4195804195804196, "11": 0.10285714285714286, "12": 0.381294964028777, "13": 0.30714285714285716, "14": 0.3972602739726027, "15": 0.684931506849315, "16": 0.6702127659574468, "17": 0.8424657534246576, "18": 0.5068493150684932, "19": 0.28272251308900526, "20": 0.2, "21": 0.18285714285714286, "22": 0.2127659574468085, "23": 0.3467741935483871, "24": 0.25, "25": 0.16842105263157894, "26": 0.3939393939393939, "27": 0.5208333333333334, "28": 0.5520833333333334, "29": 0.5306122448979592, "30": 0.4861111111111111},
  "recall": 0.33831542892729255,
  "scene_recalls": {"1": 0.34517766497461927, "2": 0.5034013605442177, "3": 0.3930131004366812, "4": 0.4153846153846154, "5": 0.36475409836065575, "6": 0.2264957264957265, "7": 0.5051546391752577, "8": 0.30612244897959184, "9": 0.20437956204379562, "10": 0.34375, "11": 0.5583756345177665, "12": 0.436426116838488, "13": 0.2409972299168975, "14": 0.19402985074626866, "15": 0.4809688581314879, "16": 0.4625322997416021, "17": 0.3374233128834356, "18": 0.2422145328719723, "19": 0.4752941176470588, "20": 0.17391304347826086},
  "targets_count": 6423,
  "tp_count": 2173
}