{
  "gt_count": 6900,
  "mean_obj_recall": 0.11852590592383999,
  "mean_scene_recall": 0.09825234626705341,
  "obj_recalls": {"1": 0.033647375504710635, "2": 0.05895691609977324, "3": 0.0546875, "4": 0.006734006734006734, "5": 0.18421052631578946, "6": 0.030612244897959183, "7": 0.116, "8": 0.02, "9": 0.15040650406504066, "10": 0.03496503496503497, "11": 0.0, "12": 0.050359712230215826, "13": 0.02142857142857143, "14": 0.0273972602739726, "15": 0.3287671232876712, "16": 0.23404255319148937, "17": 0.684931506849315, "18": 0.1780821917808219, "19": 0.03664921465968586, "20": 0.05416666666666667, "21": 0.03428571428571429, "22": 0.05319148936170213, "23": 0.06451612903225806, "24": 0.057291666666666664, "25": 0.10526315789473684, "26": 0.0707070707070707, "27": 0.23958333333333334, "28": 0.18229166666666666, "29": 0.25510204081632654, "30": 0.1875},
  "recall": 0.09497119725984743,
  "scene_recalls": {"1": 0.15736040609137056, "2": 0.10204081632653061, "3": 0.09170305676855896, "4": 0.1076923076923077, "5": 0.0860655737704918, "6": 0.01282051282051282, "7": 0.20103092783505155, "8": 0.061224489795918366, "9": 0.043795620437956206, "10": 0.0763888888888889, "11": 0.116751269035533, "12": 0.06872852233676977, "13": 0.08033240997229917, "14": 0.03283582089552239, "15": 0.18339100346020762, "16": 0.14987080103359174, "17": 0.08588957055214724, "18": 0.05536332179930796, "19": 0.2188235294117647, "20": 0.03293807641633729},
  "targets_count": 6423,
  "tp_count": 610
}