{
  "gt_count": 6900,
  "mean_obj_recall": 0.5987978420283311,
  "mean_scene_recall": 0.5804363410501211,
  "obj_recalls": {"1": 0.3916554508748318, "2": 0.4444444444444444, "3": 0.4635416666666667, "4": 0.26430976430976433, "5": 0.8052631578947368, "6": 0.6836734693877551, "7": 0.728, "8": 0.4533333333333333, "9": 0.8861788617886179, "10": 0.7482517482517482, "11": 0.5028571428571429, "12": 0.7338129496402878, "13": 0.65, "14": 0.5616438356164384, "15": 0.7945205479452054, "16": 0.7287234042553191, "17": 0.9246575342465754, "18": 0.6986301369863014, "19": 0.5287958115183246, "20": 0.3958333333333333, "21": 0.4, "22": 0.42021276595744683, "23": 0.6411290322580645, "24": 0.515625, "25": 0.21052631578947367, "26": 0.5353535353535354, "27": 0.6979166666666666, "28": 0.7083333333333334, "29": 0.7244897959183674, "30": 0.7222222222222222},
  "recall": 0.5486532772847579,
  "scene_recalls": {"1": 0.5177664974619289, "2": 0.7755102040816326, "3": 0.6637554585152838, "4": 0.5333333333333333, "5": 0.639344262295082, "6": 0.594017094017094, "7": 0.6958762886597938, "8": 0.5374149659863946, "9": 0.39963503649635035, "10": 0.6284722222222222, "11": 0.8020304568527918, "12": 0.7044673539518901, "13": 0.4404432132963989, "14": 0.43283582089552236, "15": 0.6470588235294118, "16": 0.689922480620155, "17": 0.5245398773006135, "18": 0.42214532871972316, "19": 0.64, "20": 0.3201581027667984},
  "targets_count": 6423,
  "tp_count": 3524
}