{
  "gt_count": 6900,
  "mean_obj_recall": 0.0610132788637404,
  "mean_scene_recall": 0.052959634471358,
  "obj_recalls": {"1": 0.03768506056527591, "2": 0.10204081632653061, "3": 0.09635416666666667, "4": 0.058922558922558925, "5": 0.031578947368421054, "6": 0.0, "7": 0.004, "8": 0.03333333333333333, "9": 0.06097560975609756, "10": 0.006993006993006993, "11": 0.005714285714285714, "12": 0.007194244604316547, "13": 0.04285714285714286, "14": 0.0958904109589041, "15": 0.1095890410958904, "16": 0.2074468085106383, "17": 0.5136986301369864, "18": 0.0410958904109589, "19": 0.005235602094240838, "20": 0.0, "21": 0.0, "22": 0.0, "23": 0.020161290322580645, "24": 0.08854166666666667, "25": 0.0, "26": 0.0, "27": 0.0, "28": 0.036458333333333336, "29": 0.05102040816326531, "30": 0.1736111111111111},
  "recall": 0.06087498053868909,
  "scene_recalls": {"1": 0.07614213197969544, "2": 0.006802721088435374, "3": 0.03056768558951965, "4": 0.035897435897435895, "5": 0.036885245901639344, "6": 0.0, "7": 0.13144329896907217, "8": 0.0, "9": 0.08941605839416059, "10": 0.05555555555555555, "11": 0.04060913705583756, "12": 0.07216494845360824, "13": 0.013850415512465374, "14": 0.008955223880597015, "15": 0.02768166089965398, "16": 0.15503875968992248, "17": 0.03680981595092025, "18": 0.03460207612456748, "19": 0.14352941176470588, "20": 0.06324110671936758},
  "targets_count": 6423,
  "tp_count": 391
}