{
  "gt_count": 6900,
  "mean_obj_recall": 0.044305137144463595,
  "mean_scene_recall": 0.03651561474374988,
  "obj_recalls": {"1": 0.02557200538358008, "2": 0.06802721088435375, "3": 0.057291666666666664, "4": 0.04208754208754209, "5": 0.010526315789473684, "6": 0.0, "7": 0.0, "8": 0.013333333333333334, "9": 0.036585365853658534, "10": 0.006993006993006993, "11": 0.0, "12": 0.0, "13": 0.04285714285714286, "14": 0.07534246575342465, "15": 0.07534246575342465, "16": 0.14893617021276595, "17": 0.4726027397260274, "18": 0.0136986301369863, "19": 0.005235602094240838, "20": 0.0, "21": 0.0, "22": 0.0, "23": 0.004032258064516129, "24": 0.06770833333333333, "25": 0.0, "26": 0.0, "27": 0.0, "28": 0.020833333333333332, "29": 0.01020408163265306, "30": 0.13194444444444445},
  "recall": 0.04297057449789818,
  "scene_recalls": {"1": 0.050761421319796954, "2": 0.0, "3": 0.008733624454148471, "4": 0.020512820512820513, "5": 0.02459016393442623, "6": 0.0, "7": 0.1056701030927835, "8": 0.0, "9": 0.058394160583941604, "10": 0.041666666666666664, "11": 0.025380710659898477, "12": 0.044673539518900345, "13": 0.008310249307479225, "14": 0.005970149253731343, "15": 0.006920415224913495, "16": 0.12661498708010335, "17": 0.02147239263803681, "18": 0.02422145328719723, "19": 0.11294117647058824, "20": 0.043478260869565216},
  "targets_count": 6423,
  "tp_count": 276
}