{
  "gt_count": 6900,
  "mean_obj_recall": 0.688020042317419,
  "mean_scene_recall": 0.6714259881569737,
  "obj_recalls": {"1": 0.4939434724091521, "2": 0.528344671201814, "3": 0.5364583333333334, "4": 0.3451178451178451, "5": 0.8263157894736842, "6": 0.826530612244898, "7": 0.808, "8": 0.6866666666666666, "9": 0.926829268292683, "10": 0.7972027972027972, "11": 0.6685714285714286, "12": 0.7769784172661871, "13": 0.7, "14": 0.6095890410958904, "15": 0.8082191780821918, "16": 0.75, "17": 0.958904109589041, "18": 0.7671232876712328, "19": 0.6282722513089005, "20": 0.5416666666666666, "21": 0.5542857142857143, "22": 0.5478723404255319, "23": 0.7701612903225806, "24": 0.5833333333333334, "25": 0.3684210526315789, "26": 0.6161616161616161, "27": 0.84375, "28": 0.7916666666666666, "29": 0.8163265306122449, "30": 0.7638888888888888},
  "recall": 0.6369297835902227,
  "scene_recalls": {"1": 0.6192893401015228, "2": 0.8639455782312925, "3": 0.8078602620087336, "4": 0.6153846153846154, "5": 0.7377049180327869, "6": 0.6965811965811965, "7": 0.7474226804123711, "8": 0.6564625850340136, "9": 0.4908759124087591, "10": 0.7395833333333334, "11": 0.8730964467005076, "12": 0.7663230240549829, "13": 0.5872576177285319, "14": 0.5522388059701493, "15": 0.740484429065744, "16": 0.7364341085271318, "17": 0.6073619631901841, "18": 0.5086505190311419, "19": 0.6823529411764706, "20": 0.39920948616600793},
  "targets_count": 6423,
  "tp_count": 4091
}