{
  "gt_count": 6900,
  "mean_obj_recall": 0.11035356525439236,
  "mean_scene_recall": 0.10130744582370302,
  "obj_recalls": {"1": 0.08344549125168237, "2": 0.1473922902494331, "3": 0.14583333333333334, "4": 0.12457912457912458, "5": 0.08947368421052632, "6": 0.030612244897959183, "7": 0.04, "8": 0.11333333333333333, "9": 0.14634146341463414, "10": 0.09090909090909091, "11": 0.05142857142857143, "12": 0.050359712230215826, "13": 0.08571428571428572, "14": 0.1506849315068493, "15": 0.17123287671232876, "16": 0.26063829787234044, "17": 0.589041095890411, "18": 0.08904109589041095, "19": 0.03664921465968586, "20": 0.004166666666666667, "21": 0.005714285714285714, "22": 0.005319148936170213, "23": 0.04838709677419355, "24": 0.13020833333333334, "25": 0.031578947368421054, "26": 0.050505050505050504, "27": 0.041666666666666664, "28": 0.11979166666666667, "29": 0.09183673469387756, "30": 0.2847222222222222},
  "recall": 0.1102288650163475,
  "scene_recalls": {"1": 0.116751269035533, "2": 0.034013605442176874, "3": 0.10043668122270742, "4": 0.1076923076923077, "5": 0.0942622950819672, "6": 0.03418803418803419, "7": 0.19329896907216496, "8": 0.02040816326530612, "9": 0.14233576642335766, "10": 0.08333333333333333, "11": 0.09137055837563451, "12": 0.14432989690721648, "13": 0.04986149584487535, "14": 0.014925373134328358, "15": 0.10034602076124567, "16": 0.2041343669250646, "17": 0.09815950920245399, "18": 0.07612456747404844, "19": 0.1976470588235294, "20": 0.1225296442687747},
  "targets_count": 6423,
  "tp_count": 708
}