{
  "gt_count": 6900,
  "mean_obj_recall": 0.6630807688964293,
  "mean_scene_recall": 0.6461915534521291,
  "obj_recalls": {"1": 0.47106325706594887, "2": 0.4875283446712018, "3": 0.5026041666666666, "4": 0.3265993265993266, "5": 0.8157894736842105, "6": 0.8061224489795918, "7": 0.78, "8": 0.6533333333333333, "9": 0.9146341463414634, "10": 0.7902097902097902, "11": 0.6514285714285715, "12": 0.7769784172661871, "13": 0.7, "14": 0.6027397260273972, "15": 0.8082191780821918, "16": 0.7446808510638298, "17": 0.9452054794520548, "18": 0.7328767123287672, "19": 0.612565445026178, "20": 0.5041666666666667, "21": 0.5314285714285715, "22": 0.48936170212765956, "23": 0.7298387096774194, "24": 0.5677083333333334, "25": 0.2736842105263158, "26": 0.5858585858585859, "27": 0.8020833333333334, "28": 0.75, "29": 0.7857142857142857, "30": 0.75},
  "recall": 0.6120193056204266,
  "scene_recalls": {"1": 0.5736040609137056, "2": 0.8367346938775511, "3": 0.7947598253275109, "4": 0.5846153846153846, "5": 0.7090163934426229, "6": 0.6752136752136753, "7": 0.7242268041237113, "8": 0.6156462585034014, "9": 0.4726277372262774, "10": 0.7361111111111112, "11": 0.8578680203045685, "12": 0.7353951890034365, "13": 0.5373961218836565, "14": 0.5074626865671642, "15": 0.7162629757785467, "16": 0.7364341085271318, "17": 0.588957055214724, "18": 0.4809688581314879, "19": 0.6729411764705883, "20": 0.3675889328063241},
  "targets_count": 6423,
  "tp_count": 3931
}