{
  "gt_count": 6900,
  "mean_obj_recall": 0.08182098404336942,
  "mean_scene_recall": 0.07444922504355468,
  "obj_recalls": {"1": 0.05652759084791386, "2": 0.12471655328798185, "3": 0.109375, "4": 0.09259259259259259, "5": 0.06315789473684211, "6": 0.0, "7": 0.024, "8": 0.06666666666666667, "9": 0.10569105691056911, "10": 0.04895104895104895, "11": 0.022857142857142857, "12": 0.02158273381294964, "13": 0.06428571428571428, "14": 0.11643835616438356, "15": 0.14383561643835616, "16": 0.2393617021276596, "17": 0.547945205479452, "18": 0.04794520547945205, "19": 0.015706806282722512, "20": 0.0, "21": 0.005714285714285714, "22": 0.005319148936170213, "23": 0.028225806451612902, "24": 0.109375, "25": 0.021052631578947368, "26": 0.020202020202020204, "27": 0.010416666666666666, "28": 0.0625, "29": 0.05102040816326531, "30": 0.22916666666666666},
  "recall": 0.08236026778763818,
  "scene_recalls": {"1": 0.09137055837563451, "2": 0.027210884353741496, "3": 0.06986899563318777, "4": 0.06153846153846154, "5": 0.0778688524590164, "6": 0.008547008547008548, "7": 0.15463917525773196, "8": 0.01020408163265306, "9": 0.10948905109489052, "10": 0.06597222222222222, "11": 0.06598984771573604, "12": 0.09965635738831616, "13": 0.030470914127423823, "14": 0.008955223880597015, "15": 0.05536332179930796, "16": 0.1731266149870801, "17": 0.0736196319018405, "18": 0.04844290657439446, "19": 0.16705882352941176, "20": 0.08959156785243742},
  "targets_count": 6423,
  "tp_count": 529
}