{
  "gt_count": 6900,
  "mean_obj_recall": 0.20518154018241364,
  "mean_scene_recall": 0.19377496734407526,
  "obj_recalls": {"1": 0.14939434724091522, "2": 0.22448979591836735, "3": 0.25, "4": 0.18181818181818182, "5": 0.15263157894736842, "6": 0.16326530612244897, "7": 0.112, "8": 0.35333333333333333, "9": 0.26422764227642276, "10": 0.1958041958041958, "11": 0.18285714285714286, "12": 0.16546762589928057, "13": 0.16428571428571428, "14": 0.22602739726027396, "15": 0.2054794520547945, "16": 0.32978723404255317, "17": 0.6438356164383562, "18": 0.17123287671232876, "19": 0.19895287958115182, "20": 0.08333333333333333, "21": 0.09714285714285714, "22": 0.10106382978723404, "23": 0.10887096774193548, "24": 0.21875, "25": 0.12631578947368421, "26": 0.1414141414141414, "27": 0.13541666666666666, "28": 0.20833333333333334, "29": 0.20408163265306123, "30": 0.3958333333333333},
  "recall": 0.19834968083450102,
  "scene_recalls": {"1": 0.18781725888324874, "2": 0.11564625850340136, "3": 0.22270742358078602, "4": 0.2153846153846154, "5": 0.1680327868852459, "6": 0.14957264957264957, "7": 0.26804123711340205, "8": 0.10204081632653061, "9": 0.21350364963503649, "10": 0.1875, "11": 0.26903553299492383, "12": 0.23024054982817868, "13": 0.14958448753462603, "14": 0.09850746268656717, "15": 0.2179930795847751, "16": 0.27648578811369506, "17": 0.1656441717791411, "18": 0.15570934256055363, "19": 0.28705882352941176, "20": 0.19499341238471674},
  "targets_count": 6423,
  "tp_count": 1274
}