{
  "gt_count": 6900,
  "mean_obj_recall": 0.6716841800325389,
  "mean_scene_recall": 0.6554003589930422,
  "obj_recalls": {"1": 0.48048452220726784, "2": 0.5011337868480725, "3": 0.5130208333333334, "4": 0.3383838383838384, "5": 0.8210526315789474, "6": 0.8163265306122449, "7": 0.788, "8": 0.6733333333333333, "9": 0.9146341463414634, "10": 0.7902097902097902, "11": 0.6514285714285715, "12": 0.7769784172661871, "13": 0.7, "14": 0.6027397260273972, "15": 0.8082191780821918, "16": 0.7446808510638298, "17": 0.952054794520548, "18": 0.7602739726027398, "19": 0.6178010471204188, "20": 0.525, "21": 0.5428571428571428, "22": 0.5106382978723404, "23": 0.7540322580645161, "24": 0.5677083333333334, "25": 0.28421052631578947, "26": 0.5858585858585859, "27": 0.8229166666666666, "28": 0.7708333333333334, "29": 0.7857142857142857, "30": 0.75},
  "recall": 0.6215164253464114,
  "scene_recalls": {"1": 0.5786802030456852, "2": 0.8503401360544217, "3": 0.8034934497816594, "4": 0.5948717948717949, "5": 0.7213114754098361, "6": 0.6752136752136753, "7": 0.7371134020618557, "8": 0.6292517006802721, "9": 0.4781021897810219, "10": 0.7361111111111112, "11": 0.8629441624365483, "12": 0.7457044673539519, "13": 0.5650969529085873, "14": 0.5253731343283582, "15": 0.7197231833910035, "16": 0.7364341085271318, "17": 0.6042944785276073, "18": 0.48788927335640137, "19": 0.6752941176470588, "20": 0.380764163372859},
  "targets_count": 6423,
  "tp_count": 3992
}