{
  "gt_count": 6900,
  "mean_obj_recall": 0.6330737531799434,
  "mean_scene_recall": 0.6164373956887033,
  "obj_recalls": {"1": 0.4306864064602961, "2": 0.46258503401360546, "3": 0.4765625, "4": 0.30976430976430974, "5": 0.8157894736842105, "6": 0.7857142857142857, "7": 0.752, "8": 0.58, "9": 0.8983739837398373, "10": 0.7622377622377622, "11": 0.6114285714285714, "12": 0.762589928057554, "13": 0.6714285714285714, "14": 0.5753424657534246, "15": 0.7945205479452054, "16": 0.7340425531914894, "17": 0.9315068493150684, "18": 0.726027397260274, "19": 0.5706806282722513, "20": 0.45, "21": 0.4685714285714286, "22": 0.4574468085106383, "23": 0.6895161290322581, "24": 0.5416666666666666, "25": 0.21052631578947367, "26": 0.5454545454545454, "27": 0.7708333333333334, "28": 0.7291666666666666, "29": 0.7346938775510204, "30": 0.7430555555555556},
  "recall": 0.582593803518605,
  "scene_recalls": {"1": 0.5329949238578681, "2": 0.8163265306122449, "3": 0.7554585152838428, "4": 0.558974358974359, "5": 0.6926229508196722, "6": 0.6538461538461539, "7": 0.7087628865979382, "8": 0.5782312925170068, "9": 0.44343065693430656, "10": 0.6875, "11": 0.8324873096446701, "12": 0.718213058419244, "13": 0.48476454293628807, "14": 0.4746268656716418, "15": 0.671280276816609, "16": 0.7157622739018088, "17": 0.558282208588957, "18": 0.44982698961937717, "19": 0.6541176470588236, "20": 0.3412384716732543},
  "targets_count": 6423,
  "tp_count": 3742
}