{
  "gt_count": 6900,
  "mean_obj_recall": 0.1587442945584802,
  "mean_scene_recall": 0.14840621342736088,
  "obj_recalls": {"1": 0.1224764468371467, "2": 0.1927437641723356, "3": 0.18229166666666666, "4": 0.15151515151515152, "5": 0.1368421052631579, "6": 0.10204081632653061, "7": 0.084, "8": 0.2, "9": 0.1991869918699187, "10": 0.13986013986013987, "11": 0.12571428571428572, "12": 0.1223021582733813, "13": 0.11428571428571428, "14": 0.1917808219178082, "15": 0.18493150684931506, "16": 0.30319148936170215, "17": 0.6095890410958904, "18": 0.1232876712328767, "19": 0.12041884816753927, "20": 0.04583333333333333, "21": 0.045714285714285714, "22": 0.026595744680851064, "23": 0.08064516129032258, "24": 0.171875, "25": 0.05263157894736842, "26": 0.1111111111111111, "27": 0.11458333333333333, "28": 0.19270833333333334, "29": 0.15306122448979592, "30": 0.3611111111111111},
  "recall": 0.1552234158492916,
  "scene_recalls": {"1": 0.14213197969543148, "2": 0.08163265306122448, "3": 0.16593886462882096, "4": 0.1794871794871795, "5": 0.15163934426229508, "6": 0.09829059829059829, "7": 0.22938144329896906, "8": 0.05782312925170068, "9": 0.177007299270073, "10": 0.12152777777777778, "11": 0.15228426395939088, "12": 0.18213058419243985, "13": 0.11357340720221606, "14": 0.050746268656716415, "15": 0.17993079584775087, "16": 0.2454780361757106, "17": 0.13803680981595093, "18": 0.10034602076124567, "19": 0.24, "20": 0.16073781291172595},
  "targets_count": 6423,
  "tp_count": 997
}