{
  "gt_count": 6900,
  "mean_obj_recall": 0.23216293967772755,
  "mean_scene_recall": 0.2218966151122316,
  "obj_recalls": {"1": 0.1426648721399731, "2": 0.20861678004535147, "3": 0.2942708333333333, "4": 0.18013468013468015, "5": 0.18421052631578946, "6": 0.16326530612244897, "7": 0.228, "8": 0.32, "9": 0.44308943089430897, "10": 0.13986013986013987, "11": 0.17142857142857143, "12": 0.2158273381294964, "13": 0.3142857142857143, "14": 0.3424657534246575, "15": 0.273972602739726, "16": 0.46808510638297873, "17": 0.6506849315068494, "18": 0.0958904109589041, "19": 0.12041884816753927, "20": 0.2, "21": 0.07428571428571429, "22": 0.10106382978723404, "23": 0.25, "24": 0.171875, "25": 0.031578947368421054, "26": 0.0707070707070707, "27": 0.34375, "28": 0.08333333333333333, "29": 0.30612244897959184, "30": 0.375},
  "recall": 0.2234158492916083,
  "scene_recalls": {"1": 0.2131979695431472, "2": 0.19047619047619047, "3": 0.30131004366812225, "4": 0.10256410256410256, "5": 0.2581967213114754, "6": 0.15384615384615385, "7": 0.28350515463917525, "8": 0.1360544217687075, "9": 0.2062043795620438, "10": 0.21875, "11": 0.27411167512690354, "12": 0.3161512027491409, "13": 0.11357340720221606, "14": 0.15522388059701492, "15": 0.2422145328719723, "16": 0.31007751937984496, "17": 0.24846625766871167, "18": 0.18339100346020762, "19": 0.34352941176470586, "20": 0.18708827404479578},
  "targets_count": 6423,
  "tp_count": 1435
}