{
  "gt_count": 6900,
  "mean_obj_recall": 0.06293146048841845,
  "mean_scene_recall": 0.05096751500063264,
  "obj_recalls": {"1": 0.024226110363391656, "2": 0.045351473922902494, "3": 0.052083333333333336, "4": 0.030303030303030304, "5": 0.031578947368421054, "6": 0.0, "7": 0.016, "8": 0.06666666666666667, "9": 0.08130081300813008, "10": 0.0, "11": 0.0, "12": 0.0, "13": 0.07142857142857142, "14": 0.0821917808219178, "15": 0.14383561643835616, "16": 0.26595744680851063, "17": 0.3904109589041096, "18": 0.00684931506849315, "19": 0.0, "20": 0.016666666666666666, "21": 0.0, "22": 0.010638297872340425, "23": 0.05241935483870968, "24": 0.057291666666666664, "25": 0.0, "26": 0.0, "27": 0.11458333333333333, "28": 0.010416666666666666, "29": 0.08163265306122448, "30": 0.2361111111111111},
  "recall": 0.0548030515335513,
  "scene_recalls": {"1": 0.06598984771573604, "2": 0.013605442176870748, "3": 0.03056768558951965, "4": 0.010256410256410256, "5": 0.028688524590163935, "6": 0.0, "7": 0.11082474226804123, "8": 0.030612244897959183, "9": 0.03102189781021898, "10": 0.041666666666666664, "11": 0.04060913705583756, "12": 0.08934707903780069, "13": 0.008310249307479225, "14": 0.014925373134328358, "15": 0.10034602076124567, "16": 0.14728682170542637, "17": 0.03680981595092025, "18": 0.03806228373702422, "19": 0.14352941176470588, "20": 0.03689064558629776},
  "targets_count": 6423,
  "tp_count": 352
}