{
  "gt_count": 6900,
  "mean_obj_recall": 0.26015224333016995,
  "mean_scene_recall": 0.24942968421668513,
  "obj_recalls": {"1": 0.18438761776581428, "2": 0.2290249433106576, "3": 0.3072916666666667, "4": 0.19696969696969696, "5": 0.19473684210526315, "6": 0.19387755102040816, "7": 0.268, "8": 0.36666666666666664, "9": 0.45934959349593496, "10": 0.16783216783216784, "11": 0.17714285714285713, "12": 0.2302158273381295, "13": 0.35714285714285715, "14": 0.3767123287671233, "15": 0.273972602739726, "16": 0.4787234042553192, "17": 0.6643835616438356, "18": 0.1095890410958904, "19": 0.1518324607329843, "20": 0.22083333333333333, "21": 0.13714285714285715, "22": 0.12234042553191489, "23": 0.28225806451612906, "24": 0.1875, "25": 0.05263157894736842, "26": 0.1111111111111111, "27": 0.4166666666666667, "28": 0.11979166666666667, "29": 0.37755102040816324, "30": 0.3888888888888889},
  "recall": 0.2500389226218278,
  "scene_recalls": {"1": 0.2436548223350254, "2": 0.2108843537414966, "3": 0.32751091703056767, "4": 0.11794871794871795, "5": 0.29508196721311475, "6": 0.17094017094017094, "7": 0.3118556701030928, "8": 0.16326530612244897, "9": 0.22445255474452555, "10": 0.25, "11": 0.30456852791878175, "12": 0.3436426116838488, "13": 0.1329639889196676, "14": 0.19701492537313434, "15": 0.28719723183391005, "16": 0.330749354005168, "17": 0.2791411042944785, "18": 0.23529411764705882, "19": 0.35294117647058826, "20": 0.20948616600790515},
  "targets_count": 6423,
  "tp_count": 1606
}