{
  "gt_count": 6900,
  "mean_obj_recall": 0.11374192183044522,
  "mean_scene_recall": 0.10105736241853877,
  "obj_recalls": {"1": 0.05652759084791386, "2": 0.09070294784580499, "3": 0.13541666666666666, "4": 0.06060606060606061, "5": 0.07368421052631578, "6": 0.01020408163265306, "7": 0.088, "8": 0.11333333333333333, "9": 0.24390243902439024, "10": 0.0, "11": 0.022857142857142857, "12": 0.050359712230215826, "13": 0.14285714285714285, "14": 0.22602739726027396, "15": 0.2054794520547945, "16": 0.3723404255319149, "17": 0.541095890410959, "18": 0.0136986301369863, "19": 0.015706806282722512, "20": 0.0625, "21": 0.005714285714285714, "22": 0.0425531914893617, "23": 0.12096774193548387, "24": 0.10416666666666667, "25": 0.0, "26": 0.0, "27": 0.16666666666666666, "28": 0.015625, "29": 0.1326530612244898, "30": 0.2986111111111111},
  "recall": 0.10602522185894442,
  "scene_recalls": {"1": 0.10152284263959391, "2": 0.061224489795918366, "3": 0.10043668122270742, "4": 0.010256410256410256, "5": 0.08196721311475409, "6": 0.021367521367521368, "7": 0.19329896907216496, "8": 0.05442176870748299, "9": 0.09124087591240876, "10": 0.10416666666666667, "11": 0.1116751269035533, "12": 0.16494845360824742, "13": 0.030470914127423823, "14": 0.050746268656716415, "15": 0.12802768166089964, "16": 0.20671834625322996, "17": 0.11349693251533742, "18": 0.09342560553633218, "19": 0.23058823529411765, "20": 0.07114624505928854},
  "targets_count": 6423,
  "tp_count": 681
}