{
  "gt_count": 6900,
  "mean_obj_recall": 0.1520582221520548,
  "mean_scene_recall": 0.13857884224843373,
  "obj_recalls": {"1": 0.06998654104979811, "2": 0.13151927437641722, "3": 0.20052083333333334, "4": 0.09764309764309764, "5": 0.12105263157894737, "6": 0.09183673469387756, "7": 0.14, "8": 0.14666666666666667, "9": 0.3089430894308943, "10": 0.013986013986013986, "11": 0.05142857142857143, "12": 0.07913669064748201, "13": 0.2, "14": 0.273972602739726, "15": 0.23972602739726026, "16": 0.40425531914893614, "17": 0.5821917808219178, "18": 0.03424657534246575, "19": 0.04712041884816754, "20": 0.10416666666666667, "21": 0.017142857142857144, "22": 0.047872340425531915, "23": 0.1774193548387097, "24": 0.11979166666666667, "25": 0.010526315789473684, "26": 0.020202020202020204, "27": 0.23958333333333334, "28": 0.026041666666666668, "29": 0.22448979591836735, "30": 0.3402777777777778},
  "recall": 0.14261248637708235,
  "scene_recalls": {"1": 0.13705583756345177, "2": 0.11564625850340136, "3": 0.15283842794759825, "4": 0.020512820512820513, "5": 0.13524590163934427, "6": 0.0641025641025641, "7": 0.23195876288659795, "8": 0.08843537414965986, "9": 0.13686131386861314, "10": 0.1527777777777778, "11": 0.14213197969543148, "12": 0.23367697594501718, "13": 0.05263157894736842, "14": 0.06567164179104477, "15": 0.17647058823529413, "16": 0.23772609819121446, "17": 0.1441717791411043, "18": 0.11764705882352941, "19": 0.26588235294117646, "20": 0.10013175230566534},
  "targets_count": 6423,
  "tp_count": 916
}