{
  "gt_count": 6900,
  "mean_obj_recall": 0.20322406155740882,
  "mean_scene_recall": 0.19203480431681924,
  "obj_recalls": {"1": 0.1063257065948856, "2": 0.1836734693877551, "3": 0.2708333333333333, "4": 0.15656565656565657, "5": 0.1631578947368421, "6": 0.1326530612244898, "7": 0.188, "8": 0.26, "9": 0.3861788617886179, "10": 0.0979020979020979, "11": 0.14857142857142858, "12": 0.17266187050359713, "13": 0.2714285714285714, "14": 0.3082191780821918, "15": 0.2602739726027397, "16": 0.4574468085106383, "17": 0.6164383561643836, "18": 0.07534246575342465, "19": 0.08900523560209424, "20": 0.15833333333333333, "21": 0.045714285714285714, "22": 0.0851063829787234, "23": 0.23387096774193547, "24": 0.15625, "25": 0.031578947368421054, "26": 0.06060606060606061, "27": 0.2916666666666667, "28": 0.0625, "29": 0.2653061224489796, "30": 0.3611111111111111},
  "recall": 0.19430172816440916,
  "scene_recalls": {"1": 0.18781725888324874, "2": 0.17006802721088435, "3": 0.26200873362445415, "4": 0.07179487179487179, "5": 0.22131147540983606, "6": 0.1282051282051282, "7": 0.2603092783505155, "8": 0.11564625850340136, "9": 0.17518248175182483, "10": 0.19791666666666666, "11": 0.233502538071066, "12": 0.281786941580756, "13": 0.09141274238227147, "14": 0.12238805970149254, "15": 0.20761245674740483, "16": 0.28165374677002586, "17": 0.19631901840490798, "18": 0.1453287197231834, "19": 0.3270588235294118, "20": 0.16337285902503293},
  "targets_count": 6423,
  "tp_count": 1248
}