{
  "gt_count": 6900,
  "mean_obj_recall": 0.24573487266175176,
  "mean_scene_recall": 0.23582416767664452,
  "obj_recalls": {"1": 0.16150740242261102, "2": 0.2199546485260771, "3": 0.2994791666666667, "4": 0.18855218855218855, "5": 0.18947368421052632, "6": 0.19387755102040816, "7": 0.252, "8": 0.3466666666666667, "9": 0.45934959349593496, "10": 0.15384615384615385, "11": 0.17714285714285713, "12": 0.2302158273381295, "13": 0.3357142857142857, "14": 0.3698630136986301, "15": 0.273972602739726, "16": 0.4734042553191489, "17": 0.6506849315068494, "18": 0.0958904109589041, "19": 0.1256544502617801, "20": 0.20833333333333334, "21": 0.09142857142857143, "22": 0.10638297872340426, "23": 0.2661290322580645, "24": 0.17708333333333334, "25": 0.042105263157894736, "26": 0.09090909090909091, "27": 0.3541666666666667, "28": 0.109375, "29": 0.3469387755102041, "30": 0.3819444444444444},
  "recall": 0.23633815973843997,
  "scene_recalls": {"1": 0.233502538071066, "2": 0.20408163265306123, "3": 0.314410480349345, "4": 0.11282051282051282, "5": 0.26639344262295084, "6": 0.17094017094017094, "7": 0.2963917525773196, "8": 0.14625850340136054, "9": 0.21532846715328466, "10": 0.22569444444444445, "11": 0.29441624365482233, "12": 0.3333333333333333, "13": 0.11634349030470914, "14": 0.1701492537313433, "15": 0.2698961937716263, "16": 0.32299741602067183, "17": 0.2668711656441718, "18": 0.21107266435986158, "19": 0.35058823529411764, "20": 0.19499341238471674},
  "targets_count": 6423,
  "tp_count": 1518
}