{
  "gt_count": 6900,
  "mean_obj_recall": 0.17982042669172105,
  "mean_scene_recall": 0.1678177410937866,
  "obj_recalls": {"1": 0.09152086137281291, "2": 0.1564625850340136, "3": 0.2526041666666667, "4": 0.12962962962962962, "5": 0.14736842105263157, "6": 0.12244897959183673, "7": 0.172, "8": 0.19333333333333333, "9": 0.35772357723577236, "10": 0.04895104895104895, "11": 0.09714285714285714, "12": 0.14388489208633093, "13": 0.24285714285714285, "14": 0.2945205479452055, "15": 0.2602739726027397, "16": 0.4308510638297872, "17": 0.5821917808219178, "18": 0.0410958904109589, "19": 0.07329842931937172, "20": 0.14166666666666666, "21": 0.02857142857142857, "22": 0.06914893617021277, "23": 0.1975806451612903, "24": 0.140625, "25": 0.021052631578947368, "26": 0.020202020202020204, "27": 0.2916666666666667, "28": 0.046875, "29": 0.24489795918367346, "30": 0.3541666666666667},
  "recall": 0.1712595360423478,
  "scene_recalls": {"1": 0.17766497461928935, "2": 0.14285714285714285, "3": 0.21397379912663755, "4": 0.035897435897435895, "5": 0.18442622950819673, "6": 0.10256410256410256, "7": 0.24742268041237114, "8": 0.09523809523809523, "9": 0.15875912408759124, "10": 0.18055555555555555, "11": 0.18274111675126903, "12": 0.2611683848797251, "13": 0.07756232686980609, "14": 0.0955223880597015, "15": 0.18685121107266436, "16": 0.26098191214470284, "17": 0.17791411042944785, "18": 0.1384083044982699, "19": 0.2988235294117647, "20": 0.1370223978919631},
  "targets_count": 6423,
  "tp_count": 1100
}