{
  "gt_count": 6900,
  "mean_obj_recall": 0.2195770993533212,
  "mean_scene_recall": 0.20970626835543324,
  "obj_recalls": {"1": 0.1278600269179004, "2": 0.19954648526077098, "3": 0.28125, "4": 0.16835016835016836, "5": 0.18421052631578946, "6": 0.15306122448979592, "7": 0.216, "8": 0.3, "9": 0.42276422764227645, "10": 0.13286713286713286, "11": 0.16, "12": 0.18705035971223022, "13": 0.29285714285714287, "14": 0.3287671232876712, "15": 0.273972602739726, "16": 0.4627659574468085, "17": 0.6438356164383562, "18": 0.07534246575342465, "19": 0.10471204188481675, "20": 0.18333333333333332, "21": 0.06857142857142857, "22": 0.09042553191489362, "23": 0.24193548387096775, "24": 0.16666666666666666, "25": 0.031578947368421054, "26": 0.06060606060606061, "27": 0.3125, "28": 0.07291666666666667, "29": 0.2755102040816326, "30": 0.3680555555555556},
  "recall": 0.2111163007940215,
  "scene_recalls": {"1": 0.20304568527918782, "2": 0.19047619047619047, "3": 0.2794759825327511, "4": 0.09743589743589744, "5": 0.2336065573770492, "6": 0.14102564102564102, "7": 0.26804123711340205, "8": 0.1326530612244898, "9": 0.19160583941605838, "10": 0.2048611111111111, "11": 0.26903553299492383, "12": 0.30584192439862545, "13": 0.10803324099722991, "14": 0.13432835820895522, "15": 0.22145328719723184, "16": 0.3023255813953488, "17": 0.22699386503067484, "18": 0.1695501730103806, "19": 0.33647058823529413, "20": 0.17786561264822134},
  "targets_count": 6423,
  "tp_count": 1356
}