{
  "gt_count": 6900,
  "mean_obj_recall": 0.011538539333811932,
  "mean_scene_recall": 0.008540431935609615,
  "obj_recalls": {"1": 0.0026917900403768506, "2": 0.0, "3": 0.005208333333333333, "4": 0.003367003367003367, "5": 0.0, "6": 0.0, "7": 0.004, "8": 0.006666666666666667, "9": 0.0, "10": 0.0, "11": 0.0, "12": 0.0, "13": 0.007142857142857143, "14": 0.0136986301369863, "15": 0.04794520547945205, "16": 0.06382978723404255, "17": 0.07534246575342465, "18": 0.0, "19": 0.0, "20": 0.0, "21": 0.0, "22": 0.0, "23": 0.012096774193548387, "24": 0.020833333333333332, "25": 0.0, "26": 0.0, "27": 0.0, "28": 0.0, "29": 0.0, "30": 0.08333333333333333},
  "recall": 0.009341429238673517,
  "scene_recalls": {"1": 0.02030456852791878, "2": 0.0, "3": 0.004366812227074236, "4": 0.0, "5": 0.0, "6": 0.0, "7": 0.01288659793814433, "8": 0.006802721088435374, "9": 0.0018248175182481751, "10": 0.013888888888888888, "11": 0.0, "12": 0.010309278350515464, "13": 0.0, "14": 0.0, "15": 0.01384083044982699, "16": 0.03617571059431524, "17": 0.003067484662576687, "18": 0.0, "19": 0.04470588235294118, "20": 0.002635046113306983},
  "targets_count": 6423,
  "tp_count": 60
}