{
  "gt_count": 6900,
  "mean_obj_recall": 0.017950253771379685,
  "mean_scene_recall": 0.012106963041857283,
  "obj_recalls": {"1": 0.0013458950201884253, "2": 0.013605442176870748, "3": 0.015625, "4": 0.006734006734006734, "5": 0.0, "6": 0.0, "7": 0.0, "8": 0.0, "9": 0.0, "10": 0.0, "11": 0.0, "12": 0.0, "13": 0.02142857142857143, "14": 0.02054794520547945, "15": 0.00684931506849315, "16": 0.1702127659574468, "17": 0.17123287671232876, "18": 0.0, "19": 0.005235602094240838, "20": 0.0, "21": 0.0, "22": 0.0, "23": 0.0, "24": 0.005208333333333333, "25": 0.0, "26": 0.0, "27": 0.020833333333333332, "28": 0.0, "29": 0.01020408163265306, "30": 0.06944444444444445},
  "recall": 0.014946286781877626,
  "scene_recalls": {"1": 0.02030456852791878, "2": 0.0, "3": 0.0, "4": 0.0, "5": 0.0, "6": 0.0, "7": 0.030927835051546393, "8": 0.0, "9": 0.016423357664233577, "10": 0.003472222222222222, "11": 0.0, "12": 0.003436426116838488, "13": 0.0, "14": 0.0029850746268656717, "15": 0.01730103806228374, "16": 0.046511627906976744, "17": 0.0, "18": 0.0034602076124567475, "19": 0.08941176470588236, "20": 0.007905138339920948},
  "targets_count": 6423,
  "tp_count": 96
}