{
  "gt_count": 6900,
  "mean_obj_recall": 0.21377090432371224,
  "mean_scene_recall": 0.19795063466112855,
  "obj_recalls": {"1": 0.15746971736204576, "2": 0.2199546485260771, "3": 0.2942708333333333, "4": 0.15151515151515152, "5": 0.13157894736842105, "6": 0.17346938775510204, "7": 0.14, "8": 0.18666666666666668, "9": 0.2073170731707317, "10": 0.20279720279720279, "11": 0.14285714285714285, "12": 0.16546762589928057, "13": 0.2571428571428571, "14": 0.23972602739726026, "15": 0.22602739726027396, "16": 0.3882978723404255, "17": 0.5205479452054794, "18": 0.2534246575342466, "19": 0.18324607329842932, "20": 0.12916666666666668, "21": 0.07428571428571429, "22": 0.11702127659574468, "23": 0.23387096774193547, "24": 0.203125, "25": 0.23157894736842105, "26": 0.1414141414141414, "27": 0.3125, "28": 0.15625, "29": 0.20408163265306123, "30": 0.3680555555555556},
  "recall": 0.20348746691577144,
  "scene_recalls": {"1": 0.233502538071066, "2": 0.10884353741496598, "3": 0.18777292576419213, "4": 0.15897435897435896, "5": 0.2581967213114754, "6": 0.1581196581196581, "7": 0.26804123711340205, "8": 0.1564625850340136, "9": 0.20255474452554745, "10": 0.18055555555555555, "11": 0.19796954314720813, "12": 0.21305841924398625, "13": 0.14127423822714683, "14": 0.16119402985074627, "15": 0.2179930795847751, "16": 0.2739018087855297, "17": 0.19938650306748465, "18": 0.1314878892733564, "19": 0.32, "20": 0.18972332015810275},
  "targets_count": 6423,
  "tp_count": 1307
}