{
  "gt_count": 6900,
  "mean_obj_recall": 0.13188151060329936,
  "mean_scene_recall": 0.11814150410616997,
  "obj_recalls": {"1": 0.0901749663526245, "2": 0.17006802721088435, "3": 0.234375, "4": 0.09259259259259259, "5": 0.06842105263157895, "6": 0.04081632653061224, "7": 0.036, "8": 0.09333333333333334, "9": 0.12601626016260162, "10": 0.02097902097902098, "11": 0.05714285714285714, "12": 0.07913669064748201, "13": 0.16428571428571428, "14": 0.18493150684931506, "15": 0.15753424657534246, "16": 0.3617021276595745, "17": 0.4452054794520548, "18": 0.17123287671232876, "19": 0.1099476439790576, "20": 0.041666666666666664, "21": 0.03428571428571429, "22": 0.02127659574468085, "23": 0.12903225806451613, "24": 0.11979166666666667, "25": 0.14736842105263157, "26": 0.0707070707070707, "27": 0.17708333333333334, "28": 0.10416666666666667, "29": 0.12244897959183673, "30": 0.2847222222222222},
  "recall": 0.12766619959520473,
  "scene_recalls": {"1": 0.15228426395939088, "2": 0.047619047619047616, "3": 0.11353711790393013, "4": 0.06153846153846154, "5": 0.11885245901639344, "6": 0.05555555555555555, "7": 0.2036082474226804, "8": 0.06802721088435375, "9": 0.1551094890510949, "10": 0.1111111111111111, "11": 0.07106598984771574, "12": 0.14776632302405499, "13": 0.07479224376731301, "14": 0.07462686567164178, "15": 0.15570934256055363, "16": 0.20155038759689922, "17": 0.12269938650306748, "18": 0.058823529411764705, "19": 0.2447058823529412, "20": 0.12384716732542819},
  "targets_count": 6423,
  "tp_count": 820
}