{
  "gt_count": 6900,
  "mean_obj_recall": 0.05588132996316609,
  "mean_scene_recall": 0.04504519784976328,
  "obj_recalls": {"1": 0.033647375504710635, "2": 0.07709750566893424, "3": 0.09114583333333333, "4": 0.03198653198653199, "5": 0.021052631578947368, "6": 0.01020408163265306, "7": 0.0, "8": 0.013333333333333334, "9": 0.024390243902439025, "10": 0.0, "11": 0.0, "12": 0.007194244604316547, "13": 0.07142857142857142, "14": 0.10273972602739725, "15": 0.08904109589041095, "16": 0.2553191489361702, "17": 0.3356164383561644, "18": 0.04794520547945205, "19": 0.010471204188481676, "20": 0.004166666666666667, "21": 0.005714285714285714, "22": 0.0, "23": 0.028225806451612902, "24": 0.052083333333333336, "25": 0.021052631578947368, "26": 0.010101010101010102, "27": 0.07291666666666667, "28": 0.010416666666666666, "29": 0.04081632653061224, "30": 0.20833333333333334},
  "recall": 0.052312003736571695,
  "scene_recalls": {"1": 0.050761421319796954, "2": 0.006802721088435374, "3": 0.026200873362445413, "4": 0.010256410256410256, "5": 0.036885245901639344, "6": 0.004273504273504274, "7": 0.1056701030927835, "8": 0.023809523809523808, "9": 0.07116788321167883, "10": 0.03125, "11": 0.015228426395939087, "12": 0.048109965635738834, "13": 0.008310249307479225, "14": 0.005970149253731343, "15": 0.07612456747404844, "16": 0.11886304909560723, "17": 0.03067484662576687, "18": 0.020761245674740483, "19": 0.1623529411764706, "20": 0.04743083003952569},
  "targets_count": 6423,
  "tp_count": 336
}