{
  "gt_count": 6900,
  "mean_obj_recall": 0.03212889525496986,
  "mean_scene_recall": 0.024088029514986575,
  "obj_recalls": {"1": 0.014804845222072678, "2": 0.034013605442176874, "3": 0.0546875, "4": 0.015151515151515152, "5": 0.005263157894736842, "6": 0.0, "7": 0.0, "8": 0.006666666666666667, "9": 0.0040650406504065045, "10": 0.0, "11": 0.0, "12": 0.0, "13": 0.04285714285714286, "14": 0.0547945205479452, "15": 0.0410958904109589, "16": 0.2074468085106383, "17": 0.2671232876712329, "18": 0.0, "19": 0.005235602094240838, "20": 0.0, "21": 0.0, "22": 0.0, "23": 0.008064516129032258, "24": 0.015625, "25": 0.0, "26": 0.010101010101010102, "27": 0.020833333333333332, "28": 0.0, "29": 0.01020408163265306, "30": 0.14583333333333334},
  "recall": 0.029269811614510352,
  "scene_recalls": {"1": 0.03553299492385787, "2": 0.0, "3": 0.008733624454148471, "4": 0.0, "5": 0.00819672131147541, "6": 0.0, "7": 0.06958762886597938, "8": 0.006802721088435374, "9": 0.043795620437956206, "10": 0.006944444444444444, "11": 0.0, "12": 0.013745704467353952, "13": 0.0, "14": 0.005970149253731343, "15": 0.04152249134948097, "16": 0.07751937984496124, "17": 0.006134969325153374, "18": 0.01384083044982699, "19": 0.1223529411764706, "20": 0.021080368906455864},
  "targets_count": 6423,
  "tp_count": 188
}