{
  "gt_count": 6900,
  "mean_obj_recall": 0.07658487248588353,
  "mean_scene_recall": 0.06581588209187407,
  "obj_recalls": {"1": 0.05383580080753701, "2": 0.11337868480725624, "3": 0.1171875, "4": 0.05555555555555555, "5": 0.031578947368421054, "6": 0.02040816326530612, "7": 0.008, "8": 0.02, "9": 0.04065040650406504, "10": 0.006993006993006993, "11": 0.005714285714285714, "12": 0.02158273381294964, "13": 0.1, "14": 0.11643835616438356, "15": 0.11643835616438356, "16": 0.2978723404255319, "17": 0.3904109589041096, "18": 0.0684931506849315, "19": 0.031413612565445025, "20": 0.016666666666666666, "21": 0.011428571428571429, "22": 0.005319148936170213, "23": 0.05241935483870968, "24": 0.09895833333333333, "25": 0.05263157894736842, "26": 0.030303030303030304, "27": 0.08333333333333333, "28": 0.036458333333333336, "29": 0.05102040816326531, "30": 0.24305555555555555},
  "recall": 0.07395298147283201,
  "scene_recalls": {"1": 0.09137055837563451, "2": 0.027210884353741496, "3": 0.043668122270742356, "4": 0.03076923076923077, "5": 0.04918032786885246, "6": 0.008547008547008548, "7": 0.12886597938144329, "8": 0.034013605442176874, "9": 0.0948905109489051, "10": 0.06944444444444445, "11": 0.030456852791878174, "12": 0.07560137457044673, "13": 0.024930747922437674, "14": 0.01791044776119403, "15": 0.08996539792387544, "16": 0.14470284237726097, "17": 0.05214723926380368, "18": 0.03460207612456748, "19": 0.19294117647058823, "20": 0.07509881422924901},
  "targets_count": 6423,
  "tp_count": 475
}