{
  "gt_count": 6900,
  "mean_obj_recall": 0.19089134155302706,
  "mean_scene_recall": 0.17485713919834384,
  "obj_recalls": {"1": 0.13324360699865412, "2": 0.21315192743764172, "3": 0.2786458333333333, "4": 0.12794612794612795, "5": 0.11578947368421053, "6": 0.12244897959183673, "7": 0.108, "8": 0.15333333333333332, "9": 0.17886178861788618, "10": 0.13986013986013987, "11": 0.10857142857142857, "12": 0.16546762589928057, "13": 0.21428571428571427, "14": 0.2328767123287671, "15": 0.2054794520547945, "16": 0.3882978723404255, "17": 0.5, "18": 0.2191780821917808, "19": 0.17801047120418848, "20": 0.1, "21": 0.06857142857142857, "22": 0.07446808510638298, "23": 0.21370967741935484, "24": 0.171875, "25": 0.23157894736842105, "26": 0.12121212121212122, "27": 0.3020833333333333, "28": 0.13541666666666666, "29": 0.16326530612244897, "30": 0.3611111111111111},
  "recall": 0.18137941771757746,
  "scene_recalls": {"1": 0.2131979695431472, "2": 0.09523809523809523, "3": 0.17903930131004367, "4": 0.13333333333333333, "5": 0.21721311475409835, "6": 0.11965811965811966, "7": 0.24742268041237114, "8": 0.12244897959183673, "9": 0.18613138686131386, "10": 0.16319444444444445, "11": 0.15736040609137056, "12": 0.19243986254295534, "13": 0.12465373961218837, "14": 0.14029850746268657, "15": 0.2041522491349481, "16": 0.25064599483204136, "17": 0.17791411042944785, "18": 0.10034602076124567, "19": 0.30117647058823527, "20": 0.1712779973649539},
  "targets_count": 6423,
  "tp_count": 1165
}