{
  "gt_count": 6900,
  "mean_obj_recall": 0.10324605814513778,
  "mean_scene_recall": 0.0919143242398975,
  "obj_recalls": {"1": 0.07267833109017496, "2": 0.14512471655328799, "3": 0.18229166666666666, "4": 0.07912457912457913, "5": 0.05789473684210526, "6": 0.02040816326530612, "7": 0.02, "8": 0.04, "9": 0.08536585365853659, "10": 0.006993006993006993, "11": 0.04, "12": 0.050359712230215826, "13": 0.15, "14": 0.1643835616438356, "15": 0.136986301369863, "16": 0.34574468085106386, "17": 0.4178082191780822, "18": 0.1232876712328767, "19": 0.05235602094240838, "20": 0.025, "21": 0.022857142857142857, "22": 0.010638297872340425, "23": 0.10483870967741936, "24": 0.11458333333333333, "25": 0.09473684210526316, "26": 0.04040404040404041, "27": 0.10416666666666667, "28": 0.057291666666666664, "29": 0.061224489795918366, "30": 0.2708333333333333},
  "recall": 0.10166588821423012,
  "scene_recalls": {"1": 0.12690355329949238, "2": 0.04081632653061224, "3": 0.08733624454148471, "4": 0.03076923076923077, "5": 0.07377049180327869, "6": 0.029914529914529916, "7": 0.17525773195876287, "8": 0.05442176870748299, "9": 0.12956204379562045, "10": 0.08680555555555555, "11": 0.050761421319796954, "12": 0.11683848797250859, "13": 0.04709141274238227, "14": 0.04477611940298507, "15": 0.10380622837370242, "16": 0.17829457364341086, "17": 0.09202453987730061, "18": 0.04152249134948097, "19": 0.2235294117647059, "20": 0.10408432147562582},
  "targets_count": 6423,
  "tp_count": 653
}