{
  "gt_count": 6900,
  "mean_obj_recall": 0.16141206135928543,
  "mean_scene_recall": 0.1468317887330604,
  "obj_recalls": {"1": 0.10767160161507403, "2": 0.19501133786848074, "3": 0.2630208333333333, "4": 0.1111111111111111, "5": 0.08947368421052632, "6": 0.07142857142857142, "7": 0.08, "8": 0.14, "9": 0.16260162601626016, "10": 0.0979020979020979, "11": 0.06857142857142857, "12": 0.12949640287769784, "13": 0.2, "14": 0.22602739726027396, "15": 0.1917808219178082, "16": 0.3723404255319149, "17": 0.4863013698630137, "18": 0.1780821917808219, "19": 0.1518324607329843, "20": 0.06666666666666667, "21": 0.06857142857142857, "22": 0.03723404255319149, "23": 0.16532258064516128, "24": 0.15104166666666666, "25": 0.16842105263157894, "26": 0.09090909090909091, "27": 0.20833333333333334, "28": 0.10416666666666667, "29": 0.1326530612244898, "30": 0.3263888888888889},
  "recall": 0.1552234158492916,
  "scene_recalls": {"1": 0.16751269035532995, "2": 0.07482993197278912, "3": 0.15283842794759825, "4": 0.08717948717948718, "5": 0.1557377049180328, "6": 0.08547008547008547, "7": 0.23195876288659795, "8": 0.09863945578231292, "9": 0.17153284671532848, "10": 0.1423611111111111, "11": 0.1319796954314721, "12": 0.1718213058419244, "13": 0.0997229916897507, "14": 0.0955223880597015, "15": 0.17647058823529413, "16": 0.24031007751937986, "17": 0.15030674846625766, "18": 0.07958477508650519, "19": 0.2752941176470588, "20": 0.14756258234519104},
  "targets_count": 6423,
  "tp_count": 997
}