{
  "gt_count": 1517,
  "mean_obj_recall": 0.4612387202302238,
  "mean_scene_recall": 0.47058823529411764,
  "obj_recalls": {"1": 0.3314285714285714, "5": 0.7989949748743719, "6": 0.39766081871345027, "8": 0.43, "9": 0.6111111111111112, "10": 0.1, "11": 0.38571428571428573, "12": 0.635},
  "recall": 0.47058823529411764,
  "scene_recalls": {"2": 0.47058823529411764},
  "targets_count": 1445,
  "tp_count": 680
}