{
  "gt_count": 1517,
  "mean_obj_recall": 0.5525885431753588,
  "mean_scene_recall": 0.5626297577854671,
  "obj_recalls": {"1": 0.5028571428571429, "5": 0.8592964824120602, "6": 0.4853801169590643, "8": 0.605, "9": 0.6611111111111111, "10": 0.12777777777777777, "11": 0.4642857142857143, "12": 0.715},
  "recall": 0.5626297577854671,
  "scene_recalls": {"2": 0.5626297577854671},
  "targets_count": 1445,
  "tp_count": 813
}