{
  "gt_count": 1517,
  "mean_obj_recall": 0.1517556506425192,
  "mean_scene_recall": 0.15363321799307958,
  "obj_recalls": {"1": 0.11428571428571428, "5": 0.1407035175879397, "6": 0.14619883040935672, "8": 0.07, "9": 0.3111111111111111, "10": 0.08888888888888889, "11": 0.09285714285714286, "12": 0.25},
  "recall": 0.15363321799307958,
  "scene_recalls": {"2": 0.15363321799307958},
  "targets_count": 1445,
  "tp_count": 222
}