{
  "gt_count": 1517,
  "mean_obj_recall": 0.5316721897919001,
  "mean_scene_recall": 0.5411764705882353,
  "obj_recalls": {"1": 0.45714285714285713, "5": 0.8592964824120602, "6": 0.47368421052631576, "8": 0.56, "9": 0.6388888888888888, "10": 0.12222222222222222, "11": 0.45714285714285713, "12": 0.685},
  "recall": 0.5411764705882353,
  "scene_recalls": {"2": 0.5411764705882353},
  "targets_count": 1445,
  "tp_count": 782
}