{
  "gt_count": 1517,
  "mean_obj_recall": 0.03370254048017867,
  "mean_scene_recall": 0.03460207612456748,
  "obj_recalls": {"1": 0.02857142857142857, "5": 0.035175879396984924, "6": 0.0, "8": 0.005, "9": 0.08333333333333333, "10": 0.011111111111111112, "11": 0.02142857142857143, "12": 0.085},
  "recall": 0.03460207612456748,
  "scene_recalls": {"2": 0.03460207612456748},
  "targets_count": 1445,
  "tp_count": 50
}