{
  "gt_count": 1517,
  "mean_obj_recall": 0.4934213071413878,
  "mean_scene_recall": 0.5031141868512111,
  "obj_recalls": {"1": 0.4, "5": 0.8291457286432161, "6": 0.4327485380116959, "8": 0.49, "9": 0.6222222222222222, "10": 0.1111111111111111, "11": 0.40714285714285714, "12": 0.655},
  "recall": 0.5031141868512111,
  "scene_recalls": {"2": 0.5031141868512111},
  "targets_count": 1445,
  "tp_count": 727
}