{
  "gt_count": 1517,
  "mean_obj_recall": 0.1919442214203851,
  "mean_scene_recall": 0.19377162629757785,
  "obj_recalls": {"1": 0.14857142857142858, "5": 0.19095477386934673, "6": 0.2046783625730994, "8": 0.085, "9": 0.37777777777777777, "10": 0.1, "11": 0.12857142857142856, "12": 0.3},
  "recall": 0.19377162629757785,
  "scene_recalls": {"2": 0.19377162629757785},
  "targets_count": 1445,
  "tp_count": 280
}