{
  "gt_count": 1517,
  "mean_obj_recall": 0.22995863034890407,
  "mean_scene_recall": 0.23114186851211072,
  "obj_recalls": {"1": 0.2057142857142857, "5": 0.2562814070351759, "6": 0.22807017543859648, "8": 0.1, "9": 0.43333333333333335, "10": 0.10555555555555556, "11": 0.18571428571428572, "12": 0.325},
  "recall": 0.23114186851211072,
  "scene_recalls": {"2": 0.23114186851211072},
  "targets_count": 1445,
  "tp_count": 334
}