{
  "gt_count": 1517,
  "mean_obj_recall": 0.41192680455325914,
  "mean_scene_recall": 0.42006920415224913,
  "obj_recalls": {"1": 0.2914285714285714, "5": 0.7386934673366834, "6": 0.3391812865497076, "8": 0.32, "9": 0.5666666666666667, "10": 0.09444444444444444, "11": 0.35, "12": 0.595},
  "recall": 0.42006920415224913,
  "scene_recalls": {"2": 0.42006920415224913},
  "targets_count": 1445,
  "tp_count": 607
}