{
  "gt_count": 1517,
  "mean_obj_recall": 0.3510761383147987,
  "mean_scene_recall": 0.35986159169550175,
  "obj_recalls": {"1": 0.26285714285714284, "5": 0.6733668341708543, "6": 0.23976608187134502, "8": 0.22, "9": 0.5, "10": 0.08333333333333333, "11": 0.2642857142857143, "12": 0.565},
  "recall": 0.35986159169550175,
  "scene_recalls": {"2": 0.35986159169550175},
  "targets_count": 1445,
  "tp_count": 520
}