{
  "gt_count": 1517,
  "mean_obj_recall": 0.22031313102689723,
  "mean_scene_recall": 0.22145328719723184,
  "obj_recalls": {"1": 0.18857142857142858, "5": 0.23618090452261306, "6": 0.22807017543859648, "8": 0.095, "9": 0.40555555555555556, "10": 0.10555555555555556, "11": 0.17857142857142858, "12": 0.325},
  "recall": 0.22145328719723184,
  "scene_recalls": {"2": 0.22145328719723184},
  "targets_count": 1445,
  "tp_count": 320
}