{
  "gt_count": 1517,
  "mean_obj_recall": 0.07176593598737212,
  "mean_scene_recall": 0.0726643598615917,
  "obj_recalls": {"1": 0.06857142857142857, "5": 0.04020100502512563, "6": 0.04678362573099415, "8": 0.025, "9": 0.19444444444444445, "10": 0.05555555555555555, "11": 0.02857142857142857, "12": 0.115},
  "recall": 0.0726643598615917,
  "scene_recalls": {"2": 0.0726643598615917},
  "targets_count": 1445,
  "tp_count": 105
}