{
  "gt_count": 1517,
  "mean_obj_recall": 0.11675922689890554,
  "mean_scene_recall": 0.11833910034602076,
  "obj_recalls": {"1": 0.09714285714285714, "5": 0.09045226130653267, "6": 0.09941520467836257, "8": 0.05, "9": 0.25555555555555554, "10": 0.07222222222222222, "11": 0.06428571428571428, "12": 0.205},
  "recall": 0.11833910034602076,
  "scene_recalls": {"2": 0.11833910034602076},
  "targets_count": 1445,
  "tp_count": 171
}