{
  "gt_count": 1517,
  "mean_obj_recall": 0.019556712132089017,
  "mean_scene_recall": 0.019377162629757784,
  "obj_recalls": {"1": 0.017142857142857144, "5": 0.005025125628140704, "6": 0.0, "8": 0.005, "9": 0.07222222222222222, "10": 0.027777777777777776, "11": 0.014285714285714285, "12": 0.015},
  "recall": 0.019377162629757784,
  "scene_recalls": {"2": 0.019377162629757784},
  "targets_count": 1445,
  "tp_count": 28
}