{
  "gt_count": 1517,
  "mean_obj_recall": 0.17816758447626604,
  "mean_scene_recall": 0.1806228373702422,
  "obj_recalls": {"1": 0.13142857142857142, "5": 0.18592964824120603, "6": 0.19298245614035087, "8": 0.08, "9": 0.35555555555555557, "10": 0.09444444444444444, "11": 0.1, "12": 0.285},
  "recall": 0.1806228373702422,
  "scene_recalls": {"2": 0.1806228373702422},
  "targets_count": 1445,
  "tp_count": 261
}