{
  "gt_count": 1517,
  "mean_obj_recall": 0.14130837457966525,
  "mean_scene_recall": 0.14602076124567473,
  "obj_recalls": {"1": 0.08, "5": 0.2663316582914573, "6": 0.03508771929824561, "8": 0.035, "9": 0.29444444444444445, "10": 0.03888888888888889, "11": 0.08571428571428572, "12": 0.295},
  "recall": 0.14602076124567473,
  "scene_recalls": {"2": 0.14602076124567473},
  "targets_count": 1445,
  "tp_count": 211
}