{
  "gt_count": 1517,
  "mean_obj_recall": 0.209036992607146,
  "mean_scene_recall": 0.21038062283737025,
  "obj_recalls": {"1": 0.17714285714285713, "5": 0.21608040201005024, "6": 0.21637426900584794, "8": 0.085, "9": 0.40555555555555556, "10": 0.1, "11": 0.15714285714285714, "12": 0.315},
  "recall": 0.21038062283737025,
  "scene_recalls": {"2": 0.21038062283737025},
  "targets_count": 1445,
  "tp_count": 304
}