{
  "gt_count": 1517,
  "mean_obj_recall": 0.2508424904388274,
  "mean_scene_recall": 0.25813148788927337,
  "obj_recalls": {"1": 0.1657142857142857, "5": 0.5125628140703518, "6": 0.09941520467836257, "8": 0.1, "9": 0.4222222222222222, "10": 0.06111111111111111, "11": 0.18571428571428572, "12": 0.46},
  "recall": 0.25813148788927337,
  "scene_recalls": {"2": 0.25813148788927337},
  "targets_count": 1445,
  "tp_count": 373
}