{
  "gt_count": 6900,
  "mean_obj_recall": 0.13346132155003523,
  "mean_scene_recall": 0.13716754908895595,
  "obj_recalls": {"1": 0.05652759084791386, "2": 0.15419501133786848, "3": 0.13541666666666666, "4": 0.10942760942760943, "5": 0.3263157894736842, "6": 0.2755102040816326, "7": 0.14, "8": 0.36666666666666664, "9": 0.3861788617886179, "10": 0.2727272727272727, "11": 0.05142857142857143, "12": 0.1366906474820144, "13": 0.05714285714285714, "14": 0.1506849315068493, "15": 0.0273972602739726, "16": 0.4308510638297872, "17": 0.363013698630137, "18": 0.0958904109589041, "19": 0.010471204188481676, "20": 0.004166666666666667, "21": 0.022857142857142857, "22": 0.047872340425531915, "23": 0.04838709677419355, "24": 0.06770833333333333, "25": 0.05263157894736842, "26": 0.10101010101010101, "27": 0.0, "28": 0.020833333333333332, "29": 0.09183673469387756, "30": 0.0},
  "recall": 0.12751050910789352,
  "scene_recalls": {"1": 0.04060913705583756, "2": 0.2789115646258503, "3": 0.2096069868995633, "4": 0.1641025641025641, "5": 0.13524590163934427, "6": 0.08974358974358974, "7": 0.15721649484536082, "8": 0.027210884353741496, "9": 0.10401459854014598, "10": 0.06944444444444445, "11": 0.4416243654822335, "12": 0.19243986254295534, "13": 0.01662049861495845, "14": 0.01791044776119403, "15": 0.05536332179930796, "16": 0.22739018087855298, "17": 0.18098159509202455, "18": 0.07958477508650519, "19": 0.13411764705882354, "20": 0.12121212121212122},
  "targets_count": 6423,
  "tp_count": 819
}