{
  "gt_count": 6900,
  "mean_obj_recall": 0.31868973093739567,
  "mean_scene_recall": 0.32926875024292596,
  "obj_recalls": {"1": 0.1480484522207268, "2": 0.36507936507936506, "3": 0.3958333333333333, "4": 0.29124579124579125, "5": 0.6210526315789474, "6": 0.5714285714285714, "7": 0.508, "8": 0.7066666666666667, "9": 0.7235772357723578, "10": 0.5804195804195804, "11": 0.17714285714285713, "12": 0.37410071942446044, "13": 0.17142857142857143, "14": 0.4931506849315068, "15": 0.1506849315068493, "16": 0.648936170212766, "17": 0.7465753424657534, "18": 0.2945205479452055, "19": 0.14659685863874344, "20": 0.0625, "21": 0.13714285714285715, "22": 0.1276595744680851, "23": 0.21774193548387097, "24": 0.22395833333333334, "25": 0.12631578947368421, "26": 0.24242424242424243, "27": 0.052083333333333336, "28": 0.0625, "29": 0.19387755102040816, "30": 0.0},
  "recall": 0.31122528413513934,
  "scene_recalls": {"1": 0.12690355329949238, "2": 0.6190476190476191, "3": 0.5327510917030568, "4": 0.40512820512820513, "5": 0.36065573770491804, "6": 0.29914529914529914, "7": 0.37628865979381443, "8": 0.1564625850340136, "9": 0.29014598540145986, "10": 0.25, "11": 0.7106598984771574, "12": 0.4742268041237113, "13": 0.07479224376731301, "14": 0.11343283582089553, "15": 0.12110726643598616, "16": 0.4108527131782946, "17": 0.39570552147239263, "18": 0.2422145328719723, "19": 0.32941176470588235, "20": 0.2964426877470356},
  "targets_count": 6423,
  "tp_count": 1999
}