{
  "gt_count": 6900,
  "mean_obj_recall": 0.07963140131729142,
  "mean_scene_recall": 0.08047303318108454,
  "obj_recalls": {"1": 0.02557200538358008, "2": 0.09070294784580499, "3": 0.0625, "4": 0.05387205387205387, "5": 0.22105263157894736, "6": 0.16326530612244897, "7": 0.064, "8": 0.2, "9": 0.24796747967479674, "10": 0.16083916083916083, "11": 0.02857142857142857, "12": 0.08633093525179857, "13": 0.04285714285714286, "14": 0.0821917808219178, "15": 0.02054794520547945, "16": 0.34574468085106386, "17": 0.2054794520547945, "18": 0.03424657534246575, "19": 0.005235602094240838, "20": 0.0, "21": 0.005714285714285714, "22": 0.02127659574468085, "23": 0.020161290322580645, "24": 0.052083333333333336, "25": 0.031578947368421054, "26": 0.050505050505050504, "27": 0.0, "28": 0.015625, "29": 0.05102040816326531, "30": 0.0},
  "recall": 0.07442005293476568,
  "scene_recalls": {"1": 0.02030456852791878, "2": 0.17687074829931973, "3": 0.10480349344978165, "4": 0.10256410256410256, "5": 0.06967213114754098, "6": 0.042735042735042736, "7": 0.09536082474226804, "8": 0.013605442176870748, "9": 0.060218978102189784, "10": 0.04513888888888889, "11": 0.28426395939086296, "12": 0.09965635738831616, "13": 0.002770083102493075, "14": 0.008955223880597015, "15": 0.031141868512110725, "16": 0.16020671834625322, "17": 0.08282208588957055, "18": 0.058823529411764705, "19": 0.08235294117647059, "20": 0.06719367588932806},
  "targets_count": 6423,
  "tp_count": 478
}