{
  "gt_count": 6900,
  "mean_obj_recall": 0.34591675744630374,
  "mean_scene_recall": 0.3563567723728601,
  "obj_recalls": {"1": 0.1695827725437416, "2": 0.4013605442176871, "3": 0.4348958333333333, "4": 0.32996632996632996, "5": 0.6526315789473685, "6": 0.5918367346938775, "7": 0.54, "8": 0.7533333333333333, "9": 0.7439024390243902, "10": 0.6223776223776224, "11": 0.2, "12": 0.4172661870503597, "13": 0.22142857142857142, "14": 0.5342465753424658, "15": 0.2054794520547945, "16": 0.6648936170212766, "17": 0.773972602739726, "18": 0.3356164383561644, "19": 0.15706806282722513, "20": 0.075, "21": 0.14857142857142858, "22": 0.14893617021276595, "23": 0.24596774193548387, "24": 0.2552083333333333, "25": 0.1368421052631579, "26": 0.2828282828282828, "27": 0.0625, "28": 0.06770833333333333, "29": 0.20408163265306123, "30": 0.0},
  "recall": 0.3392495718511599,
  "scene_recalls": {"1": 0.13705583756345177, "2": 0.6666666666666666, "3": 0.5764192139737991, "4": 0.4256410256410256, "5": 0.38934426229508196, "6": 0.3162393162393162, "7": 0.39948453608247425, "8": 0.18027210884353742, "9": 0.3357664233576642, "10": 0.2673611111111111, "11": 0.7258883248730964, "12": 0.5154639175257731, "13": 0.08033240997229917, "14": 0.14029850746268657, "15": 0.14186851211072665, "16": 0.4444444444444444, "17": 0.4233128834355828, "18": 0.2664359861591695, "19": 0.36941176470588233, "20": 0.3254281949934124},
  "targets_count": 6423,
  "tp_count": 2179
}