{
  "gt_count": 6900,
  "mean_obj_recall": 0.22031250441672645,
  "mean_scene_recall": 0.22721169290623294,
  "obj_recalls": {"1": 0.09421265141318977, "2": 0.2471655328798186, "3": 0.21614583333333334, "4": 0.18855218855218855, "5": 0.5052631578947369, "6": 0.3877551020408163, "7": 0.32, "8": 0.5466666666666666, "9": 0.5609756097560976, "10": 0.4195804195804196, "11": 0.13142857142857142, "12": 0.2517985611510791, "13": 0.1, "14": 0.2876712328767123, "15": 0.0684931506849315, "16": 0.5585106382978723, "17": 0.6301369863013698, "18": 0.21232876712328766, "19": 0.05759162303664921, "20": 0.008333333333333333, "21": 0.045714285714285714, "22": 0.09042553191489362, "23": 0.14516129032258066, "24": 0.140625, "25": 0.07368421052631578, "26": 0.1414141414141414, "27": 0.03125, "28": 0.026041666666666668, "29": 0.12244897959183673, "30": 0.0},
  "recall": 0.21205044371788884,
  "scene_recalls": {"1": 0.07614213197969544, "2": 0.46258503401360546, "3": 0.3799126637554585, "4": 0.28717948717948716, "5": 0.22540983606557377, "6": 0.18803418803418803, "7": 0.24484536082474226, "8": 0.05782312925170068, "9": 0.177007299270073, "10": 0.15625, "11": 0.5989847715736041, "12": 0.3127147766323024, "13": 0.0332409972299169, "14": 0.06567164179104477, "15": 0.07612456747404844, "16": 0.3333333333333333, "17": 0.2822085889570552, "18": 0.1384083044982699, "19": 0.24941176470588236, "20": 0.19894598155467721},
  "targets_count": 6423,
  "tp_count": 1362
}