{
  "gt_count": 6900,
  "mean_obj_recall": 0.17904981792066949,
  "mean_scene_recall": 0.18393321711816565,
  "obj_recalls": {"1": 0.07267833109017496, "2": 0.19727891156462585, "3": 0.1796875, "4": 0.1447811447811448, "5": 0.45263157894736844, "6": 0.336734693877551, "7": 0.22, "8": 0.48, "9": 0.46747967479674796, "10": 0.34965034965034963, "11": 0.08571428571428572, "12": 0.2014388489208633, "13": 0.07857142857142857, "14": 0.2054794520547945, "15": 0.03424657534246575, "16": 0.5106382978723404, "17": 0.5068493150684932, "18": 0.1643835616438356, "19": 0.03664921465968586, "20": 0.004166666666666667, "21": 0.02857142857142857, "22": 0.06382978723404255, "23": 0.11290322580645161, "24": 0.11458333333333333, "25": 0.05263157894736842, "26": 0.12121212121212122, "27": 0.010416666666666666, "28": 0.026041666666666668, "29": 0.11224489795918367, "30": 0.0},
  "recall": 0.17110384555503658,
  "scene_recalls": {"1": 0.04568527918781726, "2": 0.3673469387755102, "3": 0.30131004366812225, "4": 0.24102564102564103, "5": 0.18032786885245902, "6": 0.14957264957264957, "7": 0.2036082474226804, "8": 0.04421768707482993, "9": 0.14051094890510948, "10": 0.12152777777777778, "11": 0.5279187817258884, "12": 0.2508591065292096, "13": 0.024930747922437674, "14": 0.041791044776119404, "15": 0.0657439446366782, "16": 0.2842377260981912, "17": 0.22392638036809817, "18": 0.11072664359861592, "19": 0.1952941176470588, "20": 0.15810276679841898},
  "targets_count": 6423,
  "tp_count": 1099
}