{
  "gt_count": 6900,
  "mean_obj_recall": 0.00672448979630631,
  "mean_scene_recall": 0.006579565022993809,
  "obj_recalls": {"1": 0.0, "2": 0.022675736961451247, "3": 0.0026041666666666665, "4": 0.003367003367003367, "5": 0.021052631578947368, "6": 0.0, "7": 0.004, "8": 0.02, "9": 0.016260162601626018, "10": 0.0, "11": 0.0, "12": 0.0, "13": 0.0, "14": 0.0, "15": 0.0, "16": 0.06382978723404255, "17": 0.04794520547945205, "18": 0.0, "19": 0.0, "20": 0.0, "21": 0.0, "22": 0.0, "23": 0.0, "24": 0.0, "25": 0.0, "26": 0.0, "27": 0.0, "28": 0.0, "29": 0.0, "30": 0.0},
  "recall": 0.006850381441693912,
  "scene_recalls": {"1": 0.0, "2": 0.02040816326530612, "3": 0.004366812227074236, "4": 0.005128205128205128, "5": 0.0, "6": 0.0, "7": 0.01288659793814433, "8": 0.0, "9": 0.014598540145985401, "10": 0.0, "11": 0.02030456852791878, "12": 0.010309278350515464, "13": 0.0, "14": 0.0, "15": 0.0, "16": 0.025839793281653745, "17": 0.003067484662576687, "18": 0.0, "19": 0.009411764705882352, "20": 0.005270092226613966},
  "targets_count": 6423,
  "tp_count": 44
}