{
  "gt_count": 6900,
  "mean_obj_recall": 0.25925770340505194,
  "mean_scene_recall": 0.2685858459295975,
  "obj_recalls": {"1": 0.11574697173620457, "2": 0.2947845804988662, "3": 0.2760416666666667, "4": 0.2255892255892256, "5": 0.5421052631578948, "6": 0.45918367346938777, "7": 0.396, "8": 0.6266666666666667, "9": 0.6463414634146342, "10": 0.5034965034965035, "11": 0.14857142857142858, "12": 0.28776978417266186, "13": 0.12857142857142856, "14": 0.363013698630137, "15": 0.0684931506849315, "16": 0.601063829787234, "17": 0.684931506849315, "18": 0.2465753424657534, "19": 0.09424083769633508, "20": 0.029166666666666667, "21": 0.08, "22": 0.09574468085106383, "23": 0.17338709677419356, "24": 0.17708333333333334, "25": 0.10526315789473684, "26": 0.1717171717171717, "27": 0.03125, "28": 0.041666666666666664, "29": 0.16326530612244897, "30": 0.0},
  "recall": 0.25097306554569515,
  "scene_recalls": {"1": 0.09644670050761421, "2": 0.5306122448979592, "3": 0.42358078602620086, "4": 0.3384615384615385, "5": 0.28688524590163933, "6": 0.23504273504273504, "7": 0.2809278350515464, "8": 0.10204081632653061, "9": 0.2208029197080292, "10": 0.18055555555555555, "11": 0.6751269035532995, "12": 0.3848797250859107, "13": 0.04986149584487535, "14": 0.08656716417910448, "15": 0.10034602076124567, "16": 0.36175710594315247, "17": 0.3374233128834356, "18": 0.1695501730103806, "19": 0.2776470588235294, "20": 0.233201581027668},
  "targets_count": 6423,
  "tp_count": 1612
}