{
  "gt_count": 6900,
  "mean_obj_recall": 0.035388475141480406,
  "mean_scene_recall": 0.03583873943139819,
  "obj_recalls": {"1": 0.012113055181695828, "2": 0.05215419501133787, "3": 0.03125, "4": 0.021885521885521887, "5": 0.07368421052631578, "6": 0.07142857142857142, "7": 0.036, "8": 0.08, "9": 0.10975609756097561, "10": 0.04195804195804196, "11": 0.011428571428571429, "12": 0.04316546762589928, "13": 0.014285714285714285, "14": 0.0273972602739726, "15": 0.0136986301369863, "16": 0.23404255319148937, "17": 0.1232876712328767, "18": 0.00684931506849315, "19": 0.0, "20": 0.0, "21": 0.005714285714285714, "22": 0.0, "23": 0.0, "24": 0.026041666666666668, "25": 0.0, "26": 0.010101010101010102, "27": 0.0, "28": 0.005208333333333333, "29": 0.01020408163265306, "30": 0.0},
  "recall": 0.03425190720846956,
  "scene_recalls": {"1": 0.005076142131979695, "2": 0.08843537414965986, "3": 0.034934497816593885, "4": 0.03076923076923077, "5": 0.028688524590163935, "6": 0.021367521367521368, "7": 0.061855670103092786, "8": 0.003401360544217687, "9": 0.032846715328467155, "10": 0.017361111111111112, "11": 0.12690355329949238, "12": 0.041237113402061855, "13": 0.0, "14": 0.0, "15": 0.0034602076124567475, "16": 0.082687338501292, "17": 0.03374233128834356, "18": 0.02768166089965398, "19": 0.04470588235294118, "20": 0.03162055335968379},
  "targets_count": 6423,
  "tp_count": 220
}