{
  "gt_count": 6900,
  "mean_obj_recall": 0.28917985193067863,
  "mean_scene_recall": 0.2996285186906722,
  "obj_recalls": {"1": 0.13458950201884254, "2": 0.3401360544217687, "3": 0.3333333333333333, "4": 0.2558922558922559, "5": 0.5736842105263158, "6": 0.5, "7": 0.46, "8": 0.6866666666666666, "9": 0.7113821138211383, "10": 0.5454545454545454, "11": 0.14857142857142858, "12": 0.33093525179856115, "13": 0.16428571428571428, "14": 0.410958904109589, "15": 0.1095890410958904, "16": 0.6170212765957447, "17": 0.7328767123287672, "18": 0.2602739726027397, "19": 0.1256544502617801, "20": 0.05, "21": 0.09142857142857143, "22": 0.11702127659574468, "23": 0.1975806451612903, "24": 0.19270833333333334, "25": 0.12631578947368421, "26": 0.20202020202020202, "27": 0.041666666666666664, "28": 0.052083333333333336, "29": 0.16326530612244897, "30": 0.0},
  "recall": 0.28226685349525144,
  "scene_recalls": {"1": 0.1065989847715736, "2": 0.5714285714285714, "3": 0.462882096069869, "4": 0.37948717948717947, "5": 0.3360655737704918, "6": 0.2564102564102564, "7": 0.32989690721649484, "8": 0.12585034013605442, "9": 0.2518248175182482, "10": 0.2152777777777778, "11": 0.700507614213198, "12": 0.436426116838488, "13": 0.06371191135734072, "14": 0.09850746268656717, "15": 0.11418685121107267, "16": 0.3850129198966408, "17": 0.37116564417177916, "18": 0.21107266435986158, "19": 0.3035294117647059, "20": 0.2727272727272727},
  "targets_count": 6423,
  "tp_count": 1813
}