{
  "gt_count": 1517,
  "mean_obj_recall": 0.19890250122794423,
  "mean_scene_recall": 0.2041522491349481,
  "obj_recalls": {"1": 0.13714285714285715, "5": 0.35678391959798994, "6": 0.07602339181286549, "8": 0.05, "9": 0.3888888888888889, "10": 0.06666666666666667, "11": 0.1357142857142857, "12": 0.38},
  "recall": 0.2041522491349481,
  "scene_recalls": {"2": 0.2041522491349481},
  "targets_count": 1445,
  "tp_count": 295
}