{
  "gt_count": 1517,
  "mean_obj_recall": 0.2732273286860367,
  "mean_scene_recall": 0.2754325259515571,
  "obj_recalls": {"1": 0.2342857142857143, "5": 0.32663316582914576, "6": 0.24561403508771928, "8": 0.12, "9": 0.4888888888888889, "10": 0.16111111111111112, "11": 0.21428571428571427, "12": 0.395},
  "recall": 0.2754325259515571,
  "scene_recalls": {"2": 0.2754325259515571},
  "targets_count": 1445,
  "tp_count": 398
}