{
  "gt_count": 1517,
  "mean_obj_recall": 0.6376659220286898,
  "mean_scene_recall": 0.6463667820069204,
  "obj_recalls": {"1": 0.6514285714285715, "5": 0.9246231155778895, "6": 0.6023391812865497, "8": 0.605, "9": 0.7333333333333333, "10": 0.2388888888888889, "11": 0.5357142857142857, "12": 0.81},
  "recall": 0.6463667820069204,
  "scene_recalls": {"2": 0.6463667820069204},
  "targets_count": 1445,
  "tp_count": 934
}