{
  "gt_count": 1517,
  "mean_obj_recall": 0.05920700515946482,
  "mean_scene_recall": 0.06089965397923876,
  "obj_recalls": {"1": 0.04, "5": 0.08542713567839195, "6": 0.005847953216374269, "8": 0.005, "9": 0.12222222222222222, "10": 0.044444444444444446, "11": 0.03571428571428571, "12": 0.135},
  "recall": 0.06089965397923876,
  "scene_recalls": {"2": 0.06089965397923876},
  "targets_count": 1445,
  "tp_count": 88
}