{
  "gt_count": 1517,
  "mean_obj_recall": 0.00412020419558108,
  "mean_scene_recall": 0.004152249134948097,
  "obj_recalls": {"1": 0.005714285714285714, "5": 0.005025125628140704, "6": 0.0, "8": 0.0, "9": 0.016666666666666666, "10": 0.005555555555555556, "11": 0.0, "12": 0.0},
  "recall": 0.004152249134948097,
  "scene_recalls": {"2": 0.004152249134948097},
  "targets_count": 1445,
  "tp_count": 6
}