{
  "gt_count": 1517,
  "mean_obj_recall": 0.29264781772269866,
  "mean_scene_recall": 0.2948096885813149,
  "obj_recalls": {"1": 0.2571428571428571, "5": 0.36683417085427134, "6": 0.2631578947368421, "8": 0.125, "9": 0.49444444444444446, "10": 0.18888888888888888, "11": 0.2357142857142857, "12": 0.41},
  "recall": 0.2948096885813149,
  "scene_recalls": {"2": 0.2948096885813149},
  "targets_count": 1445,
  "tp_count": 426
}