{
  "gt_count": 1517,
  "mean_obj_recall": 0.09663021928775037,
  "mean_scene_recall": 0.09757785467128027,
  "obj_recalls": {"1": 0.07428571428571429, "5": 0.06532663316582915, "6": 0.07017543859649122, "8": 0.04, "9": 0.25, "10": 0.06111111111111111, "11": 0.05714285714285714, "12": 0.155},
  "recall": 0.09757785467128027,
  "scene_recalls": {"2": 0.09757785467128027},
  "targets_count": 1445,
  "tp_count": 141
}