{
  "gt_count": 1517,
  "mean_obj_recall": 0.4647051753126535,
  "mean_scene_recall": 0.4726643598615917,
  "obj_recalls": {"1": 0.38285714285714284, "5": 0.7839195979899497, "6": 0.4093567251461988, "8": 0.295, "9": 0.6277777777777778, "10": 0.19444444444444445, "11": 0.36428571428571427, "12": 0.66},
  "recall": 0.4726643598615917,
  "scene_recalls": {"2": 0.4726643598615917},
  "targets_count": 1445,
  "tp_count": 683
}