{
  "gt_count": 1517,
  "mean_obj_recall": 0.3072834042812223,
  "mean_scene_recall": 0.30934256055363324,
  "obj_recalls": {"1": 0.2857142857142857, "5": 0.39195979899497485, "6": 0.26900584795321636, "8": 0.135, "9": 0.5055555555555555, "10": 0.18888888888888888, "11": 0.2571428571428571, "12": 0.425},
  "recall": 0.30934256055363324,
  "scene_recalls": {"2": 0.30934256055363324},
  "targets_count": 1445,
  "tp_count": 447
}