{
  "gt_count": 1517,
  "mean_obj_recall": 0.6719187573204368,
  "mean_scene_recall": 0.6809688581314879,
  "obj_recalls": {"1": 0.6971428571428572, "5": 0.9346733668341709, "6": 0.6198830409356725, "8": 0.685, "9": 0.75, "10": 0.2722222222222222, "11": 0.5714285714285714, "12": 0.845},
  "recall": 0.6809688581314879,
  "scene_recalls": {"2": 0.6809688581314879},
  "targets_count": 1445,
  "tp_count": 984
}