{
  "gt_count": 1517,
  "mean_obj_recall": 0.1669765310470481,
  "mean_scene_recall": 0.1695501730103806,
  "obj_recalls": {"1": 0.13714285714285715, "5": 0.1507537688442211, "6": 0.13450292397660818, "8": 0.07, "9": 0.3611111111111111, "10": 0.09444444444444444, "11": 0.09285714285714286, "12": 0.295},
  "recall": 0.1695501730103806,
  "scene_recalls": {"2": 0.1695501730103806},
  "targets_count": 1445,
  "tp_count": 245
}