{
  "gt_count": 1517,
  "mean_obj_recall": 0.5374501606822752,
  "mean_scene_recall": 0.5453287197231834,
  "obj_recalls": {"1": 0.4514285714285714, "5": 0.8492462311557789, "6": 0.49122807017543857, "8": 0.395, "9": 0.6833333333333333, "10": 0.2222222222222222, "11": 0.45714285714285713, "12": 0.75},
  "recall": 0.5453287197231834,
  "scene_recalls": {"2": 0.5453287197231834},
  "targets_count": 1445,
  "tp_count": 788
}