{
  "gt_count": 1517,
  "mean_obj_recall": 0.6896662746690847,
  "mean_scene_recall": 0.6996539792387543,
  "obj_recalls": {"1": 0.7257142857142858, "5": 0.949748743718593, "6": 0.6198830409356725, "8": 0.735, "9": 0.7666666666666667, "10": 0.28888888888888886, "11": 0.5714285714285714, "12": 0.86},
  "recall": 0.6996539792387543,
  "scene_recalls": {"2": 0.6996539792387543},
  "targets_count": 1445,
  "tp_count": 1011
}