{
  "gt_count": 1517,
  "mean_obj_recall": 0.24930651849472926,
  "mean_scene_recall": 0.2519031141868512,
  "obj_recalls": {"1": 0.21714285714285714, "5": 0.2814070351758794, "6": 0.23391812865497075, "8": 0.105, "9": 0.4722222222222222, "10": 0.13333333333333333, "11": 0.17142857142857143, "12": 0.38},
  "recall": 0.2519031141868512,
  "scene_recalls": {"2": 0.2519031141868512},
  "targets_count": 1445,
  "tp_count": 364
}