{
  "gt_count": 1517,
  "mean_obj_recall": 0.2184678614459096,
  "mean_scene_recall": 0.22076124567474048,
  "obj_recalls": {"1": 0.17142857142857143, "5": 0.21608040201005024, "6": 0.2046783625730994, "8": 0.095, "9": 0.4388888888888889, "10": 0.11666666666666667, "11": 0.15, "12": 0.355},
  "recall": 0.22076124567474048,
  "scene_recalls": {"2": 0.22076124567474048},
  "targets_count": 1445,
  "tp_count": 319
}