{
  "gt_count": 1517,
  "mean_obj_recall": 0.33838812903279974,
  "mean_scene_recall": 0.3460207612456747,
  "obj_recalls": {"1": 0.25142857142857145, "5": 0.6482412060301508, "6": 0.22807017543859648, "8": 0.13, "9": 0.5055555555555555, "10": 0.11666666666666667, "11": 0.2571428571428571, "12": 0.57},
  "recall": 0.3460207612456747,
  "scene_recalls": {"2": 0.3460207612456747},
  "targets_count": 1445,
  "tp_count": 500
}