{
  "gt_count": 1517,
  "mean_obj_recall": 0.32074471669122556,
  "mean_scene_recall": 0.3231833910034602,
  "obj_recalls": {"1": 0.2914285714285714, "5": 0.4271356783919598, "6": 0.27485380116959063, "8": 0.155, "9": 0.5166666666666667, "10": 0.19444444444444445, "11": 0.2714285714285714, "12": 0.435},
  "recall": 0.3231833910034602,
  "scene_recalls": {"2": 0.3231833910034602},
  "targets_count": 1445,
  "tp_count": 467
}