{
  "gt_count": 1517,
  "mean_obj_recall": 0.5946630316368812,
  "mean_scene_recall": 0.6034602076124568,
  "obj_recalls": {"1": 0.5657142857142857, "5": 0.8793969849246231, "6": 0.543859649122807, "8": 0.54, "9": 0.7111111111111111, "10": 0.2222222222222222, "11": 0.5, "12": 0.795},
  "recall": 0.6034602076124568,
  "scene_recalls": {"2": 0.6034602076124568},
  "targets_count": 1445,
  "tp_count": 872
}