{
  "gt_count": 6900,
  "mean_obj_recall": 0.16873809698263073,
  "mean_scene_recall": 0.15968705547682358,
  "obj_recalls": {"1": 0.09152086137281291, "2": 0.16780045351473924, "3": 0.20833333333333334, "4": 0.09932659932659933, "5": 0.2789473684210526, "6": 0.08163265306122448, "7": 0.244, "8": 0.12, "9": 0.3983739837398374, "10": 0.15384615384615385, "11": 0.045714285714285714, "12": 0.1510791366906475, "13": 0.22142857142857142, "14": 0.1917808219178082, "15": 0.363013698630137, "16": 0.4521276595744681, "17": 0.7191780821917808, "18": 0.0958904109589041, "19": 0.04712041884816754, "20": 0.03333333333333333, "21": 0.07428571428571429, "22": 0.02127659574468085, "23": 0.1532258064516129, "24": 0.16145833333333334, "25": 0.06315789473684211, "26": 0.020202020202020204, "27": 0.3229166666666667, "28": 0.026041666666666668, "29": 0.02040816326530612, "30": 0.034722222222222224},
  "recall": 0.1619181068036743,
  "scene_recalls": {"1": 0.08121827411167512, "2": 0.21768707482993196, "3": 0.2052401746724891, "4": 0.09230769230769231, "5": 0.1885245901639344, "6": 0.0641025641025641, "7": 0.21649484536082475, "8": 0.11224489795918367, "9": 0.1478102189781022, "10": 0.11805555555555555, "11": 0.27411167512690354, "12": 0.24742268041237114, "13": 0.036011080332409975, "14": 0.0626865671641791, "15": 0.05536332179930796, "16": 0.2713178294573643, "17": 0.15030674846625766, "18": 0.18339100346020762, "19": 0.31529411764705884, "20": 0.1541501976284585},
  "targets_count": 6423,
  "tp_count": 1040
}