{
  "gt_count": 6900,
  "mean_obj_recall": 0.20198036967791805,
  "mean_scene_recall": 0.19380996941826603,
  "obj_recalls": {"1": 0.12920592193808883, "2": 0.19727891156462585, "3": 0.22135416666666666, "4": 0.14646464646464646, "5": 0.3157894736842105, "6": 0.09183673469387756, "7": 0.3, "8": 0.15333333333333332, "9": 0.45934959349593496, "10": 0.2097902097902098, "11": 0.12, "12": 0.2014388489208633, "13": 0.25, "14": 0.2465753424657534, "15": 0.3972602739726027, "16": 0.48404255319148937, "17": 0.7328767123287672, "18": 0.15753424657534246, "19": 0.07329842931937172, "20": 0.0375, "21": 0.08571428571428572, "22": 0.031914893617021274, "23": 0.1975806451612903, "24": 0.18229166666666666, "25": 0.10526315789473684, "26": 0.020202020202020204, "27": 0.375, "28": 0.036458333333333336, "29": 0.030612244897959183, "30": 0.06944444444444445},
  "recall": 0.19617001401214385,
  "scene_recalls": {"1": 0.12690355329949238, "2": 0.24489795918367346, "3": 0.27074235807860264, "4": 0.10256410256410256, "5": 0.23770491803278687, "6": 0.10683760683760683, "7": 0.23969072164948454, "8": 0.1360544217687075, "9": 0.1843065693430657, "10": 0.15625, "11": 0.3147208121827411, "12": 0.2852233676975945, "13": 0.04155124653739612, "14": 0.07462686567164178, "15": 0.0657439446366782, "16": 0.3281653746770026, "17": 0.20245398773006135, "18": 0.21453287197231835, "19": 0.34823529411764703, "20": 0.19499341238471674},
  "targets_count": 6423,
  "tp_count": 1260
}