{
  "gt_count": 6900,
  "mean_obj_recall": 0.2753337233820328,
  "mean_scene_recall": 0.2669158826144703,
  "obj_recalls": {"1": 0.19246298788694483, "2": 0.2857142857142857, "3": 0.2682291666666667, "4": 0.18518518518518517, "5": 0.3526315789473684, "6": 0.1836734693877551, "7": 0.404, "8": 0.30666666666666664, "9": 0.5203252032520326, "10": 0.2867132867132867, "11": 0.25142857142857145, "12": 0.2949640287769784, "13": 0.3357142857142857, "14": 0.3150684931506849, "15": 0.3972602739726027, "16": 0.5, "17": 0.7465753424657534, "18": 0.22602739726027396, "19": 0.13612565445026178, "20": 0.07083333333333333, "21": 0.17142857142857143, "22": 0.05851063829787234, "23": 0.3346774193548387, "24": 0.265625, "25": 0.23157894736842105, "26": 0.09090909090909091, "27": 0.5, "28": 0.140625, "29": 0.061224489795918366, "30": 0.14583333333333334},
  "recall": 0.26560797135295033,
  "scene_recalls": {"1": 0.2233502538071066, "2": 0.29931972789115646, "3": 0.36681222707423583, "4": 0.19487179487179487, "5": 0.3073770491803279, "6": 0.2094017094017094, "7": 0.2757731958762887, "8": 0.2108843537414966, "9": 0.2427007299270073, "10": 0.21875, "11": 0.39086294416243655, "12": 0.35738831615120276, "13": 0.12188365650969529, "14": 0.14925373134328357, "15": 0.16608996539792387, "16": 0.4005167958656331, "17": 0.27607361963190186, "18": 0.2837370242214533, "19": 0.39294117647058824, "20": 0.2503293807641634},
  "targets_count": 6423,
  "tp_count": 1706
}