{
  "gt_count": 6900,
  "mean_obj_recall": 0.29000191295222827,
  "mean_scene_recall": 0.2817334495208964,
  "obj_recalls": {"1": 0.2032301480484522, "2": 0.29024943310657597, "3": 0.2734375, "4": 0.1919191919191919, "5": 0.3684210526315789, "6": 0.1836734693877551, "7": 0.42, "8": 0.34, "9": 0.5650406504065041, "10": 0.2937062937062937, "11": 0.26285714285714284, "12": 0.302158273381295, "13": 0.35, "14": 0.3219178082191781, "15": 0.4041095890410959, "16": 0.5106382978723404, "17": 0.7465753424657534, "18": 0.2328767123287671, "19": 0.15706806282722513, "20": 0.08333333333333333, "21": 0.2, "22": 0.09042553191489362, "23": 0.3588709677419355, "24": 0.2708333333333333, "25": 0.2631578947368421, "26": 0.12121212121212122, "27": 0.5104166666666666, "28": 0.16666666666666666, "29": 0.07142857142857142, "30": 0.14583333333333334},
  "recall": 0.2793087342363382,
  "scene_recalls": {"1": 0.23857868020304568, "2": 0.3129251700680272, "3": 0.388646288209607, "4": 0.22564102564102564, "5": 0.319672131147541, "6": 0.21367521367521367, "7": 0.27835051546391754, "8": 0.22789115646258504, "9": 0.25, "10": 0.2465277777777778, "11": 0.41116751269035534, "12": 0.3745704467353952, "13": 0.14958448753462603, "14": 0.16417910447761194, "15": 0.17647058823529413, "16": 0.40568475452196384, "17": 0.29141104294478526, "18": 0.29411764705882354, "19": 0.4047058823529412, "20": 0.2608695652173913},
  "targets_count": 6423,
  "tp_count": 1794
}