{
  "gt_count": 6900,
  "mean_obj_recall": 0.07827064455073236,
  "mean_scene_recall": 0.06381805596228118,
  "obj_recalls": {"1": 0.039030955585464336, "2": 0.06349206349206349, "3": 0.109375, "4": 0.025252525252525252, "5": 0.1, "6": 0.0, "7": 0.044, "8": 0.02, "9": 0.14634146341463414, "10": 0.013986013986013986, "11": 0.0, "12": 0.03597122302158273, "13": 0.09285714285714286, "14": 0.06164383561643835, "15": 0.3219178082191781, "16": 0.30851063829787234, "17": 0.6301369863013698, "18": 0.0, "19": 0.005235602094240838, "20": 0.0125, "21": 0.0, "22": 0.005319148936170213, "23": 0.06048387096774194, "24": 0.036458333333333336, "25": 0.031578947368421054, "26": 0.0, "27": 0.17708333333333334, "28": 0.0, "29": 0.0, "30": 0.006944444444444444},
  "recall": 0.07115055270122995,
  "scene_recalls": {"1": 0.015228426395939087, "2": 0.047619047619047616, "3": 0.03056768558951965, "4": 0.020512820512820513, "5": 0.06147540983606557, "6": 0.004273504273504274, "7": 0.16752577319587628, "8": 0.03741496598639456, "9": 0.06751824817518248, "10": 0.03125, "11": 0.07106598984771574, "12": 0.11683848797250859, "13": 0.00554016620498615, "14": 0.008955223880597015, "15": 0.020761245674740483, "16": 0.17829457364341086, "17": 0.05521472392638037, "18": 0.06920415224913495, "19": 0.21176470588235294, "20": 0.05533596837944664},
  "targets_count": 6423,
  "tp_count": 457
}