{
  "gt_count": 6900,
  "mean_obj_recall": 0.12211459817911159,
  "mean_scene_recall": 0.11133230608395353,
  "obj_recalls": {"1": 0.06460296096904442, "2": 0.11337868480725624, "3": 0.17447916666666666, "4": 0.0707070707070707, "5": 0.22105263157894736, "6": 0.030612244897959183, "7": 0.148, "8": 0.07333333333333333, "9": 0.2886178861788618, "10": 0.06293706293706294, "11": 0.005714285714285714, "12": 0.08633093525179857, "13": 0.15714285714285714, "14": 0.1095890410958904, "15": 0.3561643835616438, "16": 0.39361702127659576, "17": 0.6917808219178082, "18": 0.0273972602739726, "19": 0.02617801047120419, "20": 0.020833333333333332, "21": 0.03428571428571429, "22": 0.005319148936170213, "23": 0.0846774193548387, "24": 0.078125, "25": 0.05263157894736842, "26": 0.010101010101010102, "27": 0.23958333333333334, "28": 0.005208333333333333, "29": 0.01020408163265306, "30": 0.020833333333333332},
  "recall": 0.11661217499610774,
  "scene_recalls": {"1": 0.050761421319796954, "2": 0.14285714285714285, "3": 0.10043668122270742, "4": 0.06666666666666667, "5": 0.12704918032786885, "6": 0.029914529914529916, "7": 0.18556701030927836, "8": 0.0782312925170068, "9": 0.11496350364963503, "10": 0.052083333333333336, "11": 0.18274111675126903, "12": 0.18556701030927836, "13": 0.019390581717451522, "14": 0.01791044776119403, "15": 0.02422145328719723, "16": 0.2222222222222222, "17": 0.1165644171779141, "18": 0.1245674740484429, "19": 0.27294117647058824, "20": 0.11198945981554677},
  "targets_count": 6423,
  "tp_count": 749
}