{
  "gt_count": 6900,
  "mean_obj_recall": 0.26227986119537233,
  "mean_scene_recall": 0.2536773434545398,
  "obj_recalls": {"1": 0.18438761776581428, "2": 0.2675736961451247, "3": 0.2604166666666667, "4": 0.17845117845117844, "5": 0.3473684210526316, "6": 0.1836734693877551, "7": 0.384, "8": 0.2733333333333333, "9": 0.516260162601626, "10": 0.27972027972027974, "11": 0.2342857142857143, "12": 0.28776978417266186, "13": 0.3357142857142857, "14": 0.3082191780821918, "15": 0.3972602739726027, "16": 0.5, "17": 0.7397260273972602, "18": 0.21232876712328766, "19": 0.1256544502617801, "20": 0.0625, "21": 0.15428571428571428, "22": 0.05851063829787234, "23": 0.3024193548387097, "24": 0.24479166666666666, "25": 0.2, "26": 0.08080808080808081, "27": 0.4479166666666667, "28": 0.125, "29": 0.05102040816326531, "30": 0.125},
  "recall": 0.253619803829986,
  "scene_recalls": {"1": 0.19796954314720813, "2": 0.2789115646258503, "3": 0.34934497816593885, "4": 0.17435897435897435, "5": 0.29508196721311475, "6": 0.19658119658119658, "7": 0.27319587628865977, "8": 0.19727891156462585, "9": 0.23722627737226276, "10": 0.20833333333333334, "11": 0.38578680203045684, "12": 0.3470790378006873, "13": 0.10249307479224377, "14": 0.12835820895522387, "15": 0.14186851211072665, "16": 0.39018087855297157, "17": 0.2668711656441718, "18": 0.2698961937716263, "19": 0.39294117647058824, "20": 0.23978919631093545},
  "targets_count": 6423,
  "tp_count": 1629
}