{
  "gt_count": 6900,
  "mean_obj_recall": 0.017965031495410004,
  "mean_scene_recall": 0.011905478595213053,
  "obj_recalls": {"1": 0.004037685060565276, "2": 0.006802721088435374, "3": 0.020833333333333332, "4": 0.0016835016835016834, "5": 0.015789473684210527, "6": 0.0, "7": 0.0, "8": 0.0, "9": 0.0, "10": 0.0, "11": 0.0, "12": 0.0, "13": 0.0, "14": 0.02054794520547945, "15": 0.1095890410958904, "16": 0.10638297872340426, "17": 0.2191780821917808, "18": 0.0, "19": 0.0, "20": 0.0, "21": 0.0, "22": 0.0, "23": 0.008064516129032258, "24": 0.005208333333333333, "25": 0.0, "26": 0.0, "27": 0.020833333333333332, "28": 0.0, "29": 0.0, "30": 0.0},
  "recall": 0.014634905807255176,
  "scene_recalls": {"1": 0.0, "2": 0.0, "3": 0.0, "4": 0.010256410256410256, "5": 0.0, "6": 0.0, "7": 0.04896907216494845, "8": 0.003401360544217687, "9": 0.0072992700729927005, "10": 0.003472222222222222, "11": 0.005076142131979695, "12": 0.006872852233676976, "13": 0.0, "14": 0.0029850746268656717, "15": 0.006920415224913495, "16": 0.03359173126614987, "17": 0.006134969325153374, "18": 0.0034602076124567475, "19": 0.09176470588235294, "20": 0.007905138339920948},
  "targets_count": 6423,
  "tp_count": 94
}