{
  "gt_count": 6900,
  "mean_obj_recall": 0.22933087355826123,
  "mean_scene_recall": 0.22177304725078012,
  "obj_recalls": {"1": 0.15477792732166892, "2": 0.22448979591836735, "3": 0.22916666666666666, "4": 0.16666666666666666, "5": 0.3368421052631579, "6": 0.1326530612244898, "7": 0.328, "8": 0.20666666666666667, "9": 0.491869918699187, "10": 0.24475524475524477, "11": 0.18857142857142858, "12": 0.2517985611510791, "13": 0.2857142857142857, "14": 0.2876712328767123, "15": 0.3972602739726027, "16": 0.48936170212765956, "17": 0.7328767123287672, "18": 0.18493150684931506, "19": 0.09947643979057591, "20": 0.04583333333333333, "21": 0.12, "22": 0.047872340425531915, "23": 0.24193548387096775, "24": 0.203125, "25": 0.12631578947368421, "26": 0.04040404040404041, "27": 0.40625, "28": 0.07291666666666667, "29": 0.030612244897959183, "30": 0.1111111111111111},
  "recall": 0.22232601588042972,
  "scene_recalls": {"1": 0.17258883248730963, "2": 0.2653061224489796, "3": 0.31877729257641924, "4": 0.13333333333333333, "5": 0.27459016393442626, "6": 0.1452991452991453, "7": 0.25257731958762886, "8": 0.16666666666666666, "9": 0.20437956204379562, "10": 0.1701388888888889, "11": 0.350253807106599, "12": 0.29896907216494845, "13": 0.06371191135734072, "14": 0.1044776119402985, "15": 0.09342560553633218, "16": 0.35917312661498707, "17": 0.2331288343558282, "18": 0.23875432525951557, "19": 0.3764705882352941, "20": 0.2134387351778656},
  "targets_count": 6423,
  "tp_count": 1428
}