{
  "gt_count": 6900,
  "mean_obj_recall": 0.24672446730200054,
  "mean_scene_recall": 0.23861051000951455,
  "obj_recalls": {"1": 0.1641991924629879, "2": 0.25170068027210885, "3": 0.24739583333333334, "4": 0.1717171717171717, "5": 0.34210526315789475, "6": 0.15306122448979592, "7": 0.364, "8": 0.25333333333333335, "9": 0.5040650406504065, "10": 0.26573426573426573, "11": 0.21142857142857144, "12": 0.2733812949640288, "13": 0.3142857142857143, "14": 0.2945205479452055, "15": 0.3972602739726027, "16": 0.5, "17": 0.7328767123287672, "18": 0.1917808219178082, "19": 0.10471204188481675, "20": 0.05416666666666667, "21": 0.13142857142857142, "22": 0.047872340425531915, "23": 0.2862903225806452, "24": 0.21875, "25": 0.15789473684210525, "26": 0.0707070707070707, "27": 0.4270833333333333, "28": 0.10416666666666667, "29": 0.04081632653061224, "30": 0.125},
  "recall": 0.23867351704810835,
  "scene_recalls": {"1": 0.18274111675126903, "2": 0.2653061224489796, "3": 0.3318777292576419, "4": 0.1641025641025641, "5": 0.2827868852459016, "6": 0.1752136752136752, "7": 0.25257731958762886, "8": 0.1870748299319728, "9": 0.22262773722627738, "10": 0.1840277777777778, "11": 0.3756345177664975, "12": 0.3333333333333333, "13": 0.08310249307479224, "14": 0.11641791044776119, "15": 0.12110726643598616, "16": 0.3772609819121447, "17": 0.24846625766871167, "18": 0.2560553633217993, "19": 0.38588235294117645, "20": 0.22661396574440051},
  "targets_count": 6423,
  "tp_count": 1533
}