{
  "gt_count": 6900,
  "mean_obj_recall": 0.08483436235469967,
  "mean_scene_recall": 0.08744829182559491,
  "obj_recalls": {"1": 0.017496635262449527, "2": 0.10657596371882086, "3": 0.059895833333333336, "4": 0.05387205387205387, "5": 0.2736842105263158, "6": 0.15306122448979592, "7": 0.084, "8": 0.23333333333333334, "9": 0.3170731707317073, "10": 0.055944055944055944, "11": 0.005714285714285714, "12": 0.06474820143884892, "13": 0.014285714285714285, "14": 0.0958904109589041, "15": 0.02054794520547945, "16": 0.34574468085106386, "17": 0.3082191780821918, "18": 0.03424657534246575, "19": 0.005235602094240838, "20": 0.0, "21": 0.011428571428571429, "22": 0.015957446808510637, "23": 0.04032258064516129, "24": 0.026041666666666668, "25": 0.042105263157894736, "26": 0.08080808080808081, "27": 0.0, "28": 0.020833333333333332, "29": 0.05102040816326531, "30": 0.006944444444444444},
  "recall": 0.07955783901603612,
  "scene_recalls": {"1": 0.02030456852791878, "2": 0.19727891156462585, "3": 0.09606986899563319, "4": 0.1282051282051282, "5": 0.04918032786885246, "6": 0.029914529914529916, "7": 0.10309278350515463, "8": 0.01020408163265306, "9": 0.06204379562043796, "10": 0.03125, "11": 0.3299492385786802, "12": 0.15463917525773196, "13": 0.008310249307479225, "14": 0.01791044776119403, "15": 0.04152249134948097, "16": 0.1421188630490956, "17": 0.10429447852760736, "18": 0.058823529411764705, "19": 0.10588235294117647, "20": 0.057971014492753624},
  "targets_count": 6423,
  "tp_count": 511
}