{
  "gt_count": 6900,
  "mean_obj_recall": 0.1172587782860107,
  "mean_scene_recall": 0.11915532732049472,
  "obj_recalls": {"1": 0.033647375504710635, "2": 0.1360544217687075, "3": 0.08072916666666667, "4": 0.08249158249158249, "5": 0.32105263157894737, "6": 0.23469387755102042, "7": 0.136, "8": 0.30666666666666664, "9": 0.37398373983739835, "10": 0.20279720279720279, "11": 0.022857142857142857, "12": 0.09352517985611511, "13": 0.03571428571428571, "14": 0.14383561643835616, "15": 0.02054794520547945, "16": 0.3882978723404255, "17": 0.3424657534246575, "18": 0.1095890410958904, "19": 0.015706806282722512, "20": 0.0, "21": 0.022857142857142857, "22": 0.0425531914893617, "23": 0.056451612903225805, "24": 0.041666666666666664, "25": 0.06315789473684211, "26": 0.10101010101010101, "27": 0.0, "28": 0.020833333333333332, "29": 0.08163265306122448, "30": 0.006944444444444444},
  "recall": 0.10913903160516893,
  "scene_recalls": {"1": 0.04060913705583756, "2": 0.22448979591836735, "3": 0.1703056768558952, "4": 0.16923076923076924, "5": 0.0942622950819672, "6": 0.0811965811965812, "7": 0.12886597938144329, "8": 0.017006802721088437, "9": 0.07846715328467153, "10": 0.06944444444444445, "11": 0.39593908629441626, "12": 0.19243986254295534, "13": 0.0110803324099723, "14": 0.020895522388059702, "15": 0.05190311418685121, "16": 0.19121447028423771, "17": 0.147239263803681, "18": 0.07612456747404844, "19": 0.13411764705882354, "20": 0.08827404479578392},
  "targets_count": 6423,
  "tp_count": 701
}