{
  "gt_count": 6900,
  "mean_obj_recall": 0.17840749836631808,
  "mean_scene_recall": 0.18455733037767055,
  "obj_recalls": {"1": 0.07267833109017496, "2": 0.21541950113378686, "3": 0.14583333333333334, "4": 0.13973063973063973, "5": 0.4263157894736842, "6": 0.30612244897959184, "7": 0.236, "8": 0.4666666666666667, "9": 0.491869918699187, "10": 0.32167832167832167, "11": 0.10285714285714286, "12": 0.2302158273381295, "13": 0.06428571428571428, "14": 0.18493150684931506, "15": 0.03424657534246575, "16": 0.4627659574468085, "17": 0.4315068493150685, "18": 0.19863013698630136, "19": 0.05759162303664921, "20": 0.008333333333333333, "21": 0.045714285714285714, "22": 0.07446808510638298, "23": 0.14112903225806453, "24": 0.11458333333333333, "25": 0.09473684210526316, "26": 0.13131313131313133, "27": 0.020833333333333332, "28": 0.026041666666666668, "29": 0.09183673469387756, "30": 0.013888888888888888},
  "recall": 0.17079246458041414,
  "scene_recalls": {"1": 0.06598984771573604, "2": 0.3333333333333333, "3": 0.29694323144104806, "4": 0.24615384615384617, "5": 0.18032786885245902, "6": 0.1752136752136752, "7": 0.18298969072164947, "8": 0.05782312925170068, "9": 0.1332116788321168, "10": 0.11805555555555555, "11": 0.5025380710659898, "12": 0.27147766323024053, "13": 0.036011080332409975, "14": 0.07164179104477612, "15": 0.07612456747404844, "16": 0.2558139534883721, "17": 0.22699386503067484, "18": 0.11764705882352941, "19": 0.1952941176470588, "20": 0.14756258234519104},
  "targets_count": 6423,
  "tp_count": 1097
}