{
  "gt_count": 6900,
  "mean_obj_recall": 0.1545505000776348,
  "mean_scene_recall": 0.15961405271734538,
  "obj_recalls": {"1": 0.05787348586810229, "2": 0.18140589569160998, "3": 0.13020833333333334, "4": 0.11952861952861953, "5": 0.4, "6": 0.2653061224489796, "7": 0.196, "8": 0.41333333333333333, "9": 0.44308943089430897, "10": 0.27972027972027974, "11": 0.06857142857142857, "12": 0.15827338129496402, "13": 0.05, "14": 0.1780821917808219, "15": 0.0273972602739726, "16": 0.43617021276595747, "17": 0.4178082191780822, "18": 0.1643835616438356, "19": 0.03664921465968586, "20": 0.008333333333333333, "21": 0.02857142857142857, "22": 0.06382978723404255, "23": 0.0967741935483871, "24": 0.08854166666666667, "25": 0.07368421052631578, "26": 0.12121212121212122, "27": 0.0, "28": 0.026041666666666668, "29": 0.09183673469387756, "30": 0.013888888888888888},
  "recall": 0.14728320099641912,
  "scene_recalls": {"1": 0.050761421319796954, "2": 0.2857142857142857, "3": 0.24890829694323144, "4": 0.22564102564102564, "5": 0.1557377049180328, "6": 0.1282051282051282, "7": 0.16752577319587628, "8": 0.04081632653061224, "9": 0.11678832116788321, "10": 0.09722222222222222, "11": 0.47715736040609136, "12": 0.24054982817869416, "13": 0.027700831024930747, "14": 0.041791044776119404, "15": 0.06228373702422145, "16": 0.23255813953488372, "17": 0.19938650306748465, "18": 0.09688581314878893, "19": 0.17411764705882352, "20": 0.1225296442687747},
  "targets_count": 6423,
  "tp_count": 946
}