{
  "gt_count": 6900,
  "mean_obj_recall": 0.04299100849111635,
  "mean_scene_recall": 0.0418883332434974,
  "obj_recalls": {"1": 0.006729475100942127, "2": 0.04308390022675737, "3": 0.0234375, "4": 0.025252525252525252, "5": 0.12631578947368421, "6": 0.061224489795918366, "7": 0.024, "8": 0.1, "9": 0.17886178861788618, "10": 0.0, "11": 0.0, "12": 0.02158273381294964, "13": 0.007142857142857143, "14": 0.0547945205479452, "15": 0.00684931506849315, "16": 0.28191489361702127, "17": 0.1917808219178082, "18": 0.00684931506849315, "19": 0.005235602094240838, "20": 0.0, "21": 0.0, "22": 0.005319148936170213, "23": 0.016129032258064516, "24": 0.010416666666666666, "25": 0.031578947368421054, "26": 0.020202020202020204, "27": 0.0, "28": 0.010416666666666666, "29": 0.030612244897959183, "30": 0.0},
  "recall": 0.03985676475167367,
  "scene_recalls": {"1": 0.005076142131979695, "2": 0.08843537414965986, "3": 0.056768558951965066, "4": 0.035897435897435895, "5": 0.020491803278688523, "6": 0.004273504273504274, "7": 0.06701030927835051, "8": 0.003401360544217687, "9": 0.021897810218978103, "10": 0.013888888888888888, "11": 0.13705583756345177, "12": 0.07903780068728522, "13": 0.002770083102493075, "14": 0.005970149253731343, "15": 0.020761245674740483, "16": 0.08785529715762273, "17": 0.046012269938650305, "18": 0.031141868512110725, "19": 0.08235294117647059, "20": 0.02766798418972332},
  "targets_count": 6423,
  "tp_count": 256
}