{
  "gt_count": 6900,
  "mean_obj_recall": 0.14050161748728435,
  "mean_scene_recall": 0.14255919446017068,
  "obj_recalls": {"1": 0.04441453566621804, "2": 0.15873015873015872, "3": 0.1015625, "4": 0.09764309764309764, "5": 0.35789473684210527, "6": 0.25510204081632654, "7": 0.176, "8": 0.36, "9": 0.4186991869918699, "10": 0.2517482517482518, "11": 0.05142857142857143, "12": 0.1510791366906475, "13": 0.04285714285714286, "14": 0.17123287671232876, "15": 0.0273972602739726, "16": 0.425531914893617, "17": 0.3972602739726027, "18": 0.136986301369863, "19": 0.031413612565445025, "20": 0.0, "21": 0.02857142857142857, "22": 0.05851063829787234, "23": 0.07661290322580645, "24": 0.07291666666666667, "25": 0.07368421052631578, "26": 0.12121212121212122, "27": 0.0, "28": 0.020833333333333332, "29": 0.09183673469387756, "30": 0.013888888888888888},
  "recall": 0.1310913903160517,
  "scene_recalls": {"1": 0.04568527918781726, "2": 0.25170068027210885, "3": 0.2096069868995633, "4": 0.20512820512820512, "5": 0.12295081967213115, "6": 0.11538461538461539, "7": 0.15463917525773196, "8": 0.030612244897959183, "9": 0.09671532846715329, "10": 0.09027777777777778, "11": 0.4517766497461929, "12": 0.21305841924398625, "13": 0.019390581717451522, "14": 0.03283582089552239, "15": 0.058823529411764705, "16": 0.21963824289405684, "17": 0.17177914110429449, "18": 0.09342560553633218, "19": 0.1623529411764706, "20": 0.10540184453227931},
  "targets_count": 6423,
  "tp_count": 842
}