{
  "gt_count": 6900,
  "mean_obj_recall": 0.16800868522618675,
  "mean_scene_recall": 0.17331425470148853,
  "obj_recalls": {"1": 0.06864064602960969, "2": 0.2018140589569161, "3": 0.13541666666666666, "4": 0.12626262626262627, "5": 0.41578947368421054, "6": 0.29591836734693877, "7": 0.212, "8": 0.44, "9": 0.45934959349593496, "10": 0.3146853146853147, "11": 0.08571428571428572, "12": 0.19424460431654678, "13": 0.06428571428571428, "14": 0.1780821917808219, "15": 0.0273972602739726, "16": 0.4521276595744681, "17": 0.4246575342465753, "18": 0.1917808219178082, "19": 0.04712041884816754, "20": 0.008333333333333333, "21": 0.045714285714285714, "22": 0.07446808510638298, "23": 0.125, "24": 0.09375, "25": 0.08421052631578947, "26": 0.13131313131313133, "27": 0.010416666666666666, "28": 0.026041666666666668, "29": 0.09183673469387756, "30": 0.013888888888888888},
  "recall": 0.1600498209559396,
  "scene_recalls": {"1": 0.06598984771573604, "2": 0.3129251700680272, "3": 0.27510917030567683, "4": 0.2358974358974359, "5": 0.16393442622950818, "6": 0.1581196581196581, "7": 0.17783505154639176, "8": 0.05102040816326531, "9": 0.12773722627737227, "10": 0.11458333333333333, "11": 0.49238578680203043, "12": 0.2508591065292096, "13": 0.0332409972299169, "14": 0.056716417910447764, "15": 0.06920415224913495, "16": 0.24806201550387597, "17": 0.2085889570552147, "18": 0.10380622837370242, "19": 0.18588235294117647, "20": 0.13438735177865613},
  "targets_count": 6423,
  "tp_count": 1028
}