{
  "gt_count": 6900,
  "mean_obj_recall": 0.19098715305403904,
  "mean_scene_recall": 0.19775907469956563,
  "obj_recalls": {"1": 0.07671601615074024, "2": 0.21768707482993196, "3": 0.16145833333333334, "4": 0.14646464646464646, "5": 0.4421052631578947, "6": 0.32653061224489793, "7": 0.284, "8": 0.4866666666666667, "9": 0.4959349593495935, "10": 0.34265734265734266, "11": 0.11428571428571428, "12": 0.2589928057553957, "13": 0.06428571428571428, "14": 0.1917808219178082, "15": 0.03424657534246575, "16": 0.4627659574468085, "17": 0.4520547945205479, "18": 0.22602739726027396, "19": 0.06282722513089005, "20": 0.008333333333333333, "21": 0.06285714285714286, "22": 0.0797872340425532, "23": 0.15725806451612903, "24": 0.11458333333333333, "25": 0.11578947368421053, "26": 0.16161616161616163, "27": 0.020833333333333332, "28": 0.03125, "29": 0.10204081632653061, "30": 0.027777777777777776},
  "recall": 0.1816907986921999,
  "scene_recalls": {"1": 0.08121827411167512, "2": 0.3877551020408163, "3": 0.3318777292576419, "4": 0.26153846153846155, "5": 0.18442622950819673, "6": 0.19658119658119658, "7": 0.18814432989690721, "8": 0.07142857142857142, "9": 0.14233576642335766, "10": 0.125, "11": 0.5177664974619289, "12": 0.27835051546391754, "13": 0.038781163434903045, "14": 0.07761194029850746, "15": 0.08304498269896193, "16": 0.26356589147286824, "17": 0.24233128834355827, "18": 0.1245674740484429, "19": 0.20470588235294118, "20": 0.1541501976284585},
  "targets_count": 6423,
  "tp_count": 1167
}