{
  "gt_count": 6900,
  "mean_obj_recall": 0.2017845285115441,
  "mean_scene_recall": 0.20883557871926445,
  "obj_recalls": {"1": 0.08075370121130551, "2": 0.22448979591836735, "3": 0.17708333333333334, "4": 0.15488215488215487, "5": 0.4421052631578947, "6": 0.32653061224489793, "7": 0.308, "8": 0.52, "9": 0.516260162601626, "10": 0.34265734265734266, "11": 0.11428571428571428, "12": 0.2805755395683453, "13": 0.07142857142857142, "14": 0.19863013698630136, "15": 0.03424657534246575, "16": 0.4734042553191489, "17": 0.4726027397260274, "18": 0.2465753424657534, "19": 0.06282722513089005, "20": 0.016666666666666666, "21": 0.08, "22": 0.09574468085106383, "23": 0.1935483870967742, "24": 0.125, "25": 0.11578947368421053, "26": 0.1717171717171717, "27": 0.03125, "28": 0.036458333333333336, "29": 0.11224489795918367, "30": 0.027777777777777776},
  "recall": 0.19243344231667445,
  "scene_recalls": {"1": 0.08629441624365482, "2": 0.3877551020408163, "3": 0.35807860262008734, "4": 0.27692307692307694, "5": 0.19672131147540983, "6": 0.19658119658119658, "7": 0.19072164948453607, "8": 0.09183673469387756, "9": 0.14963503649635038, "10": 0.13194444444444445, "11": 0.5329949238578681, "12": 0.2920962199312715, "13": 0.04986149584487535, "14": 0.09850746268656717, "15": 0.08996539792387544, "16": 0.2739018087855297, "17": 0.2607361963190184, "18": 0.13494809688581316, "19": 0.2164705882352941, "20": 0.16073781291172595},
  "targets_count": 6423,
  "tp_count": 1236
}