{
  "gt_count": 6900,
  "mean_obj_recall": 0.006646840049746183,
  "mean_scene_recall": 0.005214600988731526,
  "obj_recalls": {"1": 0.0, "2": 0.006802721088435374, "3": 0.0026041666666666665, "4": 0.0, "5": 0.005263157894736842, "6": 0.0, "7": 0.004, "8": 0.006666666666666667, "9": 0.008130081300813009, "10": 0.0, "11": 0.0, "12": 0.0, "13": 0.0, "14": 0.0136986301369863, "15": 0.0, "16": 0.1276595744680851, "17": 0.02054794520547945, "18": 0.0, "19": 0.0, "20": 0.0, "21": 0.0, "22": 0.0, "23": 0.004032258064516129, "24": 0.0, "25": 0.0, "26": 0.0, "27": 0.0, "28": 0.0, "29": 0.0, "30": 0.0},
  "recall": 0.006071929005137786,
  "scene_recalls": {"1": 0.0, "2": 0.0, "3": 0.0, "4": 0.0, "5": 0.0, "6": 0.0, "7": 0.020618556701030927, "8": 0.0, "9": 0.0036496350364963502, "10": 0.003472222222222222, "11": 0.015228426395939087, "12": 0.003436426116838488, "13": 0.0, "14": 0.0, "15": 0.0, "16": 0.031007751937984496, "17": 0.003067484662576687, "18": 0.0, "19": 0.021176470588235293, "20": 0.002635046113306983},
  "targets_count": 6423,
  "tp_count": 39
}