{
  "gt_count": 6900,
  "mean_obj_recall": 0.7107331044368803,
  "mean_scene_recall": 0.70574150216529,
  "obj_recalls": {"1": 0.6177658142664872, "2": 0.671201814058957, "3": 0.6536458333333334, "4": 0.5757575757575758, "5": 0.7947368421052632, "6": 0.7040816326530612, "7": 0.832, "8": 0.8866666666666667, "9": 0.943089430894309, "10": 0.8531468531468531, "11": 0.7771428571428571, "12": 0.7913669064748201, "13": 0.7357142857142858, "14": 0.7808219178082192, "15": 0.773972602739726, "16": 0.8297872340425532, "17": 0.910958904109589, "18": 0.7054794520547946, "19": 0.5759162303664922, "20": 0.44166666666666665, "21": 0.5771428571428572, "22": 0.6223404255319149, "23": 0.8185483870967742, "24": 0.6770833333333334, "25": 0.5894736842105263, "26": 0.7171717171717171, "27": 0.8125, "28": 0.6197916666666666, "29": 0.5816326530612245, "30": 0.4513888888888889},
  "recall": 0.6918885256110852,
  "scene_recalls": {"1": 0.6395939086294417, "2": 0.7551020408163265, "3": 0.8777292576419214, "4": 0.7435897435897436, "5": 0.7581967213114754, "6": 0.717948717948718, "7": 0.7010309278350515, "8": 0.6530612244897959, "9": 0.6313868613138686, "10": 0.6944444444444444, "11": 0.8934010152284264, "12": 0.7835051546391752, "13": 0.5318559556786704, "14": 0.6417910447761194, "15": 0.5605536332179931, "16": 0.7984496124031008, "17": 0.7269938650306749, "18": 0.6401384083044983, "19": 0.7270588235294118, "20": 0.6389986824769434},
  "targets_count": 6423,
  "tp_count": 4444
}