{
  "gt_count": 6900,
  "mean_obj_recall": 0.5284218897868319,
  "mean_scene_recall": 0.50946119937835,
  "obj_recalls": {"1": 0.40511440107671604, "2": 0.4376417233560091, "3": 0.5234375, "4": 0.46296296296296297, "5": 0.42105263157894735, "6": 0.5204081632653061, "7": 0.484, "8": 0.8333333333333334, "9": 0.5975609756097561, "10": 0.46153846153846156, "11": 0.5028571428571429, "12": 0.4748201438848921, "13": 0.5428571428571428, "14": 0.5821917808219178, "15": 0.4794520547945205, "16": 0.601063829787234, "17": 0.8972602739726028, "18": 0.5547945205479452, "19": 0.4816753926701571, "20": 0.4375, "21": 0.32571428571428573, "22": 0.4521276595744681, "23": 0.4475806451612903, "24": 0.5, "25": 0.5368421052631579, "26": 0.3838383838383838, "27": 0.6666666666666666, "28": 0.5520833333333334, "29": 0.5918367346938775, "30": 0.6944444444444444},
  "recall": 0.5033473454771914,
  "scene_recalls": {"1": 0.5380710659898477, "2": 0.5374149659863946, "3": 0.5633187772925764, "4": 0.5487179487179488, "5": 0.5245901639344263, "6": 0.5085470085470085, "7": 0.5180412371134021, "8": 0.38095238095238093, "9": 0.4653284671532847, "10": 0.5416666666666666, "11": 0.5736040609137056, "12": 0.4639175257731959, "13": 0.4515235457063712, "14": 0.41194029850746267, "15": 0.5640138408304498, "16": 0.5478036175710594, "17": 0.4785276073619632, "18": 0.45674740484429066, "19": 0.6494117647058824, "20": 0.4650856389986825},
  "targets_count": 6423,
  "tp_count": 3233
}