{
  "gt_count": 6900,
  "mean_obj_recall": 0.1548199619815699,
  "mean_scene_recall": 0.1450914583211497,
  "obj_recalls": {"1": 0.0847913862718708, "2": 0.15419501133786848, "3": 0.203125, "4": 0.09427609427609428, "5": 0.2789473684210526, "6": 0.061224489795918366, "7": 0.188, "8": 0.11333333333333333, "9": 0.3821138211382114, "10": 0.0979020979020979, "11": 0.011428571428571429, "12": 0.11510791366906475, "13": 0.25, "14": 0.17123287671232876, "15": 0.3767123287671233, "16": 0.48404255319148937, "17": 0.7123287671232876, "18": 0.06164383561643835, "19": 0.04712041884816754, "20": 0.0375, "21": 0.04, "22": 0.015957446808510637, "23": 0.14112903225806453, "24": 0.140625, "25": 0.06315789473684211, "26": 0.010101010101010102, "27": 0.25, "28": 0.010416666666666666, "29": 0.02040816326530612, "30": 0.027777777777777776},
  "recall": 0.14977424879339873,
  "scene_recalls": {"1": 0.07614213197969544, "2": 0.1836734693877551, "3": 0.14847161572052403, "4": 0.07692307692307693, "5": 0.1721311475409836, "6": 0.042735042735042736, "7": 0.22164948453608246, "8": 0.09863945578231292, "9": 0.14051094890510948, "10": 0.10416666666666667, "11": 0.25888324873096447, "12": 0.23367697594501718, "13": 0.036011080332409975, "14": 0.04477611940298507, "15": 0.02768166089965398, "16": 0.268733850129199, "17": 0.1441717791411043, "18": 0.16262975778546712, "19": 0.31529411764705884, "20": 0.14492753623188406},
  "targets_count": 6423,
  "tp_count": 962
}