{
  "gt_count": 6900,
  "mean_obj_recall": 0.2457365440373949,
  "mean_scene_recall": 0.23886076375752502,
  "obj_recalls": {"1": 0.16823687752355315, "2": 0.25170068027210885, "3": 0.2526041666666667, "4": 0.16498316498316498, "5": 0.37894736842105264, "6": 0.16326530612244897, "7": 0.388, "8": 0.19333333333333333, "9": 0.516260162601626, "10": 0.25874125874125875, "11": 0.18285714285714286, "12": 0.2805755395683453, "13": 0.37142857142857144, "14": 0.2945205479452055, "15": 0.410958904109589, "16": 0.5212765957446809, "17": 0.7465753424657534, "18": 0.18493150684931506, "19": 0.10471204188481675, "20": 0.05416666666666667, "21": 0.10857142857142857, "22": 0.0425531914893617, "23": 0.2862903225806452, "24": 0.24479166666666666, "25": 0.1368421052631579, "26": 0.020202020202020204, "27": 0.4166666666666667, "28": 0.07291666666666667, "29": 0.05102040816326531, "30": 0.10416666666666667},
  "recall": 0.23914058851004202,
  "scene_recalls": {"1": 0.19289340101522842, "2": 0.2857142857142857, "3": 0.3318777292576419, "4": 0.13846153846153847, "5": 0.2786885245901639, "6": 0.18376068376068377, "7": 0.2706185567010309, "8": 0.16666666666666666, "9": 0.2208029197080292, "10": 0.20833333333333334, "11": 0.3604060913705584, "12": 0.3470790378006873, "13": 0.06925207756232687, "14": 0.12835820895522387, "15": 0.08650519031141868, "16": 0.37209302325581395, "17": 0.25766871165644173, "18": 0.25951557093425603, "19": 0.3905882352941176, "20": 0.22793148880105402},
  "targets_count": 6423,
  "tp_count": 1536
}