{
  "gt_count": 6900,
  "mean_obj_recall": 0.3095560444248513,
  "mean_scene_recall": 0.30244310869419955,
  "obj_recalls": {"1": 0.21534320323014805, "2": 0.31065759637188206, "3": 0.2916666666666667, "4": 0.20707070707070707, "5": 0.4105263157894737, "6": 0.21428571428571427, "7": 0.444, "8": 0.35333333333333333, "9": 0.6178861788617886, "10": 0.3356643356643357, "11": 0.2857142857142857, "12": 0.35251798561151076, "13": 0.40714285714285714, "14": 0.3698630136986301, "15": 0.4383561643835616, "16": 0.5585106382978723, "17": 0.7534246575342466, "18": 0.22602739726027396, "19": 0.15706806282722513, "20": 0.07916666666666666, "21": 0.19428571428571428, "22": 0.07446808510638298, "23": 0.4112903225806452, "24": 0.3020833333333333, "25": 0.23157894736842105, "26": 0.1111111111111111, "27": 0.5208333333333334, "28": 0.171875, "29": 0.10204081632653061, "30": 0.1388888888888889},
  "recall": 0.29892573563755254,
  "scene_recalls": {"1": 0.2436548223350254, "2": 0.3401360544217687, "3": 0.42358078602620086, "4": 0.23076923076923078, "5": 0.3524590163934426, "6": 0.23504273504273504, "7": 0.3118556701030928, "8": 0.23469387755102042, "9": 0.26824817518248173, "10": 0.2638888888888889, "11": 0.45685279187817257, "12": 0.41580756013745707, "13": 0.14958448753462603, "14": 0.18208955223880596, "15": 0.17993079584775087, "16": 0.4392764857881137, "17": 0.3159509202453988, "18": 0.31141868512110726, "19": 0.4235294117647059, "20": 0.27009222661396576},
  "targets_count": 6423,
  "tp_count": 1920
}