{
  "gt_count": 6900,
  "mean_obj_recall": 0.20855339904862846,
  "mean_scene_recall": 0.19916048091552097,
  "obj_recalls": {"1": 0.11709286675639301, "2": 0.20634920634920634, "3": 0.23697916666666666, "4": 0.13636363636363635, "5": 0.3473684210526316, "6": 0.12244897959183673, "7": 0.312, "8": 0.15333333333333332, "9": 0.45934959349593496, "10": 0.2097902097902098, "11": 0.08, "12": 0.19424460431654678, "13": 0.34285714285714286, "14": 0.2465753424657534, "15": 0.4041095890410959, "16": 0.5212765957446809, "17": 0.7397260273972602, "18": 0.15753424657534246, "19": 0.06806282722513089, "20": 0.041666666666666664, "21": 0.08, "22": 0.031914893617021274, "23": 0.2217741935483871, "24": 0.22395833333333334, "25": 0.08421052631578947, "26": 0.020202020202020204, "27": 0.3645833333333333, "28": 0.036458333333333336, "29": 0.04081632653061224, "30": 0.05555555555555555},
  "recall": 0.20084072863148061,
  "scene_recalls": {"1": 0.1218274111675127, "2": 0.2653061224489796, "3": 0.27074235807860264, "4": 0.11794871794871795, "5": 0.22540983606557377, "6": 0.09829059829059829, "7": 0.23969072164948454, "8": 0.1360544217687075, "9": 0.18248175182481752, "10": 0.1701388888888889, "11": 0.3197969543147208, "12": 0.3127147766323024, "13": 0.055401662049861494, "14": 0.08955223880597014, "15": 0.0657439446366782, "16": 0.3359173126614987, "17": 0.18404907975460122, "18": 0.22491349480968859, "19": 0.3788235294117647, "20": 0.18840579710144928},
  "targets_count": 6423,
  "tp_count": 1290
}