{
  "gt_count": 6900,
  "mean_obj_recall": 0.023183850812571287,
  "mean_scene_recall": 0.015615806463580701,
  "obj_recalls": {"1": 0.004037685060565276, "2": 0.011337868480725623, "3": 0.033854166666666664, "4": 0.0016835016835016834, "5": 0.021052631578947368, "6": 0.0, "7": 0.0, "8": 0.0, "9": 0.0040650406504065045, "10": 0.0, "11": 0.0, "12": 0.007194244604316547, "13": 0.0, "14": 0.0273972602739726, "15": 0.13013698630136986, "16": 0.13297872340425532, "17": 0.2876712328767123, "18": 0.0, "19": 0.0, "20": 0.0, "21": 0.0, "22": 0.0, "23": 0.008064516129032258, "24": 0.005208333333333333, "25": 0.0, "26": 0.0, "27": 0.020833333333333332, "28": 0.0, "29": 0.0, "30": 0.0},
  "recall": 0.01914992993928071,
  "scene_recalls": {"1": 0.0, "2": 0.006802721088435374, "3": 0.004366812227074236, "4": 0.010256410256410256, "5": 0.0, "6": 0.0, "7": 0.059278350515463915, "8": 0.003401360544217687, "9": 0.010948905109489052, "10": 0.003472222222222222, "11": 0.005076142131979695, "12": 0.010309278350515464, "13": 0.0, "14": 0.0029850746268656717, "15": 0.006920415224913495, "16": 0.05167958656330749, "17": 0.006134969325153374, "18": 0.006920415224913495, "19": 0.11058823529411765, "20": 0.013175230566534914},
  "targets_count": 6423,
  "tp_count": 123
}