{
  "gt_count": 6900,
  "mean_obj_recall": 0.34220608194799124,
  "mean_scene_recall": 0.3342498278053433,
  "obj_recalls": {"1": 0.2449528936742934, "2": 0.3219954648526077, "3": 0.3072916666666667, "4": 0.23232323232323232, "5": 0.4421052631578947, "6": 0.24489795918367346, "7": 0.484, "8": 0.4266666666666667, "9": 0.6626016260162602, "10": 0.3776223776223776, "11": 0.2914285714285714, "12": 0.35251798561151076, "13": 0.42142857142857143, "14": 0.3835616438356164, "15": 0.4589041095890411, "16": 0.574468085106383, "17": 0.7534246575342466, "18": 0.2808219178082192, "19": 0.17277486910994763, "20": 0.1, "21": 0.24571428571428572, "22": 0.12234042553191489, "23": 0.4596774193548387, "24": 0.3125, "25": 0.30526315789473685, "26": 0.16161616161616163, "27": 0.59375, "28": 0.19791666666666666, "29": 0.15306122448979592, "30": 0.18055555555555555},
  "recall": 0.32835123773937414,
  "scene_recalls": {"1": 0.2893401015228426, "2": 0.3877551020408163, "3": 0.44541484716157204, "4": 0.28717948717948716, "5": 0.38934426229508196, "6": 0.25213675213675213, "7": 0.3324742268041237, "8": 0.272108843537415, "9": 0.28832116788321166, "10": 0.2986111111111111, "11": 0.49746192893401014, "12": 0.4329896907216495, "13": 0.18005540166204986, "14": 0.21492537313432836, "15": 0.22145328719723184, "16": 0.45478036175710596, "17": 0.3558282208588957, "18": 0.3460207612456747, "19": 0.4423529411764706, "20": 0.2964426877470356},
  "targets_count": 6423,
  "tp_count": 2109
}