{
  "gt_count": 6900,
  "mean_obj_recall": 0.29431576061247033,
  "mean_scene_recall": 0.2877243553304639,
  "obj_recalls": {"1": 0.20592193808882908, "2": 0.29931972789115646, "3": 0.2786458333333333, "4": 0.2037037037037037, "5": 0.4052631578947368, "6": 0.20408163265306123, "7": 0.432, "8": 0.31333333333333335, "9": 0.6097560975609756, "10": 0.3146853146853147, "11": 0.26857142857142857, "12": 0.33093525179856115, "13": 0.40714285714285714, "14": 0.3561643835616438, "15": 0.4383561643835616, "16": 0.5531914893617021, "17": 0.7534246575342466, "18": 0.2191780821917808, "19": 0.13612565445026178, "20": 0.06666666666666667, "21": 0.17714285714285713, "22": 0.06382978723404255, "23": 0.3790322580645161, "24": 0.2864583333333333, "25": 0.2, "26": 0.08080808080808081, "27": 0.5, "28": 0.13541666666666666, "29": 0.07142857142857142, "30": 0.1388888888888889},
  "recall": 0.28553635372878716,
  "scene_recalls": {"1": 0.22842639593908629, "2": 0.3333333333333333, "3": 0.39737991266375544, "4": 0.2, "5": 0.3401639344262295, "6": 0.23076923076923078, "7": 0.30927835051546393, "8": 0.22448979591836735, "9": 0.26094890510948904, "10": 0.2465277777777778, "11": 0.4416243654822335, "12": 0.39862542955326463, "13": 0.11634349030470914, "14": 0.16119402985074627, "15": 0.15570934256055363, "16": 0.42377260981912146, "17": 0.29754601226993865, "18": 0.30103806228373703, "19": 0.4211764705882353, "20": 0.26613965744400525},
  "targets_count": 6423,
  "tp_count": 1834
}