{
  "gt_count": 6900,
  "mean_obj_recall": 0.09092128710632248,
  "mean_scene_recall": 0.07622852107651093,
  "obj_recalls": {"1": 0.04845222072678331, "2": 0.07029478458049887, "3": 0.1328125, "4": 0.02861952861952862, "5": 0.1368421052631579, "6": 0.01020408163265306, "7": 0.072, "8": 0.04666666666666667, "9": 0.17073170731707318, "10": 0.02097902097902098, "11": 0.0, "12": 0.04316546762589928, "13": 0.10714285714285714, "14": 0.0958904109589041, "15": 0.3424657534246575, "16": 0.3670212765957447, "17": 0.6575342465753424, "18": 0.0, "19": 0.010471204188481676, "20": 0.016666666666666666, "21": 0.0, "22": 0.005319148936170213, "23": 0.06451612903225806, "24": 0.046875, "25": 0.031578947368421054, "26": 0.0, "27": 0.1875, "28": 0.0, "29": 0.0, "30": 0.013888888888888888},
  "recall": 0.08360579168612797,
  "scene_recalls": {"1": 0.02030456852791878, "2": 0.06802721088435375, "3": 0.048034934497816595, "4": 0.02564102564102564, "5": 0.07377049180327869, "6": 0.008547008547008548, "7": 0.17525773195876287, "8": 0.03741496598639456, "9": 0.08211678832116788, "10": 0.03819444444444445, "11": 0.1218274111675127, "12": 0.12371134020618557, "13": 0.008310249307479225, "14": 0.011940298507462687, "15": 0.020761245674740483, "16": 0.2041343669250646, "17": 0.06134969325153374, "18": 0.08304498269896193, "19": 0.24235294117647058, "20": 0.06982872200263504},
  "targets_count": 6423,
  "tp_count": 537
}