{
  "gt_count": 6900,
  "mean_obj_recall": 0.2732983306814954,
  "mean_scene_recall": 0.2660767598906807,
  "obj_recalls": {"1": 0.1857335127860027, "2": 0.2789115646258503, "3": 0.265625, "4": 0.19696969696969696, "5": 0.38421052631578945, "6": 0.19387755102040816, "7": 0.408, "8": 0.26666666666666666, "9": 0.5691056910569106, "10": 0.2867132867132867, "11": 0.24571428571428572, "12": 0.302158273381295, "13": 0.39285714285714285, "14": 0.3356164383561644, "15": 0.4178082191780822, "16": 0.5372340425531915, "17": 0.7465753424657534, "18": 0.19863013698630136, "19": 0.12041884816753927, "20": 0.0625, "21": 0.13714285714285715, "22": 0.05319148936170213, "23": 0.32661290322580644, "24": 0.2760416666666667, "25": 0.17894736842105263, "26": 0.06060606060606061, "27": 0.46875, "28": 0.09895833333333333, "29": 0.07142857142857142, "30": 0.13194444444444445},
  "recall": 0.26514089989101663,
  "scene_recalls": {"1": 0.2182741116751269, "2": 0.3129251700680272, "3": 0.3799126637554585, "4": 0.17435897435897435, "5": 0.3155737704918033, "6": 0.2094017094017094, "7": 0.27835051546391754, "8": 0.19727891156462585, "9": 0.2518248175182482, "10": 0.22916666666666666, "11": 0.39593908629441626, "12": 0.3711340206185567, "13": 0.0886426592797784, "14": 0.14029850746268657, "15": 0.12802768166089964, "16": 0.40310077519379844, "17": 0.2791411042944785, "18": 0.2837370242214533, "19": 0.41411764705882353, "20": 0.2503293807641634},
  "targets_count": 6423,
  "tp_count": 1703
}