{
  "gt_count": 6900,
  "mean_obj_recall": 0.3263564162302898,
  "mean_scene_recall": 0.31874561628986714,
  "obj_recalls": {"1": 0.2288021534320323, "2": 0.3219954648526077, "3": 0.2942708333333333, "4": 0.22053872053872053, "5": 0.43157894736842106, "6": 0.22448979591836735, "7": 0.468, "8": 0.36666666666666664, "9": 0.6504065040650406, "10": 0.36363636363636365, "11": 0.2914285714285714, "12": 0.35251798561151076, "13": 0.40714285714285714, "14": 0.3698630136986301, "15": 0.4452054794520548, "16": 0.5691489361702128, "17": 0.7534246575342466, "18": 0.2602739726027397, "19": 0.16753926701570682, "20": 0.09583333333333334, "21": 0.22857142857142856, "22": 0.10638297872340426, "23": 0.4314516129032258, "24": 0.3072916666666667, "25": 0.29473684210526313, "26": 0.12121212121212122, "27": 0.5625, "28": 0.1875, "29": 0.12244897959183673, "30": 0.14583333333333334},
  "recall": 0.31433909388136383,
  "scene_recalls": {"1": 0.26903553299492383, "2": 0.3673469387755102, "3": 0.43231441048034935, "4": 0.2512820512820513, "5": 0.3729508196721312, "6": 0.24786324786324787, "7": 0.32216494845360827, "8": 0.25510204081632654, "9": 0.2755474452554745, "10": 0.2847222222222222, "11": 0.4720812182741117, "12": 0.41924398625429554, "13": 0.1772853185595568, "14": 0.19701492537313434, "15": 0.1972318339100346, "16": 0.4470284237726098, "17": 0.3343558282208589, "18": 0.33217993079584773, "19": 0.4329411764705882, "20": 0.2872200263504611},
  "targets_count": 6423,
  "tp_count": 2019
}