{
  "gt_count": 6900,
  "mean_obj_recall": 0.012656510957121054,
  "mean_scene_recall": 0.010089982698117186,
  "obj_recalls": {"1": 0.010767160161507403, "2": 0.015873015873015872, "3": 0.03125, "4": 0.013468013468013467, "5": 0.0, "6": 0.0, "7": 0.0, "8": 0.0, "9": 0.0, "10": 0.0, "11": 0.0, "12": 0.0, "13": 0.02857142857142857, "14": 0.02054794520547945, "15": 0.00684931506849315, "16": 0.0797872340425532, "17": 0.11643835616438356, "18": 0.0, "19": 0.005235602094240838, "20": 0.0, "21": 0.0, "22": 0.0, "23": 0.004032258064516129, "24": 0.005208333333333333, "25": 0.0, "26": 0.0, "27": 0.0, "28": 0.0, "29": 0.0, "30": 0.041666666666666664},
  "recall": 0.013078000934142924,
  "scene_recalls": {"1": 0.01015228426395939, "2": 0.0, "3": 0.0, "4": 0.0, "5": 0.004098360655737705, "6": 0.0, "7": 0.023195876288659795, "8": 0.003401360544217687, "9": 0.02737226277372263, "10": 0.0, "11": 0.0, "12": 0.003436426116838488, "13": 0.0, "14": 0.0029850746268656717, "15": 0.010380622837370242, "16": 0.031007751937984496, "17": 0.018404907975460124, "18": 0.0034602076124567475, "19": 0.04941176470588235, "20": 0.014492753623188406},
  "targets_count": 6423,
  "tp_count": 84
}