{
  "gt_count": 6900,
  "mean_obj_recall": 0.04900393000995139,
  "mean_scene_recall": 0.04415768789130976,
  "obj_recalls": {"1": 0.05652759084791386, "2": 0.08163265306122448, "3": 0.07552083333333333, "4": 0.05723905723905724, "5": 0.015789473684210527, "6": 0.0, "7": 0.008, "8": 0.02, "9": 0.056910569105691054, "10": 0.0, "11": 0.0, "12": 0.0, "13": 0.1, "14": 0.0821917808219178, "15": 0.08904109589041095, "16": 0.23404255319148937, "17": 0.273972602739726, "18": 0.0136986301369863, "19": 0.031413612565445025, "20": 0.0125, "21": 0.011428571428571429, "22": 0.0, "23": 0.06854838709677419, "24": 0.052083333333333336, "25": 0.010526315789473684, "26": 0.010101010101010102, "27": 0.0, "28": 0.005208333333333333, "29": 0.02040816326530612, "30": 0.08333333333333333},
  "recall": 0.05340183714775027,
  "scene_recalls": {"1": 0.030456852791878174, "2": 0.0, "3": 0.026200873362445413, "4": 0.015384615384615385, "5": 0.028688524590163935, "6": 0.0, "7": 0.09020618556701031, "8": 0.027210884353741496, "9": 0.06569343065693431, "10": 0.04861111111111111, "11": 0.02030456852791878, "12": 0.058419243986254296, "13": 0.0221606648199446, "14": 0.01791044776119403, "15": 0.02422145328719723, "16": 0.09560723514211886, "17": 0.06748466257668712, "18": 0.031141868512110725, "19": 0.13176470588235295, "20": 0.08168642951251646},
  "targets_count": 6423,
  "tp_count": 343
}