{
  "gt_count": 6900,
  "mean_obj_recall": 0.02752720050169092,
  "mean_scene_recall": 0.02379336008968258,
  "obj_recalls": {"1": 0.02826379542395693, "2": 0.049886621315192746, "3": 0.0546875, "4": 0.02861952861952862, "5": 0.010526315789473684, "6": 0.0, "7": 0.004, "8": 0.013333333333333334, "9": 0.016260162601626018, "10": 0.0, "11": 0.0, "12": 0.0, "13": 0.05714285714285714, "14": 0.0410958904109589, "15": 0.04794520547945205, "16": 0.1595744680851064, "17": 0.1780821917808219, "18": 0.0, "19": 0.005235602094240838, "20": 0.008333333333333333, "21": 0.005714285714285714, "22": 0.0, "23": 0.03225806451612903, "24": 0.026041666666666668, "25": 0.0, "26": 0.0, "27": 0.0, "28": 0.0, "29": 0.01020408163265306, "30": 0.04861111111111111},
  "recall": 0.029892573563755253,
  "scene_recalls": {"1": 0.015228426395939087, "2": 0.0, "3": 0.013100436681222707, "4": 0.0, "5": 0.01639344262295082, "6": 0.0, "7": 0.06443298969072164, "8": 0.013605442176870748, "9": 0.04744525547445255, "10": 0.020833333333333332, "11": 0.01015228426395939, "12": 0.01718213058419244, "13": 0.0110803324099723, "14": 0.005970149253731343, "15": 0.01384083044982699, "16": 0.06459948320413436, "17": 0.024539877300613498, "18": 0.020761245674740483, "19": 0.07058823529411765, "20": 0.0461133069828722},
  "targets_count": 6423,
  "tp_count": 192
}