{
  "gt_count": 6900,
  "mean_obj_recall": 0.07263003490975242,
  "mean_scene_recall": 0.06567818438565912,
  "obj_recalls": {"1": 0.06460296096904442, "2": 0.10430839002267574, "3": 0.09635416666666667, "4": 0.08922558922558922, "5": 0.031578947368421054, "6": 0.02040816326530612, "7": 0.028, "8": 0.04666666666666667, "9": 0.08943089430894309, "10": 0.013986013986013986, "11": 0.022857142857142857, "12": 0.014388489208633094, "13": 0.12142857142857143, "14": 0.1232876712328767, "15": 0.136986301369863, "16": 0.2978723404255319, "17": 0.363013698630137, "18": 0.0273972602739726, "19": 0.04712041884816754, "20": 0.025, "21": 0.011428571428571429, "22": 0.005319148936170213, "23": 0.0967741935483871, "24": 0.07291666666666667, "25": 0.042105263157894736, "26": 0.020202020202020204, "27": 0.0, "28": 0.020833333333333332, "29": 0.02040816326530612, "30": 0.125},
  "recall": 0.0762883387825004,
  "scene_recalls": {"1": 0.06091370558375635, "2": 0.006802721088435374, "3": 0.048034934497816595, "4": 0.03076923076923077, "5": 0.04918032786885246, "6": 0.029914529914529916, "7": 0.12886597938144329, "8": 0.034013605442176874, "9": 0.08576642335766424, "10": 0.06944444444444445, "11": 0.04568527918781726, "12": 0.07560137457044673, "13": 0.038781163434903045, "14": 0.03582089552238806, "15": 0.02768166089965398, "16": 0.1343669250645995, "17": 0.0950920245398773, "18": 0.03806228373702422, "19": 0.16941176470588235, "20": 0.10935441370223979},
  "targets_count": 6423,
  "tp_count": 490
}