{
  "gt_count": 6900,
  "mean_obj_recall": 0.0396524672372088,
  "mean_scene_recall": 0.034632132240270605,
  "obj_recalls": {"1": 0.039030955585464336, "2": 0.07256235827664399, "3": 0.06770833333333333, "4": 0.045454545454545456, "5": 0.010526315789473684, "6": 0.0, "7": 0.004, "8": 0.02, "9": 0.028455284552845527, "10": 0.0, "11": 0.0, "12": 0.0, "13": 0.07857142857142857, "14": 0.0547945205479452, "15": 0.0821917808219178, "16": 0.20212765957446807, "17": 0.23972602739726026, "18": 0.00684931506849315, "19": 0.020942408376963352, "20": 0.008333333333333333, "21": 0.005714285714285714, "22": 0.0, "23": 0.04838709677419355, "24": 0.041666666666666664, "25": 0.010526315789473684, "26": 0.0, "27": 0.0, "28": 0.005208333333333333, "29": 0.02040816326530612, "30": 0.0763888888888889},
  "recall": 0.042659193523275726,
  "scene_recalls": {"1": 0.025380710659898477, "2": 0.0, "3": 0.021834061135371178, "4": 0.005128205128205128, "5": 0.020491803278688523, "6": 0.0, "7": 0.07474226804123711, "8": 0.02040816326530612, "9": 0.06204379562043796, "10": 0.03819444444444445, "11": 0.015228426395939087, "12": 0.03436426116838488, "13": 0.0110803324099723, "14": 0.011940298507462687, "15": 0.02422145328719723, "16": 0.08527131782945736, "17": 0.04294478527607362, "18": 0.02422145328719723, "19": 0.11058823529411765, "20": 0.06455862977602109},
  "targets_count": 6423,
  "tp_count": 274
}