{
  "gt_count": 6900,
  "mean_obj_recall": 0.06061755622119138,
  "mean_scene_recall": 0.05434838702206327,
  "obj_recalls": {"1": 0.05787348586810229, "2": 0.09070294784580499, "3": 0.0859375, "4": 0.06902356902356903, "5": 0.031578947368421054, "6": 0.0, "7": 0.024, "8": 0.03333333333333333, "9": 0.08130081300813008, "10": 0.0, "11": 0.005714285714285714, "12": 0.007194244604316547, "13": 0.12142857142857143, "14": 0.10273972602739725, "15": 0.11643835616438356, "16": 0.26595744680851063, "17": 0.3082191780821918, "18": 0.0273972602739726, "19": 0.041884816753926704, "20": 0.016666666666666666, "21": 0.011428571428571429, "22": 0.0, "23": 0.08064516129032258, "24": 0.07291666666666667, "25": 0.021052631578947368, "26": 0.010101010101010102, "27": 0.0, "28": 0.010416666666666666, "29": 0.02040816326530612, "30": 0.10416666666666667},
  "recall": 0.06445586174684727,
  "scene_recalls": {"1": 0.04060913705583756, "2": 0.0, "3": 0.039301310043668124, "4": 0.02564102564102564, "5": 0.03278688524590164, "6": 0.01282051282051282, "7": 0.11082474226804123, "8": 0.034013605442176874, "9": 0.07846715328467153, "10": 0.059027777777777776, "11": 0.025380710659898477, "12": 0.06529209621993128, "13": 0.030470914127423823, "14": 0.026865671641791045, "15": 0.02422145328719723, "16": 0.11886304909560723, "17": 0.08282208588957055, "18": 0.03806228373702422, "19": 0.15058823529411763, "20": 0.09090909090909091},
  "targets_count": 6423,
  "tp_count": 414
}