{
  "gt_count": 6900,
  "mean_obj_recall": 0.019768152548554054,
  "mean_scene_recall": 0.015990200797588793,
  "obj_recalls": {"1": 0.014804845222072678, "2": 0.02947845804988662, "3": 0.041666666666666664, "4": 0.015151515151515152, "5": 0.010526315789473684, "6": 0.0, "7": 0.004, "8": 0.006666666666666667, "9": 0.0, "10": 0.0, "11": 0.0, "12": 0.0, "13": 0.03571428571428571, "14": 0.0273972602739726, "15": 0.0273972602739726, "16": 0.11702127659574468, "17": 0.15753424657534246, "18": 0.0, "19": 0.005235602094240838, "20": 0.004166666666666667, "21": 0.005714285714285714, "22": 0.0, "23": 0.016129032258064516, "24": 0.015625, "25": 0.0, "26": 0.0, "27": 0.0, "28": 0.0, "29": 0.01020408163265306, "30": 0.04861111111111111},
  "recall": 0.02008407286314806,
  "scene_recalls": {"1": 0.015228426395939087, "2": 0.0, "3": 0.008733624454148471, "4": 0.0, "5": 0.004098360655737705, "6": 0.0, "7": 0.03865979381443299, "8": 0.006802721088435374, "9": 0.032846715328467155, "10": 0.006944444444444444, "11": 0.005076142131979695, "12": 0.010309278350515464, "13": 0.008310249307479225, "14": 0.005970149253731343, "15": 0.01384083044982699, "16": 0.04909560723514212, "17": 0.018404907975460124, "18": 0.006920415224913495, "19": 0.06352941176470588, "20": 0.025032938076416336},
  "targets_count": 6423,
  "tp_count": 129
}