{
  "gt_count": 6900,
  "mean_obj_recall": 0.006461685156663014,
  "mean_scene_recall": 0.004936748841587869,
  "obj_recalls": {"1": 0.004037685060565276, "2": 0.009070294784580499, "3": 0.013020833333333334, "4": 0.005050505050505051, "5": 0.0, "6": 0.0, "7": 0.0, "8": 0.0, "9": 0.0, "10": 0.0, "11": 0.0, "12": 0.0, "13": 0.02142857142857143, "14": 0.0, "15": 0.0, "16": 0.0425531914893617, "17": 0.06164383561643835, "18": 0.0, "19": 0.005235602094240838, "20": 0.0, "21": 0.0, "22": 0.0, "23": 0.004032258064516129, "24": 0.0, "25": 0.0, "26": 0.0, "27": 0.0, "28": 0.0, "29": 0.0, "30": 0.027777777777777776},
  "recall": 0.006383309979760237,
  "scene_recalls": {"1": 0.005076142131979695, "2": 0.0, "3": 0.0, "4": 0.0, "5": 0.0, "6": 0.0, "7": 0.010309278350515464, "8": 0.003401360544217687, "9": 0.010948905109489052, "10": 0.0, "11": 0.0, "12": 0.003436426116838488, "13": 0.0, "14": 0.0029850746268656717, "15": 0.006920415224913495, "16": 0.01808785529715762, "17": 0.006134969325153374, "18": 0.0, "19": 0.023529411764705882, "20": 0.007905138339920948},
  "targets_count": 6423,
  "tp_count": 41
}