{
  "gt_count": 6900,
  "mean_obj_recall": 0.04072788232756892,
  "mean_scene_recall": 0.03529412013881088,
  "obj_recalls": {"1": 0.008075370121130552, "2": 0.02040816326530612, "3": 0.052083333333333336, "4": 0.013468013468013467, "5": 0.0, "6": 0.05102040816326531, "7": 0.008, "8": 0.14, "9": 0.17479674796747968, "10": 0.013986013986013986, "11": 0.0, "12": 0.0, "13": 0.007142857142857143, "14": 0.1232876712328767, "15": 0.03424657534246575, "16": 0.047872340425531915, "17": 0.3356164383561644, "18": 0.0, "19": 0.0, "20": 0.0, "21": 0.0, "22": 0.0, "23": 0.028225806451612902, "24": 0.026041666666666668, "25": 0.0, "26": 0.0707070707070707, "27": 0.0, "28": 0.026041666666666668, "29": 0.04081632653061224, "30": 0.0},
  "recall": 0.035186050132336916,
  "scene_recalls": {"1": 0.0, "2": 0.034013605442176874, "3": 0.043668122270742356, "4": 0.03076923076923077, "5": 0.004098360655737705, "6": 0.0, "7": 0.08762886597938144, "8": 0.0, "9": 0.03102189781021898, "10": 0.03125, "11": 0.1116751269035533, "12": 0.048109965635738834, "13": 0.00554016620498615, "14": 0.005970149253731343, "15": 0.031141868512110725, "16": 0.10335917312661498, "17": 0.03987730061349693, "18": 0.04844290657439446, "19": 0.02823529411764706, "20": 0.021080368906455864},
  "targets_count": 6423,
  "tp_count": 226
}