{
  "gt_count": 6900,
  "mean_obj_recall": 0.09247678809262913,
  "mean_scene_recall": 0.08516856753252298,
  "obj_recalls": {"1": 0.034993270524899055, "2": 0.07256235827664399, "3": 0.12760416666666666, "4": 0.05555555555555555, "5": 0.0, "6": 0.1326530612244898, "7": 0.06, "8": 0.2733333333333333, "9": 0.27235772357723576, "10": 0.13986013986013987, "11": 0.02857142857142857, "12": 0.050359712230215826, "13": 0.05714285714285714, "14": 0.18493150684931506, "15": 0.0410958904109589, "16": 0.1276595744680851, "17": 0.4520547945205479, "18": 0.06164383561643835, "19": 0.041884816753926704, "20": 0.008333333333333333, "21": 0.011428571428571429, "22": 0.0425531914893617, "23": 0.08064516129032258, "24": 0.052083333333333336, "25": 0.031578947368421054, "26": 0.15151515151515152, "27": 0.010416666666666666, "28": 0.0625, "29": 0.10204081632653061, "30": 0.006944444444444444},
  "recall": 0.08407286314806166,
  "scene_recalls": {"1": 0.025380710659898477, "2": 0.07482993197278912, "3": 0.09170305676855896, "4": 0.09230769230769231, "5": 0.05327868852459016, "6": 0.0641025641025641, "7": 0.16494845360824742, "8": 0.023809523809523808, "9": 0.07846715328467153, "10": 0.09027777777777778, "11": 0.23857868020304568, "12": 0.10652920962199312, "13": 0.0221606648199446, "14": 0.03283582089552239, "15": 0.0657439446366782, "16": 0.16279069767441862, "17": 0.11042944785276074, "18": 0.06920415224913495, "19": 0.06352941176470588, "20": 0.07246376811594203},
  "targets_count": 6423,
  "tp_count": 540
}