{
  "gt_count": 6900,
  "mean_obj_recall": 0.019146244754142474,
  "mean_scene_recall": 0.01502861678475505,
  "obj_recalls": {"1": 0.0, "2": 0.0045351473922902496, "3": 0.015625, "4": 0.005050505050505051, "5": 0.0, "6": 0.0, "7": 0.004, "8": 0.05333333333333334, "9": 0.07723577235772358, "10": 0.0, "11": 0.0, "12": 0.0, "13": 0.0, "14": 0.08904109589041095, "15": 0.0, "16": 0.031914893617021274, "17": 0.19863013698630136, "18": 0.0, "19": 0.0, "20": 0.0, "21": 0.0, "22": 0.0, "23": 0.008064516129032258, "24": 0.010416666666666666, "25": 0.0, "26": 0.030303030303030304, "27": 0.0, "28": 0.015625, "29": 0.030612244897959183, "30": 0.0},
  "recall": 0.015569048731122529,
  "scene_recalls": {"1": 0.0, "2": 0.0, "3": 0.021834061135371178, "4": 0.020512820512820513, "5": 0.004098360655737705, "6": 0.0, "7": 0.05412371134020619, "8": 0.0, "9": 0.0072992700729927005, "10": 0.010416666666666666, "11": 0.025380710659898477, "12": 0.024054982817869417, "13": 0.0, "14": 0.0029850746268656717, "15": 0.01730103806228374, "16": 0.04909560723514212, "17": 0.018404907975460124, "18": 0.01730103806228374, "19": 0.021176470588235293, "20": 0.006587615283267457},
  "targets_count": 6423,
  "tp_count": 100
}