{
  "gt_count": 6900,
  "mean_obj_recall": 0.06990012886260816,
  "mean_scene_recall": 0.06421045561730743,
  "obj_recalls": {"1": 0.026917900403768506, "2": 0.061224489795918366, "3": 0.08854166666666667, "4": 0.03535353535353535, "5": 0.0, "6": 0.11224489795918367, "7": 0.04, "8": 0.22, "9": 0.25609756097560976, "10": 0.09090909090909091, "11": 0.0, "12": 0.014388489208633094, "13": 0.04285714285714286, "14": 0.17123287671232876, "15": 0.0410958904109589, "16": 0.09042553191489362, "17": 0.4246575342465753, "18": 0.02054794520547945, "19": 0.020942408376963352, "20": 0.004166666666666667, "21": 0.005714285714285714, "22": 0.015957446808510637, "23": 0.05241935483870968, "24": 0.036458333333333336, "25": 0.021052631578947368, "26": 0.1111111111111111, "27": 0.010416666666666666, "28": 0.03125, "29": 0.05102040816326531, "30": 0.0},
  "recall": 0.06336602833566869,
  "scene_recalls": {"1": 0.015228426395939087, "2": 0.07482993197278912, "3": 0.06986899563318777, "4": 0.06153846153846154, "5": 0.045081967213114756, "6": 0.02564102564102564, "7": 0.13917525773195877, "8": 0.017006802721088437, "9": 0.05656934306569343, "10": 0.04861111111111111, "11": 0.18781725888324874, "12": 0.07903780068728522, "13": 0.0110803324099723, "14": 0.020895522388059702, "15": 0.03806228373702422, "16": 0.13695090439276486, "17": 0.08895705521472393, "18": 0.0657439446366782, "19": 0.04941176470588235, "20": 0.052700922266139656},
  "targets_count": 6423,
  "tp_count": 407
}