{
  "gt_count": 6900,
  "mean_obj_recall": 0.10966258758799147,
  "mean_scene_recall": 0.10326996206423966,
  "obj_recalls": {"1": 0.047106325706594884, "2": 0.08843537414965986, "3": 0.140625, "4": 0.07744107744107744, "5": 0.0, "6": 0.1326530612244898, "7": 0.084, "8": 0.30666666666666664, "9": 0.3252032520325203, "10": 0.1888111888111888, "11": 0.05714285714285714, "12": 0.09352517985611511, "13": 0.07857142857142857, "14": 0.2054794520547945, "15": 0.04794520547945205, "16": 0.14893617021276595, "17": 0.4726027397260274, "18": 0.07534246575342465, "19": 0.05235602094240838, "20": 0.0125, "21": 0.03428571428571429, "22": 0.05319148936170213, "23": 0.10483870967741936, "24": 0.0625, "25": 0.031578947368421054, "26": 0.15151515151515152, "27": 0.010416666666666666, "28": 0.08333333333333333, "29": 0.10204081632653061, "30": 0.020833333333333332},
  "recall": 0.10197726918885257,
  "scene_recalls": {"1": 0.030456852791878174, "2": 0.08163265306122448, "3": 0.11353711790393013, "4": 0.11794871794871795, "5": 0.08196721311475409, "6": 0.09401709401709402, "7": 0.17525773195876287, "8": 0.03741496598639456, "9": 0.0948905109489051, "10": 0.11805555555555555, "11": 0.2639593908629442, "12": 0.12714776632302405, "13": 0.030470914127423823, "14": 0.04477611940298507, "15": 0.06920415224913495, "16": 0.20671834625322996, "17": 0.12883435582822086, "18": 0.08996539792387544, "19": 0.06823529411764706, "20": 0.09090909090909091},
  "targets_count": 6423,
  "tp_count": 655
}