{
  "gt_count": 6900,
  "mean_obj_recall": 0.05513198666143174,
  "mean_scene_recall": 0.04950903635316607,
  "obj_recalls": {"1": 0.018842530282637954, "2": 0.03854875283446712, "3": 0.0703125, "4": 0.025252525252525252, "5": 0.0, "6": 0.07142857142857142, "7": 0.024, "8": 0.18666666666666668, "9": 0.22764227642276422, "10": 0.03496503496503497, "11": 0.0, "12": 0.007194244604316547, "13": 0.014285714285714285, "14": 0.17123287671232876, "15": 0.0410958904109589, "16": 0.07446808510638298, "17": 0.3904109589041096, "18": 0.00684931506849315, "19": 0.010471204188481676, "20": 0.0, "21": 0.0, "22": 0.005319148936170213, "23": 0.04032258064516129, "24": 0.026041666666666668, "25": 0.010526315789473684, "26": 0.08080808080808081, "27": 0.010416666666666666, "28": 0.026041666666666668, "29": 0.04081632653061224, "30": 0.0},
  "recall": 0.04950957496496964,
  "scene_recalls": {"1": 0.005076142131979695, "2": 0.047619047619047616, "3": 0.056768558951965066, "4": 0.046153846153846156, "5": 0.028688524590163935, "6": 0.01282051282051282, "7": 0.12371134020618557, "8": 0.003401360544217687, "9": 0.043795620437956206, "10": 0.041666666666666664, "11": 0.14720812182741116, "12": 0.058419243986254296, "13": 0.008310249307479225, "14": 0.008955223880597015, "15": 0.031141868512110725, "16": 0.12403100775193798, "17": 0.0736196319018405, "18": 0.05190311418685121, "19": 0.04, "20": 0.03689064558629776},
  "targets_count": 6423,
  "tp_count": 318
}