{
  "gt_count": 6900,
  "mean_obj_recall": 0.1158409519076507,
  "mean_scene_recall": 0.1095457391230108,
  "obj_recalls": {"1": 0.04845222072678331, "2": 0.09523809523809523, "3": 0.1484375, "4": 0.08754208754208755, "5": 0.0, "6": 0.1326530612244898, "7": 0.084, "8": 0.31333333333333335, "9": 0.33739837398373984, "10": 0.1888111888111888, "11": 0.08, "12": 0.1079136690647482, "13": 0.07857142857142857, "14": 0.21232876712328766, "15": 0.06164383561643835, "16": 0.14893617021276595, "17": 0.4726027397260274, "18": 0.08904109589041095, "19": 0.05759162303664921, "20": 0.016666666666666666, "21": 0.04, "22": 0.05851063829787234, "23": 0.12903225806451613, "24": 0.06770833333333333, "25": 0.031578947368421054, "26": 0.15151515151515152, "27": 0.010416666666666666, "28": 0.08854166666666667, "29": 0.10204081632653061, "30": 0.034722222222222224},
  "recall": 0.10851626965592402,
  "scene_recalls": {"1": 0.03553299492385787, "2": 0.08163265306122448, "3": 0.13100436681222707, "4": 0.11794871794871795, "5": 0.09016393442622951, "6": 0.10256410256410256, "7": 0.18041237113402062, "8": 0.03741496598639456, "9": 0.10036496350364964, "10": 0.12152777777777778, "11": 0.26903553299492383, "12": 0.13402061855670103, "13": 0.04709141274238227, "14": 0.056716417910447764, "15": 0.0726643598615917, "16": 0.21705426356589147, "17": 0.13190184049079753, "18": 0.09342560553633218, "19": 0.07294117647058823, "20": 0.09749670619235837},
  "targets_count": 6423,
  "tp_count": 697
}