{
  "gt_count": 6900,
  "mean_obj_recall": 0.08167157189281085,
  "mean_scene_recall": 0.07437818882800443,
  "obj_recalls": {"1": 0.029609690444145357, "2": 0.06802721088435375, "3": 0.11197916666666667, "4": 0.045454545454545456, "5": 0.0, "6": 0.12244897959183673, "7": 0.056, "8": 0.25333333333333335, "9": 0.2601626016260163, "10": 0.1258741258741259, "11": 0.011428571428571429, "12": 0.02877697841726619, "13": 0.05714285714285714, "14": 0.1780821917808219, "15": 0.0410958904109589, "16": 0.10638297872340426, "17": 0.4452054794520548, "18": 0.03424657534246575, "19": 0.031413612565445025, "20": 0.004166666666666667, "21": 0.011428571428571429, "22": 0.02127659574468085, "23": 0.06854838709677419, "24": 0.036458333333333336, "25": 0.031578947368421054, "26": 0.13131313131313133, "27": 0.010416666666666666, "28": 0.036458333333333336, "29": 0.09183673469387756, "30": 0.0},
  "recall": 0.07379729098552079,
  "scene_recalls": {"1": 0.02030456852791878, "2": 0.07482993197278912, "3": 0.07423580786026202, "4": 0.06666666666666667, "5": 0.04918032786885246, "6": 0.042735042735042736, "7": 0.14948453608247422, "8": 0.02040816326530612, "9": 0.06934306569343066, "10": 0.059027777777777776, "11": 0.2182741116751269, "12": 0.09278350515463918, "13": 0.013850415512465374, "14": 0.029850746268656716, "15": 0.058823529411764705, "16": 0.15762273901808785, "17": 0.10122699386503067, "18": 0.06920415224913495, "19": 0.05647058823529412, "20": 0.06324110671936758},
  "targets_count": 6423,
  "tp_count": 474
}