{
  "gt_count": 6900,
  "mean_obj_recall": 0.10067716338478724,
  "mean_scene_recall": 0.09446945124268698,
  "obj_recalls": {"1": 0.040376850605652756, "2": 0.07936507936507936, "3": 0.140625, "4": 0.06734006734006734, "5": 0.0, "6": 0.1326530612244898, "7": 0.076, "8": 0.29333333333333333, "9": 0.3008130081300813, "10": 0.16783216783216784, "11": 0.05142857142857143, "12": 0.06474820143884892, "13": 0.05714285714285714, "14": 0.1917808219178082, "15": 0.0410958904109589, "16": 0.13829787234042554, "17": 0.4520547945205479, "18": 0.07534246575342465, "19": 0.05235602094240838, "20": 0.008333333333333333, "21": 0.011428571428571429, "22": 0.047872340425531915, "23": 0.08870967741935484, "24": 0.052083333333333336, "25": 0.031578947368421054, "26": 0.15151515151515152, "27": 0.010416666666666666, "28": 0.07291666666666667, "29": 0.10204081632653061, "30": 0.020833333333333332},
  "recall": 0.0929472209248015,
  "scene_recalls": {"1": 0.030456852791878174, "2": 0.08163265306122448, "3": 0.10480349344978165, "4": 0.10256410256410256, "5": 0.06967213114754098, "6": 0.0811965811965812, "7": 0.16752577319587628, "8": 0.023809523809523808, "9": 0.09124087591240876, "10": 0.10416666666666667, "11": 0.25380710659898476, "12": 0.12027491408934708, "13": 0.027700831024930747, "14": 0.03582089552238806, "15": 0.06920415224913495, "16": 0.17829457364341086, "17": 0.12269938650306748, "18": 0.07958477508650519, "19": 0.06588235294117648, "20": 0.07905138339920949},
  "targets_count": 6423,
  "tp_count": 597
}