{
  "gt_count": 6900,
  "mean_obj_recall": 0.031075756000501466,
  "mean_scene_recall": 0.027375825321165205,
  "obj_recalls": {"1": 0.03230148048452221, "2": 0.04081632653061224, "3": 0.044270833333333336, "4": 0.020202020202020204, "5": 0.015789473684210527, "6": 0.0, "7": 0.008, "8": 0.0, "9": 0.024390243902439025, "10": 0.0, "11": 0.005714285714285714, "12": 0.007194244604316547, "13": 0.02857142857142857, "14": 0.04794520547945205, "15": 0.03424657534246575, "16": 0.1276595744680851, "17": 0.19863013698630136, "18": 0.00684931506849315, "19": 0.010471204188481676, "20": 0.004166666666666667, "21": 0.005714285714285714, "22": 0.0, "23": 0.028225806451612902, "24": 0.036458333333333336, "25": 0.021052631578947368, "26": 0.0, "27": 0.052083333333333336, "28": 0.020833333333333332, "29": 0.02040816326530612, "30": 0.09027777777777778},
  "recall": 0.030826716487622606,
  "scene_recalls": {"1": 0.04060913705583756, "2": 0.006802721088435374, "3": 0.017467248908296942, "4": 0.010256410256410256, "5": 0.028688524590163935, "6": 0.004273504273504274, "7": 0.03865979381443299, "8": 0.02040816326530612, "9": 0.040145985401459854, "10": 0.020833333333333332, "11": 0.01015228426395939, "12": 0.027491408934707903, "13": 0.008310249307479225, "14": 0.005970149253731343, "15": 0.04152249134948097, "16": 0.06201550387596899, "17": 0.03374233128834356, "18": 0.01384083044982699, "19": 0.08470588235294117, "20": 0.03162055335968379},
  "targets_count": 6423,
  "tp_count": 198
}