{
  "gt_count": 6900,
  "mean_obj_recall": 0.05314501375661764,
  "mean_scene_recall": 0.04806348640452565,
  "obj_recalls": {"1": 0.04979811574697174, "2": 0.07709750566893424, "3": 0.1015625, "4": 0.05218855218855219, "5": 0.02631578947368421, "6": 0.01020408163265306, "7": 0.02, "8": 0.02666666666666667, "9": 0.04065040650406504, "10": 0.0, "11": 0.011428571428571429, "12": 0.007194244604316547, "13": 0.04285714285714286, "14": 0.0684931506849315, "15": 0.06164383561643835, "16": 0.17553191489361702, "17": 0.2328767123287671, "18": 0.0273972602739726, "19": 0.02617801047120419, "20": 0.008333333333333333, "21": 0.011428571428571429, "22": 0.010638297872340425, "23": 0.06451612903225806, "24": 0.046875, "25": 0.042105263157894736, "26": 0.030303030303030304, "27": 0.10416666666666667, "28": 0.052083333333333336, "29": 0.04081632653061224, "30": 0.125},
  "recall": 0.05449167055892885,
  "scene_recalls": {"1": 0.05583756345177665, "2": 0.013605442176870748, "3": 0.034934497816593885, "4": 0.015384615384615385, "5": 0.05327868852459016, "6": 0.017094017094017096, "7": 0.07216494845360824, "8": 0.03741496598639456, "9": 0.08029197080291971, "10": 0.027777777777777776, "11": 0.02030456852791878, "12": 0.05154639175257732, "13": 0.036011080332409975, "14": 0.023880597014925373, "15": 0.0726643598615917, "16": 0.07751937984496124, "17": 0.06748466257668712, "18": 0.02422145328719723, "19": 0.11529411764705882, "20": 0.06455862977602109},
  "targets_count": 6423,
  "tp_count": 350
}