{
  "gt_count": 6900,
  "mean_obj_recall": 0.041027505450092275,
  "mean_scene_recall": 0.03650633866561465,
  "obj_recalls": {"1": 0.039030955585464336, "2": 0.05668934240362812, "3": 0.078125, "4": 0.03872053872053872, "5": 0.02631578947368421, "6": 0.0, "7": 0.008, "8": 0.0, "9": 0.028455284552845527, "10": 0.0, "11": 0.005714285714285714, "12": 0.007194244604316547, "13": 0.03571428571428571, "14": 0.06164383561643835, "15": 0.04794520547945205, "16": 0.14893617021276595, "17": 0.2328767123287671, "18": 0.00684931506849315, "19": 0.010471204188481676, "20": 0.004166666666666667, "21": 0.005714285714285714, "22": 0.010638297872340425, "23": 0.04838709677419355, "24": 0.036458333333333336, "25": 0.031578947368421054, "26": 0.010101010101010102, "27": 0.07291666666666667, "28": 0.036458333333333336, "29": 0.030612244897959183, "30": 0.1111111111111111},
  "recall": 0.0418807410867196,
  "scene_recalls": {"1": 0.04060913705583756, "2": 0.013605442176870748, "3": 0.021834061135371178, "4": 0.015384615384615385, "5": 0.040983606557377046, "6": 0.004273504273504274, "7": 0.05670103092783505, "8": 0.023809523809523808, "9": 0.06386861313868614, "10": 0.020833333333333332, "11": 0.015228426395939087, "12": 0.037800687285223365, "13": 0.019390581717451522, "14": 0.020895522388059702, "15": 0.05536332179930796, "16": 0.06976744186046512, "17": 0.046012269938650305, "18": 0.01384083044982699, "19": 0.1011764705882353, "20": 0.048748353096179184},
  "targets_count": 6423,
  "tp_count": 269
}