{
  "gt_count": 6900,
  "mean_obj_recall": 0.06637128829697278,
  "mean_scene_recall": 0.06049040295613135,
  "obj_recalls": {"1": 0.059219380888290714, "2": 0.09297052154195011, "3": 0.11979166666666667, "4": 0.05723905723905724, "5": 0.031578947368421054, "6": 0.01020408163265306, "7": 0.032, "8": 0.05333333333333334, "9": 0.052845528455284556, "10": 0.0, "11": 0.022857142857142857, "12": 0.02877697841726619, "13": 0.04285714285714286, "14": 0.0684931506849315, "15": 0.0684931506849315, "16": 0.18617021276595744, "17": 0.2602739726027397, "18": 0.06164383561643835, "19": 0.04712041884816754, "20": 0.025, "21": 0.03428571428571429, "22": 0.010638297872340425, "23": 0.08870967741935484, "24": 0.057291666666666664, "25": 0.07368421052631578, "26": 0.04040404040404041, "27": 0.125, "28": 0.057291666666666664, "29": 0.05102040816326531, "30": 0.13194444444444445},
  "recall": 0.0671026000311381,
  "scene_recalls": {"1": 0.07106598984771574, "2": 0.013605442176870748, "3": 0.0611353711790393, "4": 0.035897435897435895, "5": 0.06147540983606557, "6": 0.02564102564102564, "7": 0.08505154639175258, "8": 0.04421768707482993, "9": 0.09306569343065693, "10": 0.059027777777777776, "11": 0.025380710659898477, "12": 0.06529209621993128, "13": 0.04986149584487535, "14": 0.03582089552238806, "15": 0.08304498269896193, "16": 0.09302325581395349, "17": 0.0736196319018405, "18": 0.031141868512110725, "19": 0.12470588235294118, "20": 0.077733860342556},
  "targets_count": 6423,
  "tp_count": 431
}