{
  "gt_count": 6900,
  "mean_obj_recall": 0.0053442128451345015,
  "mean_scene_recall": 0.0034048933916516074,
  "obj_recalls": {"1": 0.0, "2": 0.0022675736961451248, "3": 0.0026041666666666665, "4": 0.003367003367003367, "5": 0.0, "6": 0.0, "7": 0.0, "8": 0.0, "9": 0.0, "10": 0.0, "11": 0.0, "12": 0.0, "13": 0.007142857142857143, "14": 0.00684931506849315, "15": 0.0, "16": 0.02127659574468085, "17": 0.08904109589041095, "18": 0.0, "19": 0.0, "20": 0.0, "21": 0.0, "22": 0.0, "23": 0.0, "24": 0.0, "25": 0.0, "26": 0.0, "27": 0.0, "28": 0.0, "29": 0.0, "30": 0.027777777777777776},
  "recall": 0.004203643157403083,
  "scene_recalls": {"1": 0.01015228426395939, "2": 0.0, "3": 0.0, "4": 0.0, "5": 0.0, "6": 0.0, "7": 0.005154639175257732, "8": 0.0, "9": 0.0036496350364963502, "10": 0.0, "11": 0.0, "12": 0.0, "13": 0.0, "14": 0.0, "15": 0.0034602076124567475, "16": 0.007751937984496124, "17": 0.0, "18": 0.0, "19": 0.03529411764705882, "20": 0.002635046113306983},
  "targets_count": 6423,
  "tp_count": 27
}