{
  "gt_count": 6900,
  "mean_obj_recall": 0.022898975412484167,
  "mean_scene_recall": 0.018874122639997985,
  "obj_recalls": {"1": 0.020188425302826378, "2": 0.02947845804988662, "3": 0.026041666666666668, "4": 0.020202020202020204, "5": 0.005263157894736842, "6": 0.0, "7": 0.004, "8": 0.0, "9": 0.008130081300813009, "10": 0.0, "11": 0.0, "12": 0.0, "13": 0.02142857142857143, "14": 0.03424657534246575, "15": 0.02054794520547945, "16": 0.12234042553191489, "17": 0.1780821917808219, "18": 0.00684931506849315, "19": 0.005235602094240838, "20": 0.0, "21": 0.005714285714285714, "22": 0.0, "23": 0.016129032258064516, "24": 0.020833333333333332, "25": 0.010526315789473684, "26": 0.0, "27": 0.041666666666666664, "28": 0.010416666666666666, "29": 0.01020408163265306, "30": 0.06944444444444445},
  "recall": 0.022263739685505216,
  "scene_recalls": {"1": 0.015228426395939087, "2": 0.0, "3": 0.008733624454148471, "4": 0.010256410256410256, "5": 0.028688524590163935, "6": 0.0, "7": 0.028350515463917526, "8": 0.01020408163265306, "9": 0.03102189781021898, "10": 0.013888888888888888, "11": 0.0, "12": 0.01718213058419244, "13": 0.002770083102493075, "14": 0.0029850746268656717, "15": 0.031141868512110725, "16": 0.05426356589147287, "17": 0.012269938650306749, "18": 0.01384083044982699, "19": 0.07294117647058823, "20": 0.023715415019762844},
  "targets_count": 6423,
  "tp_count": 143
}