{
  "gt_count": 6900,
  "mean_obj_recall": 0.009499684141936946,
  "mean_scene_recall": 0.006674118421942191,
  "obj_recalls": {"1": 0.004037685060565276, "2": 0.009070294784580499, "3": 0.0078125, "4": 0.006734006734006734, "5": 0.0, "6": 0.0, "7": 0.0, "8": 0.0, "9": 0.0, "10": 0.0, "11": 0.0, "12": 0.0, "13": 0.007142857142857143, "14": 0.00684931506849315, "15": 0.00684931506849315, "16": 0.06914893617021277, "17": 0.11643835616438356, "18": 0.0, "19": 0.0, "20": 0.0, "21": 0.0, "22": 0.0, "23": 0.004032258064516129, "24": 0.005208333333333333, "25": 0.0, "26": 0.0, "27": 0.0, "28": 0.0, "29": 0.0, "30": 0.041666666666666664},
  "recall": 0.00856297680211739,
  "scene_recalls": {"1": 0.01015228426395939, "2": 0.0, "3": 0.0, "4": 0.0, "5": 0.0, "6": 0.0, "7": 0.010309278350515464, "8": 0.0, "9": 0.012773722627737226, "10": 0.003472222222222222, "11": 0.0, "12": 0.0, "13": 0.0, "14": 0.0029850746268656717, "15": 0.010380622837370242, "16": 0.020671834625323, "17": 0.003067484662576687, "18": 0.0, "19": 0.05176470588235294, "20": 0.007905138339920948},
  "targets_count": 6423,
  "tp_count": 55
}