{
  "gt_count": 6900,
  "mean_obj_recall": 0.017076226217193187,
  "mean_scene_recall": 0.01310875698841949,
  "obj_recalls": {"1": 0.009421265141318977, "2": 0.015873015873015872, "3": 0.018229166666666668, "4": 0.013468013468013467, "5": 0.005263157894736842, "6": 0.0, "7": 0.0, "8": 0.0, "9": 0.0040650406504065045, "10": 0.0, "11": 0.0, "12": 0.0, "13": 0.014285714285714285, "14": 0.0273972602739726, "15": 0.0136986301369863, "16": 0.09042553191489362, "17": 0.15753424657534246, "18": 0.0, "19": 0.005235602094240838, "20": 0.0, "21": 0.005714285714285714, "22": 0.0, "23": 0.012096774193548387, "24": 0.005208333333333333, "25": 0.0, "26": 0.0, "27": 0.041666666666666664, "28": 0.0, "29": 0.01020408163265306, "30": 0.0625},
  "recall": 0.015413358243811303,
  "scene_recalls": {"1": 0.015228426395939087, "2": 0.0, "3": 0.004366812227074236, "4": 0.0, "5": 0.02459016393442623, "6": 0.0, "7": 0.01804123711340206, "8": 0.006802721088435374, "9": 0.01824817518248175, "10": 0.006944444444444444, "11": 0.0, "12": 0.006872852233676976, "13": 0.002770083102493075, "14": 0.0029850746268656717, "15": 0.02422145328719723, "16": 0.041343669250646, "17": 0.006134969325153374, "18": 0.006920415224913495, "19": 0.06352941176470588, "20": 0.013175230566534914},
  "targets_count": 6423,
  "tp_count": 99
}