{
  "gt_count": 6900,
  "mean_obj_recall": 0.08207611856141736,
  "mean_scene_recall": 0.07560572509148607,
  "obj_recalls": {"1": 0.07133243606998654, "2": 0.10430839002267574, "3": 0.140625, "4": 0.0707070707070707, "5": 0.042105263157894736, "6": 0.030612244897959183, "7": 0.04, "8": 0.07333333333333333, "9": 0.07317073170731707, "10": 0.03496503496503497, "11": 0.04, "12": 0.050359712230215826, "13": 0.05714285714285714, "14": 0.0684931506849315, "15": 0.0684931506849315, "16": 0.18617021276595744, "17": 0.273972602739726, "18": 0.0821917808219178, "19": 0.06282722513089005, "20": 0.0375, "21": 0.04, "22": 0.02127659574468085, "23": 0.11290322580645161, "24": 0.06770833333333333, "25": 0.10526315789473684, "26": 0.06060606060606061, "27": 0.15625, "28": 0.0625, "29": 0.08163265306122448, "30": 0.14583333333333334},
  "recall": 0.08158181535108205,
  "scene_recalls": {"1": 0.08121827411167512, "2": 0.027210884353741496, "3": 0.08733624454148471, "4": 0.05128205128205128, "5": 0.0942622950819672, "6": 0.042735042735042736, "7": 0.09278350515463918, "8": 0.05442176870748299, "9": 0.10036496350364964, "10": 0.06944444444444445, "11": 0.04568527918781726, "12": 0.07903780068728522, "13": 0.055401662049861494, "14": 0.0626865671641791, "15": 0.10726643598615918, "16": 0.10594315245478036, "17": 0.07975460122699386, "18": 0.04498269896193772, "19": 0.13411764705882354, "20": 0.09617918313570488},
  "targets_count": 6423,
  "tp_count": 524
}