{
  "AP": 0.12390281188016426,
  "AP50": 0.1717272847855483,
  "AP75": 0.14726074614836648,
  "AP_large": 0.0892190903073097,
  "AP_medium": 0.1937121896299841,
  "AP_small": 0.0,
  "AR1": 0.5672142857142858,
  "AR10": 0.6010357142857143,
  "AR100": 0.6010357142857143,
  "AR_large": 0.6099605156748014,
  "AR_medium": 0.6114938816738575,
  "AR_small": 0.0,
  "average_time_per_image": 0.2
}