{
  "gt_count": 6900,
  "mean_obj_recall": 0.22556064291999736,
  "mean_scene_recall": 0.21715898160698952,
  "obj_recalls": {"1": 0.11709286675639301, "2": 0.2290249433106576, "3": 0.2760416666666667, "4": 0.18855218855218855, "5": 0.0, "6": 0.23469387755102042, "7": 0.208, "8": 0.48, "9": 0.5894308943089431, "10": 0.46153846153846156, "11": 0.18285714285714286, "12": 0.23741007194244604, "13": 0.14285714285714285, "14": 0.4246575342465753, "15": 0.0958904109589041, "16": 0.4095744680851064, "17": 0.678082191780822, "18": 0.13013698630136986, "19": 0.13612565445026178, "20": 0.0375, "21": 0.09142857142857143, "22": 0.13297872340425532, "23": 0.28225806451612906, "24": 0.14583333333333334, "25": 0.10526315789473684, "26": 0.2727272727272727, "27": 0.041666666666666664, "28": 0.15104166666666666, "29": 0.19387755102040816, "30": 0.09027777777777778},
  "recall": 0.2173439202864705,
  "scene_recalls": {"1": 0.08629441624365482, "2": 0.16326530612244897, "3": 0.20087336244541484, "4": 0.2, "5": 0.2581967213114754, "6": 0.20085470085470086, "7": 0.3324742268041237, "8": 0.09183673469387756, "9": 0.1989051094890511, "10": 0.2569444444444444, "11": 0.4517766497461929, "12": 0.3161512027491409, "13": 0.0886426592797784, "14": 0.13432835820895522, "15": 0.14878892733564014, "16": 0.39018087855297157, "17": 0.24539877300613497, "18": 0.18685121107266436, "19": 0.18588235294117647, "20": 0.20553359683794467},
  "targets_count": 6423,
  "tp_count": 1396
}