{
  "gt_count": 6900,
  "mean_obj_recall": 0.006248038723436534,
  "mean_scene_recall": 0.005140494977753228,
  "obj_recalls": {"1": 0.0013458950201884253, "2": 0.006802721088435374, "3": 0.005208333333333333, "4": 0.003367003367003367, "5": 0.0, "6": 0.0, "7": 0.004, "8": 0.013333333333333334, "9": 0.028455284552845527, "10": 0.0, "11": 0.0, "12": 0.0, "13": 0.0, "14": 0.02054794520547945, "15": 0.0, "16": 0.047872340425531915, "17": 0.0410958904109589, "18": 0.0, "19": 0.0, "20": 0.0, "21": 0.0, "22": 0.0, "23": 0.0, "24": 0.0, "25": 0.0, "26": 0.0, "27": 0.0, "28": 0.005208333333333333, "29": 0.01020408163265306, "30": 0.0},
  "recall": 0.005916238517826561,
  "scene_recalls": {"1": 0.0, "2": 0.0, "3": 0.004366812227074236, "4": 0.0, "5": 0.004098360655737705, "6": 0.0, "7": 0.020618556701030927, "8": 0.0, "9": 0.0036496350364963502, "10": 0.0, "11": 0.01015228426395939, "12": 0.003436426116838488, "13": 0.0, "14": 0.0, "15": 0.006920415224913495, "16": 0.01808785529715762, "17": 0.006134969325153374, "18": 0.010380622837370242, "19": 0.007058823529411765, "20": 0.007905138339920948},
  "targets_count": 6423,
  "tp_count": 38
}