{
  "gt_count": 6900,
  "mean_obj_recall": 0.21058504256048055,
  "mean_scene_recall": 0.20068605642484688,
  "obj_recalls": {"1": 0.10228802153432032, "2": 0.2199546485260771, "3": 0.2604166666666667, "4": 0.15656565656565657, "5": 0.0, "6": 0.23469387755102042, "7": 0.18, "8": 0.43333333333333335, "9": 0.5772357723577236, "10": 0.4405594405594406, "11": 0.14857142857142858, "12": 0.17985611510791366, "13": 0.1357142857142857, "14": 0.410958904109589, "15": 0.0958904109589041, "16": 0.4095744680851064, "17": 0.6712328767123288, "18": 0.1232876712328767, "19": 0.10471204188481675, "20": 0.025, "21": 0.06857142857142857, "22": 0.13297872340425532, "23": 0.2661290322580645, "24": 0.13020833333333334, "25": 0.09473684210526316, "26": 0.2727272727272727, "27": 0.041666666666666664, "28": 0.140625, "29": 0.1836734693877551, "30": 0.0763888888888889},
  "recall": 0.20099641911879185,
  "scene_recalls": {"1": 0.08629441624365482, "2": 0.14965986394557823, "3": 0.18340611353711792, "4": 0.18461538461538463, "5": 0.22540983606557377, "6": 0.17094017094017094, "7": 0.31958762886597936, "8": 0.0782312925170068, "9": 0.177007299270073, "10": 0.23958333333333334, "11": 0.43147208121827413, "12": 0.3024054982817869, "13": 0.07202216066481995, "14": 0.11940298507462686, "15": 0.1384083044982699, "16": 0.3695090439276486, "17": 0.22392638036809817, "18": 0.17301038062283736, "19": 0.17647058823529413, "20": 0.19235836627140976},
  "targets_count": 6423,
  "tp_count": 1291
}