{
  "gt_count": 6900,
  "mean_obj_recall": 0.24127703831290515,
  "mean_scene_recall": 0.2323037682658578,
  "obj_recalls": {"1": 0.12516823687752354, "2": 0.2471655328798186, "3": 0.2838541666666667, "4": 0.19696969696969696, "5": 0.0, "6": 0.24489795918367346, "7": 0.248, "8": 0.5, "9": 0.6056910569105691, "10": 0.46853146853146854, "11": 0.22285714285714286, "12": 0.2805755395683453, "13": 0.16428571428571428, "14": 0.4315068493150685, "15": 0.0958904109589041, "16": 0.42021276595744683, "17": 0.6986301369863014, "18": 0.14383561643835616, "19": 0.14659685863874344, "20": 0.05, "21": 0.09714285714285714, "22": 0.14893617021276595, "23": 0.3185483870967742, "24": 0.16666666666666666, "25": 0.11578947368421053, "26": 0.2828282828282828, "27": 0.052083333333333336, "28": 0.15625, "29": 0.21428571428571427, "30": 0.1111111111111111},
  "recall": 0.23229020706834813,
  "scene_recalls": {"1": 0.1065989847715736, "2": 0.17006802721088435, "3": 0.22270742358078602, "4": 0.2153846153846154, "5": 0.26639344262295084, "6": 0.23931623931623933, "7": 0.34536082474226804, "8": 0.09523809523809523, "9": 0.21532846715328466, "10": 0.2673611111111111, "11": 0.4619289340101523, "12": 0.3230240549828179, "13": 0.10526315789473684, "14": 0.16716417910447762, "15": 0.15570934256055363, "16": 0.4134366925064599, "17": 0.26380368098159507, "18": 0.1972318339100346, "19": 0.2, "20": 0.2147562582345191},
  "targets_count": 6423,
  "tp_count": 1492
}