{
  "gt_count": 6900,
  "mean_obj_recall": 0.06170052339127127,
  "mean_scene_recall": 0.05582516669468107,
  "obj_recalls": {"1": 0.012113055181695828, "2": 0.05215419501133787, "3": 0.0703125, "4": 0.02356902356902357, "5": 0.0, "6": 0.07142857142857142, "7": 0.02, "8": 0.15333333333333332, "9": 0.33739837398373984, "10": 0.006993006993006993, "11": 0.0, "12": 0.0, "13": 0.007142857142857143, "14": 0.1780821917808219, "15": 0.02054794520547945, "16": 0.20212765957446807, "17": 0.4041095890410959, "18": 0.0, "19": 0.015706806282722512, "20": 0.004166666666666667, "21": 0.0, "22": 0.015957446808510637, "23": 0.056451612903225805, "24": 0.015625, "25": 0.0, "26": 0.050505050505050504, "27": 0.0, "28": 0.03125, "29": 0.10204081632653061, "30": 0.0},
  "recall": 0.056671337381286005,
  "scene_recalls": {"1": 0.005076142131979695, "2": 0.047619047619047616, "3": 0.043668122270742356, "4": 0.035897435897435895, "5": 0.03278688524590164, "6": 0.004273504273504274, "7": 0.12628865979381443, "8": 0.003401360544217687, "9": 0.04744525547445255, "10": 0.04861111111111111, "11": 0.16751269035532995, "12": 0.0859106529209622, "13": 0.002770083102493075, "14": 0.023880597014925373, "15": 0.04844290657439446, "16": 0.13178294573643412, "17": 0.06748466257668712, "18": 0.07958477508650519, "19": 0.07058823529411765, "20": 0.043478260869565216},
  "targets_count": 6423,
  "tp_count": 364
}