{
  "gt_count": 6900,
  "mean_obj_recall": 0.18461549194301,
  "mean_scene_recall": 0.17426666374613076,
  "obj_recalls": {"1": 0.07940780619111709, "2": 0.1927437641723356, "3": 0.23697916666666666, "4": 0.12121212121212122, "5": 0.0, "6": 0.22448979591836735, "7": 0.16, "8": 0.41333333333333333, "9": 0.5447154471544715, "10": 0.3916083916083916, "11": 0.08571428571428572, "12": 0.11510791366906475, "13": 0.10714285714285714, "14": 0.4041095890410959, "15": 0.0821917808219178, "16": 0.40425531914893614, "17": 0.6643835616438356, "18": 0.08904109589041095, "19": 0.07329842931937172, "20": 0.020833333333333332, "21": 0.03428571428571429, "22": 0.09574468085106383, "23": 0.20967741935483872, "24": 0.11979166666666667, "25": 0.07368421052631578, "26": 0.24242424242424243, "27": 0.020833333333333332, "28": 0.109375, "29": 0.17346938775510204, "30": 0.04861111111111111},
  "recall": 0.17437334578857233,
  "scene_recalls": {"1": 0.06091370558375635, "2": 0.14965986394557823, "3": 0.14410480349344978, "4": 0.1641025641025641, "5": 0.1885245901639344, "6": 0.12393162393162394, "7": 0.29896907216494845, "8": 0.05442176870748299, "9": 0.15875912408759124, "10": 0.1875, "11": 0.41624365482233505, "12": 0.2611683848797251, "13": 0.055401662049861494, "14": 0.09253731343283582, "15": 0.11764705882352941, "16": 0.3333333333333333, "17": 0.19938650306748465, "18": 0.1522491349480969, "19": 0.16705882352941176, "20": 0.15942028985507245},
  "targets_count": 6423,
  "tp_count": 1120
}