{
  "gt_count": 6900,
  "mean_obj_recall": 0.15543195169391966,
  "mean_scene_recall": 0.1464351189374304,
  "obj_recalls": {"1": 0.06056527590847914, "2": 0.17687074829931973, "3": 0.2109375, "4": 0.09764309764309764, "5": 0.0, "6": 0.1836734693877551, "7": 0.128, "8": 0.38, "9": 0.516260162601626, "10": 0.23776223776223776, "11": 0.022857142857142857, "12": 0.06474820143884892, "13": 0.09285714285714286, "14": 0.363013698630137, "15": 0.0821917808219178, "16": 0.3882978723404255, "17": 0.636986301369863, "18": 0.06164383561643835, "19": 0.05759162303664921, "20": 0.020833333333333332, "21": 0.011428571428571429, "22": 0.07446808510638298, "23": 0.14919354838709678, "24": 0.09375, "25": 0.042105263157894736, "26": 0.21212121212121213, "27": 0.020833333333333332, "28": 0.08854166666666667, "29": 0.15306122448979592, "30": 0.034722222222222224},
  "recall": 0.14743889148373035,
  "scene_recalls": {"1": 0.03553299492385787, "2": 0.1360544217687075, "3": 0.11790393013100436, "4": 0.14871794871794872, "5": 0.11475409836065574, "6": 0.07264957264957266, "7": 0.27835051546391754, "8": 0.030612244897959183, "9": 0.14051094890510948, "10": 0.1701388888888889, "11": 0.37055837563451777, "12": 0.24054982817869416, "13": 0.04155124653739612, "14": 0.050746268656716415, "15": 0.10034602076124567, "16": 0.27906976744186046, "17": 0.17484662576687116, "18": 0.14186851211072665, "19": 0.14823529411764705, "20": 0.13570487483530963},
  "targets_count": 6423,
  "tp_count": 947
}