{
  "gt_count": 6900,
  "mean_obj_recall": 0.265874986466084,
  "mean_scene_recall": 0.2566234755080534,
  "obj_recalls": {"1": 0.1426648721399731, "2": 0.2675736961451247, "3": 0.2994791666666667, "4": 0.2138047138047138, "5": 0.0, "6": 0.25510204081632654, "7": 0.292, "8": 0.54, "9": 0.6260162601626016, "10": 0.5104895104895105, "11": 0.26857142857142857, "12": 0.31654676258992803, "13": 0.17142857142857143, "14": 0.4520547945205479, "15": 0.11643835616438356, "16": 0.425531914893617, "17": 0.7397260273972602, "18": 0.17123287671232876, "19": 0.18324607329842932, "20": 0.075, "21": 0.10285714285714286, "22": 0.19680851063829788, "23": 0.36693548387096775, "24": 0.18229166666666666, "25": 0.11578947368421053, "26": 0.3434343434343434, "27": 0.07291666666666667, "28": 0.171875, "29": 0.22448979591836735, "30": 0.13194444444444445},
  "recall": 0.25579947065234315,
  "scene_recalls": {"1": 0.116751269035533, "2": 0.19727891156462585, "3": 0.25327510917030566, "4": 0.2564102564102564, "5": 0.2827868852459016, "6": 0.27350427350427353, "7": 0.3556701030927835, "8": 0.11904761904761904, "9": 0.22992700729927007, "10": 0.2986111111111111, "11": 0.48223350253807107, "12": 0.3402061855670103, "13": 0.12742382271468145, "14": 0.21194029850746268, "15": 0.17647058823529413, "16": 0.4444444444444444, "17": 0.2822085889570552, "18": 0.22491349480968859, "19": 0.2235294117647059, "20": 0.23583662714097497},
  "targets_count": 6423,
  "tp_count": 1643
}