{
  "gt_count": 6900,
  "mean_obj_recall": 0.11690537820135022,
  "mean_scene_recall": 0.10649515472232221,
  "obj_recalls": {"1": 0.03633916554508748, "2": 0.13151927437641722, "3": 0.14322916666666666, "4": 0.05555555555555555, "5": 0.0, "6": 0.14285714285714285, "7": 0.064, "8": 0.2733333333333333, "9": 0.4634146341463415, "10": 0.08391608391608392, "11": 0.0, "12": 0.014388489208633094, "13": 0.07857142857142857, "14": 0.3424657534246575, "15": 0.06164383561643835, "16": 0.34574468085106386, "17": 0.589041095890411, "18": 0.0136986301369863, "19": 0.03664921465968586, "20": 0.020833333333333332, "21": 0.005714285714285714, "22": 0.0425531914893617, "23": 0.11290322580645161, "24": 0.046875, "25": 0.021052631578947368, "26": 0.16161616161616163, "27": 0.010416666666666666, "28": 0.052083333333333336, "29": 0.14285714285714285, "30": 0.013888888888888888},
  "recall": 0.10867196014323525,
  "scene_recalls": {"1": 0.01015228426395939, "2": 0.09523809523809523, "3": 0.07860262008733625, "4": 0.10256410256410256, "5": 0.06967213114754098, "6": 0.017094017094017096, "7": 0.23711340206185566, "8": 0.02040816326530612, "9": 0.10401459854014598, "10": 0.10069444444444445, "11": 0.27411167512690354, "12": 0.18213058419243985, "13": 0.027700831024930747, "14": 0.04477611940298507, "15": 0.07958477508650519, "16": 0.22997416020671835, "17": 0.11042944785276074, "18": 0.1245674740484429, "19": 0.13411764705882354, "20": 0.08695652173913043},
  "targets_count": 6423,
  "tp_count": 698
}