{
  "gt_count": 6900,
  "mean_obj_recall": 0.2536023011496683,
  "mean_scene_recall": 0.2444552069893918,
  "obj_recalls": {"1": 0.13458950201884254, "2": 0.2653061224489796, "3": 0.2916666666666667, "4": 0.2053872053872054, "5": 0.0, "6": 0.25510204081632654, "7": 0.268, "8": 0.52, "9": 0.6138211382113821, "10": 0.4825174825174825, "11": 0.24571428571428572, "12": 0.302158273381295, "13": 0.16428571428571428, "14": 0.4452054794520548, "15": 0.10273972602739725, "16": 0.42021276595744683, "17": 0.7191780821917808, "18": 0.1643835616438356, "19": 0.15706806282722513, "20": 0.05416666666666667, "21": 0.10285714285714286, "22": 0.17553191489361702, "23": 0.3467741935483871, "24": 0.18229166666666666, "25": 0.11578947368421053, "26": 0.29292929292929293, "27": 0.07291666666666667, "28": 0.171875, "29": 0.22448979591836735, "30": 0.1111111111111111},
  "recall": 0.2444340650786237,
  "scene_recalls": {"1": 0.1116751269035533, "2": 0.19047619047619047, "3": 0.2314410480349345, "4": 0.22564102564102564, "5": 0.2827868852459016, "6": 0.2564102564102564, "7": 0.35309278350515466, "8": 0.1054421768707483, "9": 0.22262773722627738, "10": 0.28125, "11": 0.467005076142132, "12": 0.32646048109965636, "13": 0.11357340720221606, "14": 0.19701492537313434, "15": 0.17301038062283736, "16": 0.4315245478036176, "17": 0.26993865030674846, "18": 0.21107266435986158, "19": 0.20941176470588235, "20": 0.22924901185770752},
  "targets_count": 6423,
  "tp_count": 1570
}