{
  "gt_count": 6900,
  "mean_obj_recall": 0.42272885060888465,
  "mean_scene_recall": 0.4071809123330761,
  "obj_recalls": {"1": 0.20457604306864063, "2": 0.23129251700680273, "3": 0.2760416666666667, "4": 0.1531986531986532, "5": 0.6526315789473685, "6": 0.4387755102040816, "7": 0.672, "8": 0.38, "9": 0.7276422764227642, "10": 0.48951048951048953, "11": 0.28, "12": 0.539568345323741, "13": 0.42857142857142855, "14": 0.2602739726027397, "15": 0.5342465753424658, "16": 0.2712765957446808, "17": 0.8493150684931506, "18": 0.5205479452054794, "19": 0.2879581151832461, "20": 0.25, "21": 0.38285714285714284, "22": 0.31382978723404253, "23": 0.4717741935483871, "24": 0.3072916666666667, "25": 0.16842105263157894, "26": 0.40404040404040403, "27": 0.6666666666666666, "28": 0.4791666666666667, "29": 0.5612244897959183, "30": 0.4791666666666667},
  "recall": 0.3730344075976958,
  "scene_recalls": {"1": 0.350253807106599, "2": 0.6190476190476191, "3": 0.5240174672489083, "4": 0.36923076923076925, "5": 0.47540983606557374, "6": 0.38461538461538464, "7": 0.40463917525773196, "8": 0.35714285714285715, "9": 0.2281021897810219, "10": 0.4791666666666667, "11": 0.6548223350253807, "12": 0.47766323024054985, "13": 0.3185595567867036, "14": 0.28059701492537314, "15": 0.5155709342560554, "16": 0.4263565891472868, "17": 0.3803680981595092, "18": 0.29411764705882354, "19": 0.43529411764705883, "20": 0.1686429512516469},
  "targets_count": 6423,
  "tp_count": 2396
}