{
  "gt_count": 6900,
  "mean_obj_recall": 0.06947296024211008,
  "mean_scene_recall": 0.054377331075787204,
  "obj_recalls": {"1": 0.009421265141318977, "2": 0.009070294784580499, "3": 0.020833333333333332, "4": 0.003367003367003367, "5": 0.09473684210526316, "6": 0.0, "7": 0.064, "8": 0.013333333333333334, "9": 0.04878048780487805, "10": 0.006993006993006993, "11": 0.0, "12": 0.007194244604316547, "13": 0.007142857142857143, "14": 0.0136986301369863, "15": 0.19863013698630136, "16": 0.0425531914893617, "17": 0.4863013698630137, "18": 0.07534246575342465, "19": 0.015706806282722512, "20": 0.016666666666666666, "21": 0.017142857142857144, "22": 0.026595744680851064, "23": 0.04032258064516129, "24": 0.026041666666666668, "25": 0.06315789473684211, "26": 0.050505050505050504, "27": 0.21875, "28": 0.13020833333333334, "29": 0.20408163265306123, "30": 0.1736111111111111},
  "recall": 0.050599408376148215,
  "scene_recalls": {"1": 0.12690355329949238, "2": 0.061224489795918366, "3": 0.039301310043668124, "4": 0.06666666666666667, "5": 0.05737704918032787, "6": 0.0, "7": 0.1056701030927835, "8": 0.030612244897959183, "9": 0.014598540145985401, "10": 0.04861111111111111, "11": 0.050761421319796954, "12": 0.027491408934707903, "13": 0.038781163434903045, "14": 0.011940298507462687, "15": 0.1453287197231834, "16": 0.082687338501292, "17": 0.03680981595092025, "18": 0.01384083044982699, "19": 0.1223529411764706, "20": 0.006587615283267457},
  "targets_count": 6423,
  "tp_count": 325
}