{
  "gt_count": 6900,
  "mean_obj_recall": 0.2090703179861765,
  "mean_scene_recall": 0.19233904358385914,
  "obj_recalls": {"1": 0.06729475100942127, "2": 0.09297052154195011, "3": 0.109375, "4": 0.021885521885521887, "5": 0.4473684210526316, "6": 0.09183673469387756, "7": 0.392, "8": 0.06666666666666667, "9": 0.43089430894308944, "10": 0.13986013986013987, "11": 0.02857142857142857, "12": 0.19424460431654678, "13": 0.1357142857142857, "14": 0.1232876712328767, "15": 0.410958904109589, "16": 0.13829787234042554, "17": 0.7876712328767124, "18": 0.2465753424657534, "19": 0.1099476439790576, "20": 0.07083333333333333, "21": 0.10285714285714286, "22": 0.11702127659574468, "23": 0.11693548387096774, "24": 0.08854166666666667, "25": 0.11578947368421053, "26": 0.20202020202020202, "27": 0.46875, "28": 0.2916666666666667, "29": 0.37755102040816324, "30": 0.2847222222222222},
  "recall": 0.17343920286470496,
  "scene_recalls": {"1": 0.2182741116751269, "2": 0.32653061224489793, "3": 0.20087336244541484, "4": 0.21025641025641026, "5": 0.22950819672131148, "6": 0.0811965811965812, "7": 0.2603092783505155, "8": 0.11904761904761904, "9": 0.06386861313868614, "10": 0.17708333333333334, "11": 0.34517766497461927, "12": 0.23367697594501718, "13": 0.11634349030470914, "14": 0.05970149253731343, "15": 0.31833910034602075, "16": 0.2351421188630491, "17": 0.2147239263803681, "18": 0.12802768166089964, "19": 0.24941176470588236, "20": 0.05928853754940711},
  "targets_count": 6423,
  "tp_count": 1114
}