{
  "gt_count": 6900,
  "mean_obj_recall": 0.05585033711832245,
  "mean_scene_recall": 0.050184900522413846,
  "obj_recalls": {"1": 0.04172274562584118, "2": 0.07709750566893424, "3": 0.06510416666666667, "4": 0.05218855218855219, "5": 0.05263157894736842, "6": 0.0, "7": 0.02, "8": 0.06666666666666667, "9": 0.06504065040650407, "10": 0.013986013986013986, "11": 0.03428571428571429, "12": 0.014388489208633094, "13": 0.05714285714285714, "14": 0.0684931506849315, "15": 0.0547945205479452, "16": 0.13829787234042554, "17": 0.4041095890410959, "18": 0.02054794520547945, "19": 0.02617801047120419, "20": 0.004166666666666667, "21": 0.005714285714285714, "22": 0.005319148936170213, "23": 0.020161290322580645, "24": 0.052083333333333336, "25": 0.010526315789473684, "26": 0.050505050505050504, "27": 0.052083333333333336, "28": 0.057291666666666664, "29": 0.04081632653061224, "30": 0.10416666666666667},
  "recall": 0.05449167055892885,
  "scene_recalls": {"1": 0.050761421319796954, "2": 0.006802721088435374, "3": 0.056768558951965066, "4": 0.05128205128205128, "5": 0.04918032786885246, "6": 0.01282051282051282, "7": 0.11082474226804123, "8": 0.006802721088435374, "9": 0.043795620437956206, "10": 0.041666666666666664, "11": 0.05583756345177665, "12": 0.07903780068728522, "13": 0.030470914127423823, "14": 0.008955223880597015, "15": 0.05190311418685121, "16": 0.12661498708010335, "17": 0.04294478527607362, "18": 0.02768166089965398, "19": 0.08235294117647059, "20": 0.06719367588932806},
  "targets_count": 6423,
  "tp_count": 350
}