{
  "gt_count": 6900,
  "mean_obj_recall": 0.021123988283985373,
  "mean_scene_recall": 0.01519848581832194,
  "obj_recalls": {"1": 0.005383580080753701, "2": 0.015873015873015872, "3": 0.020833333333333332, "4": 0.006734006734006734, "5": 0.015789473684210527, "6": 0.0, "7": 0.0, "8": 0.006666666666666667, "9": 0.008130081300813009, "10": 0.0, "11": 0.0, "12": 0.0, "13": 0.02857142857142857, "14": 0.0273972602739726, "15": 0.0273972602739726, "16": 0.07446808510638298, "17": 0.3287671232876712, "18": 0.0, "19": 0.0, "20": 0.0, "21": 0.0, "22": 0.0, "23": 0.0, "24": 0.026041666666666668, "25": 0.0, "26": 0.0, "27": 0.0, "28": 0.0, "29": 0.0, "30": 0.041666666666666664},
  "recall": 0.017748715553479684,
  "scene_recalls": {"1": 0.015228426395939087, "2": 0.0, "3": 0.004366812227074236, "4": 0.010256410256410256, "5": 0.004098360655737705, "6": 0.0, "7": 0.061855670103092786, "8": 0.0, "9": 0.012773722627737226, "10": 0.013888888888888888, "11": 0.015228426395939087, "12": 0.010309278350515464, "13": 0.0, "14": 0.0029850746268656717, "15": 0.0034602076124567475, "16": 0.08785529715762273, "17": 0.006134969325153374, "18": 0.0, "19": 0.042352941176470586, "20": 0.013175230566534914},
  "targets_count": 6423,
  "tp_count": 114
}