{
  "gt_count": 6900,
  "mean_obj_recall": 0.4317597386432317,
  "mean_scene_recall": 0.4162531858658852,
  "obj_recalls": {"1": 0.20592193808882908, "2": 0.24036281179138322, "3": 0.2838541666666667, "4": 0.15993265993265993, "5": 0.6631578947368421, "6": 0.4489795918367347, "7": 0.684, "8": 0.3933333333333333, "9": 0.7357723577235772, "10": 0.5104895104895105, "11": 0.2857142857142857, "12": 0.5467625899280576, "13": 0.42857142857142855, "14": 0.273972602739726, "15": 0.541095890410959, "16": 0.2765957446808511, "17": 0.8493150684931506, "18": 0.5273972602739726, "19": 0.2879581151832461, "20": 0.25833333333333336, "21": 0.3942857142857143, "22": 0.3191489361702128, "23": 0.4798387096774194, "24": 0.3229166666666667, "25": 0.18947368421052632, "26": 0.40404040404040403, "27": 0.6770833333333334, "28": 0.5, "29": 0.5714285714285714, "30": 0.4930555555555556},
  "recall": 0.3811303129378795,
  "scene_recalls": {"1": 0.36548223350253806, "2": 0.6258503401360545, "3": 0.537117903930131, "4": 0.37435897435897436, "5": 0.48360655737704916, "6": 0.3974358974358974, "7": 0.41494845360824745, "8": 0.36054421768707484, "9": 0.22992700729927007, "10": 0.4895833333333333, "11": 0.6649746192893401, "12": 0.4948453608247423, "13": 0.33518005540166207, "14": 0.29253731343283584, "15": 0.5259515570934256, "16": 0.4289405684754522, "17": 0.3834355828220859, "18": 0.31141868512110726, "19": 0.4376470588235294, "20": 0.1712779973649539},
  "targets_count": 6423,
  "tp_count": 2448
}