{
  "gt_count": 6900,
  "mean_obj_recall": 0.35046400168498576,
  "mean_scene_recall": 0.33483262833391314,
  "obj_recalls": {"1": 0.15343203230148048, "2": 0.17913832199546487, "3": 0.22135416666666666, "4": 0.10774410774410774, "5": 0.5894736842105263, "6": 0.2857142857142857, "7": 0.6, "8": 0.2, "9": 0.6910569105691057, "10": 0.43356643356643354, "11": 0.17142857142857143, "12": 0.4676258992805755, "13": 0.32857142857142857, "14": 0.22602739726027396, "15": 0.4794520547945205, "16": 0.22872340425531915, "17": 0.8287671232876712, "18": 0.4315068493150685, "19": 0.21465968586387435, "20": 0.175, "21": 0.24, "22": 0.22340425531914893, "23": 0.3629032258064516, "24": 0.234375, "25": 0.16842105263157894, "26": 0.32323232323232326, "27": 0.6145833333333334, "28": 0.4166666666666667, "29": 0.47959183673469385, "30": 0.4375},
  "recall": 0.30577611707924646,
  "scene_recalls": {"1": 0.30456852791878175, "2": 0.5034013605442177, "3": 0.4104803493449782, "4": 0.30256410256410254, "5": 0.4262295081967213, "6": 0.2692307692307692, "7": 0.3711340206185567, "8": 0.25510204081632654, "9": 0.16605839416058393, "10": 0.3715277777777778, "11": 0.5634517766497462, "12": 0.422680412371134, "13": 0.23822714681440443, "14": 0.19402985074626866, "15": 0.4532871972318339, "16": 0.3695090439276486, "17": 0.32515337423312884, "18": 0.2491349480968858, "19": 0.37176470588235294, "20": 0.12911725955204217},
  "targets_count": 6423,
  "tp_count": 1964
}