{
  "gt_count": 6900,
  "mean_obj_recall": 0.06697724035168884,
  "mean_scene_recall": 0.061741074387790564,
  "obj_recalls": {"1": 0.05383580080753701, "2": 0.09523809523809523, "3": 0.09375, "4": 0.06565656565656566, "5": 0.05263157894736842, "6": 0.0, "7": 0.024, "8": 0.10666666666666667, "9": 0.07317073170731707, "10": 0.02097902097902098, "11": 0.045714285714285714, "12": 0.03597122302158273, "13": 0.05714285714285714, "14": 0.07534246575342465, "15": 0.06164383561643835, "16": 0.15425531914893617, "17": 0.4178082191780822, "18": 0.0273972602739726, "19": 0.05235602094240838, "20": 0.020833333333333332, "21": 0.017142857142857144, "22": 0.005319148936170213, "23": 0.028225806451612902, "24": 0.0625, "25": 0.010526315789473684, "26": 0.06060606060606061, "27": 0.052083333333333336, "28": 0.0625, "29": 0.05102040816326531, "30": 0.125},
  "recall": 0.06694690954382687,
  "scene_recalls": {"1": 0.06598984771573604, "2": 0.013605442176870748, "3": 0.09170305676855896, "4": 0.06666666666666667, "5": 0.05737704918032787, "6": 0.01282051282051282, "7": 0.1211340206185567, "8": 0.027210884353741496, "9": 0.07116788321167883, "10": 0.041666666666666664, "11": 0.06598984771573604, "12": 0.0859106529209622, "13": 0.04986149584487535, "14": 0.01791044776119403, "15": 0.05536332179930796, "16": 0.13178294573643412, "17": 0.049079754601226995, "18": 0.031141868512110725, "19": 0.09411764705882353, "20": 0.08432147562582346},
  "targets_count": 6423,
  "tp_count": 430
}