{
  "gt_count": 6900,
  "mean_obj_recall": 0.4113306029413321,
  "mean_scene_recall": 0.3955761827790862,
  "obj_recalls": {"1": 0.19919246298788695, "2": 0.22675736961451248, "3": 0.2682291666666667, "4": 0.14646464646464646, "5": 0.6421052631578947, "6": 0.40816326530612246, "7": 0.652, "8": 0.36666666666666664, "9": 0.7235772357723578, "10": 0.4825174825174825, "11": 0.26857142857142857, "12": 0.5107913669064749, "13": 0.42857142857142855, "14": 0.2602739726027397, "15": 0.5273972602739726, "16": 0.2712765957446808, "17": 0.8493150684931506, "18": 0.5205479452054794, "19": 0.27225130890052357, "20": 0.225, "21": 0.3485714285714286, "22": 0.2872340425531915, "23": 0.45564516129032256, "24": 0.2916666666666667, "25": 0.16842105263157894, "26": 0.3939393939393939, "27": 0.6666666666666666, "28": 0.46875, "29": 0.5510204081632653, "30": 0.4583333333333333},
  "recall": 0.36244745446053245,
  "scene_recalls": {"1": 0.3401015228426396, "2": 0.5986394557823129, "3": 0.5065502183406113, "4": 0.3641025641025641, "5": 0.4672131147540984, "6": 0.358974358974359, "7": 0.39948453608247425, "8": 0.3435374149659864, "9": 0.21897810218978103, "10": 0.4513888888888889, "11": 0.6446700507614214, "12": 0.4742268041237113, "13": 0.296398891966759, "14": 0.25671641791044775, "15": 0.5121107266435986, "16": 0.4263565891472868, "17": 0.36503067484662577, "18": 0.29411764705882354, "19": 0.42823529411764705, "20": 0.16469038208168643},
  "targets_count": 6423,
  "tp_count": 2328
}