{
  "gt_count": 6900,
  "mean_obj_recall": 0.03833459777301614,
  "mean_scene_recall": 0.03189475805971127,
  "obj_recalls": {"1": 0.026917900403768506, "2": 0.05215419501133787, "3": 0.03125, "4": 0.03535353535353535, "5": 0.021052631578947368, "6": 0.0, "7": 0.004, "8": 0.03333333333333333, "9": 0.032520325203252036, "10": 0.0, "11": 0.005714285714285714, "12": 0.007194244604316547, "13": 0.04285714285714286, "14": 0.0547945205479452, "15": 0.04794520547945205, "16": 0.11170212765957446, "17": 0.3767123287671233, "18": 0.0136986301369863, "19": 0.005235602094240838, "20": 0.0, "21": 0.0, "22": 0.0, "23": 0.016129032258064516, "24": 0.041666666666666664, "25": 0.0, "26": 0.010101010101010102, "27": 0.03125, "28": 0.03125, "29": 0.04081632653061224, "30": 0.0763888888888889},
  "recall": 0.03627588354351549,
  "scene_recalls": {"1": 0.030456852791878174, "2": 0.0, "3": 0.021834061135371178, "4": 0.02564102564102564, "5": 0.028688524590163935, "6": 0.0, "7": 0.08505154639175258, "8": 0.003401360544217687, "9": 0.02737226277372263, "10": 0.027777777777777776, "11": 0.025380710659898477, "12": 0.041237113402061855, "13": 0.01662049861495845, "14": 0.005970149253731343, "15": 0.03460207612456748, "16": 0.11369509043927649, "17": 0.024539877300613498, "18": 0.01730103806228374, "19": 0.06352941176470588, "20": 0.04479578392621871},
  "targets_count": 6423,
  "tp_count": 233
}