{
  "gt_count": 6900,
  "mean_obj_recall": 0.2990706248956205,
  "mean_scene_recall": 0.2845023982380624,
  "obj_recalls": {"1": 0.11978465679676985, "2": 0.1473922902494331, "3": 0.171875, "4": 0.06734006734006734, "5": 0.5631578947368421, "6": 0.22448979591836735, "7": 0.54, "8": 0.15333333333333332, "9": 0.6341463414634146, "10": 0.34965034965034963, "11": 0.05714285714285714, "12": 0.35251798561151076, "13": 0.2571428571428571, "14": 0.19863013698630136, "15": 0.4657534246575342, "16": 0.20212765957446807, "17": 0.815068493150685, "18": 0.3767123287671233, "19": 0.18324607329842932, "20": 0.11666666666666667, "21": 0.2, "22": 0.18085106382978725, "23": 0.27419354838709675, "24": 0.171875, "25": 0.15789473684210525, "26": 0.2828282828282828, "27": 0.5416666666666666, "28": 0.3802083333333333, "29": 0.41836734693877553, "30": 0.3680555555555556},
  "recall": 0.2572006850381442,
  "scene_recalls": {"1": 0.28426395939086296, "2": 0.46258503401360546, "3": 0.3406113537117904, "4": 0.26666666666666666, "5": 0.3483606557377049, "6": 0.17094017094017094, "7": 0.32989690721649484, "8": 0.22789115646258504, "9": 0.11861313868613138, "10": 0.2951388888888889, "11": 0.5279187817258884, "12": 0.3642611683848797, "13": 0.18559556786703602, "14": 0.13432835820895522, "15": 0.3944636678200692, "16": 0.3178294573643411, "17": 0.29141104294478526, "18": 0.2041522491349481, "19": 0.32235294117647056, "20": 0.10276679841897234},
  "targets_count": 6423,
  "tp_count": 1652
}