{
  "gt_count": 6900,
  "mean_obj_recall": 0.01425249633056574,
  "mean_scene_recall": 0.010262384860628571,
  "obj_recalls": {"1": 0.0026917900403768506, "2": 0.011337868480725623, "3": 0.013020833333333334, "4": 0.006734006734006734, "5": 0.005263157894736842, "6": 0.0, "7": 0.0, "8": 0.006666666666666667, "9": 0.008130081300813009, "10": 0.0, "11": 0.0, "12": 0.0, "13": 0.007142857142857143, "14": 0.0136986301369863, "15": 0.02054794520547945, "16": 0.0425531914893617, "17": 0.2602739726027397, "18": 0.0, "19": 0.0, "20": 0.0, "21": 0.0, "22": 0.0, "23": 0.0, "24": 0.015625, "25": 0.0, "26": 0.0, "27": 0.0, "28": 0.0, "29": 0.0, "30": 0.013888888888888888},
  "recall": 0.011988167522964346,
  "scene_recalls": {"1": 0.01015228426395939, "2": 0.0, "3": 0.0, "4": 0.005128205128205128, "5": 0.004098360655737705, "6": 0.0, "7": 0.04639175257731959, "8": 0.0, "9": 0.009124087591240875, "10": 0.010416666666666666, "11": 0.015228426395939087, "12": 0.006872852233676976, "13": 0.0, "14": 0.0, "15": 0.0, "16": 0.06201550387596899, "17": 0.003067484662576687, "18": 0.0, "19": 0.023529411764705882, "20": 0.00922266139657444},
  "targets_count": 6423,
  "tp_count": 77
}