{
  "gt_count": 6900,
  "mean_obj_recall": 0.031445411786467654,
  "mean_scene_recall": 0.025294708819059254,
  "obj_recalls": {"1": 0.014804845222072678, "2": 0.04308390022675737, "3": 0.028645833333333332, "4": 0.02861952861952862, "5": 0.015789473684210527, "6": 0.0, "7": 0.004, "8": 0.02, "9": 0.016260162601626018, "10": 0.0, "11": 0.0, "12": 0.007194244604316547, "13": 0.03571428571428571, "14": 0.0410958904109589, "15": 0.04794520547945205, "16": 0.10106382978723404, "17": 0.3698630136986301, "18": 0.0136986301369863, "19": 0.005235602094240838, "20": 0.0, "21": 0.0, "22": 0.0, "23": 0.012096774193548387, "24": 0.036458333333333336, "25": 0.0, "26": 0.0, "27": 0.010416666666666666, "28": 0.005208333333333333, "29": 0.030612244897959183, "30": 0.05555555555555555},
  "recall": 0.02911412112719913,
  "scene_recalls": {"1": 0.02030456852791878, "2": 0.0, "3": 0.013100436681222707, "4": 0.015384615384615385, "5": 0.01639344262295082, "6": 0.0, "7": 0.07989690721649484, "8": 0.003401360544217687, "9": 0.02737226277372263, "10": 0.024305555555555556, "11": 0.02030456852791878, "12": 0.037800687285223365, "13": 0.0, "14": 0.005970149253731343, "15": 0.020761245674740483, "16": 0.10594315245478036, "17": 0.012269938650306749, "18": 0.01384083044982699, "19": 0.0611764705882353, "20": 0.02766798418972332},
  "targets_count": 6423,
  "tp_count": 187
}