{
  "gt_count": 6900,
  "mean_obj_recall": 0.008288484047889027,
  "mean_scene_recall": 0.005138870890695297,
  "obj_recalls": {"1": 0.0, "2": 0.0045351473922902496, "3": 0.005208333333333333, "4": 0.0016835016835016834, "5": 0.005263157894736842, "6": 0.0, "7": 0.0, "8": 0.0, "9": 0.0, "10": 0.0, "11": 0.0, "12": 0.0, "13": 0.0, "14": 0.00684931506849315, "15": 0.00684931506849315, "16": 0.02127659574468085, "17": 0.1917808219178082, "18": 0.0, "19": 0.0, "20": 0.0, "21": 0.0, "22": 0.0, "23": 0.0, "24": 0.005208333333333333, "25": 0.0, "26": 0.0, "27": 0.0, "28": 0.0, "29": 0.0, "30": 0.0},
  "recall": 0.006383309979760237,
  "scene_recalls": {"1": 0.0, "2": 0.0, "3": 0.0, "4": 0.0, "5": 0.0, "6": 0.0, "7": 0.028350515463917526, "8": 0.0, "9": 0.0036496350364963502, "10": 0.003472222222222222, "11": 0.005076142131979695, "12": 0.0, "13": 0.0, "14": 0.0, "15": 0.0, "16": 0.046511627906976744, "17": 0.0, "18": 0.0, "19": 0.011764705882352941, "20": 0.003952569169960474},
  "targets_count": 6423,
  "tp_count": 41
}