{
  "gt_count": 6900,
  "mean_obj_recall": 0.04634010463953768,
  "mean_scene_recall": 0.040296345658435484,
  "obj_recalls": {"1": 0.03633916554508748, "2": 0.06575963718820861, "3": 0.044270833333333336, "4": 0.04377104377104377, "5": 0.031578947368421054, "6": 0.0, "7": 0.008, "8": 0.05333333333333334, "9": 0.04065040650406504, "10": 0.013986013986013986, "11": 0.03428571428571429, "12": 0.007194244604316547, "13": 0.04285714285714286, "14": 0.0684931506849315, "15": 0.0547945205479452, "16": 0.12234042553191489, "17": 0.3972602739726027, "18": 0.02054794520547945, "19": 0.005235602094240838, "20": 0.004166666666666667, "21": 0.005714285714285714, "22": 0.005319148936170213, "23": 0.020161290322580645, "24": 0.046875, "25": 0.0, "26": 0.020202020202020204, "27": 0.03125, "28": 0.041666666666666664, "29": 0.04081632653061224, "30": 0.08333333333333333},
  "recall": 0.044994550832944104,
  "scene_recalls": {"1": 0.030456852791878174, "2": 0.0, "3": 0.03056768558951965, "4": 0.035897435897435895, "5": 0.040983606557377046, "6": 0.01282051282051282, "7": 0.0979381443298969, "8": 0.003401360544217687, "9": 0.0364963503649635, "10": 0.03125, "11": 0.04568527918781726, "12": 0.054982817869415807, "13": 0.024930747922437674, "14": 0.008955223880597015, "15": 0.03806228373702422, "16": 0.12661498708010335, "17": 0.03680981595092025, "18": 0.020761245674740483, "19": 0.07529411764705882, "20": 0.05401844532279315},
  "targets_count": 6423,
  "tp_count": 289
}