{
  "gt_count": 6900,
  "mean_obj_recall": 0.37812370591926175,
  "mean_scene_recall": 0.3626318313902371,
  "obj_recalls": {"1": 0.17631224764468373, "2": 0.20408163265306123, "3": 0.23958333333333334, "4": 0.13131313131313133, "5": 0.6105263157894737, "6": 0.35714285714285715, "7": 0.632, "8": 0.25333333333333335, "9": 0.6951219512195121, "10": 0.45454545454545453, "11": 0.22285714285714286, "12": 0.49640287769784175, "13": 0.38571428571428573, "14": 0.2465753424657534, "15": 0.5, "16": 0.24468085106382978, "17": 0.8424657534246576, "18": 0.4726027397260274, "19": 0.23036649214659685, "20": 0.2, "21": 0.26285714285714284, "22": 0.2553191489361702, "23": 0.4112903225806452, "24": 0.265625, "25": 0.16842105263157894, "26": 0.35353535353535354, "27": 0.6354166666666666, "28": 0.4479166666666667, "29": 0.5102040816326531, "30": 0.4375},
  "recall": 0.3320878094348435,
  "scene_recalls": {"1": 0.3147208121827411, "2": 0.564625850340136, "3": 0.44541484716157204, "4": 0.3128205128205128, "5": 0.4344262295081967, "6": 0.3247863247863248, "7": 0.37628865979381443, "8": 0.2789115646258503, "9": 0.19525547445255476, "10": 0.4027777777777778, "11": 0.5939086294416244, "12": 0.44329896907216493, "13": 0.26869806094182824, "14": 0.2298507462686567, "15": 0.4913494809688581, "16": 0.40310077519379844, "17": 0.3588957055214724, "18": 0.2698961937716263, "19": 0.4, "20": 0.14361001317523056},
  "targets_count": 6423,
  "tp_count": 2133
}