{
  "gt_count": 6900,
  "mean_obj_recall": 0.3952451242555931,
  "mean_scene_recall": 0.379536299327023,
  "obj_recalls": {"1": 0.1816958277254374, "2": 0.2108843537414966, "3": 0.24479166666666666, "4": 0.14309764309764308, "5": 0.6263157894736842, "6": 0.37755102040816324, "7": 0.64, "8": 0.32, "9": 0.7195121951219512, "10": 0.4755244755244755, "11": 0.25142857142857145, "12": 0.5107913669064749, "13": 0.40714285714285714, "14": 0.2534246575342466, "15": 0.5205479452054794, "16": 0.26063829787234044, "17": 0.8493150684931506, "18": 0.5, "19": 0.25654450261780104, "20": 0.2125, "21": 0.32, "22": 0.26595744680851063, "23": 0.43951612903225806, "24": 0.2760416666666667, "25": 0.16842105263157894, "26": 0.36363636363636365, "27": 0.6458333333333334, "28": 0.4583333333333333, "29": 0.5204081632653061, "30": 0.4375},
  "recall": 0.3473454771913436,
  "scene_recalls": {"1": 0.3197969543147208, "2": 0.5782312925170068, "3": 0.48034934497816595, "4": 0.3435897435897436, "5": 0.45491803278688525, "6": 0.34615384615384615, "7": 0.38402061855670105, "8": 0.30612244897959184, "9": 0.20802919708029197, "10": 0.4375, "11": 0.6294416243654822, "12": 0.4570446735395189, "13": 0.27977839335180055, "14": 0.24776119402985075, "15": 0.49480968858131485, "16": 0.4160206718346253, "17": 0.3588957055214724, "18": 0.28027681660899656, "19": 0.4164705882352941, "20": 0.15151515151515152},
  "targets_count": 6423,
  "tp_count": 2231
}