{
  "gt_count": 6900,
  "mean_obj_recall": 0.44200628373560785,
  "mean_scene_recall": 0.4265877998696236,
  "obj_recalls": {"1": 0.21534320323014805, "2": 0.24489795918367346, "3": 0.2994791666666667, "4": 0.16666666666666666, "5": 0.6684210526315789, "6": 0.4489795918367347, "7": 0.692, "8": 0.42, "9": 0.7439024390243902, "10": 0.5104895104895105, "11": 0.2914285714285714, "12": 0.5539568345323741, "13": 0.4357142857142857, "14": 0.2876712328767123, "15": 0.541095890410959, "16": 0.2872340425531915, "17": 0.8493150684931506, "18": 0.547945205479452, "19": 0.2931937172774869, "20": 0.2708333333333333, "21": 0.4114285714285714, "22": 0.3351063829787234, "23": 0.4879032258064516, "24": 0.3385416666666667, "25": 0.23157894736842105, "26": 0.40404040404040403, "27": 0.6979166666666666, "28": 0.5104166666666666, "29": 0.5816326530612245, "30": 0.4930555555555556},
  "recall": 0.39078312315117547,
  "scene_recalls": {"1": 0.38578680203045684, "2": 0.6394557823129252, "3": 0.5458515283842795, "4": 0.38461538461538464, "5": 0.4918032786885246, "6": 0.405982905982906, "7": 0.43041237113402064, "8": 0.3707482993197279, "9": 0.23722627737226276, "10": 0.5069444444444444, "11": 0.6751269035532995, "12": 0.5051546391752577, "13": 0.3407202216066482, "14": 0.3044776119402985, "15": 0.5363321799307958, "16": 0.43410852713178294, "17": 0.39263803680981596, "18": 0.3217993079584775, "19": 0.4447058823529412, "20": 0.17786561264822134},
  "targets_count": 6423,
  "tp_count": 2510
}