{
  "gt_count": 6900,
  "mean_obj_recall": 0.02521966321281346,
  "mean_scene_recall": 0.018879339674408992,
  "obj_recalls": {"1": 0.006729475100942127, "2": 0.024943310657596373, "3": 0.028645833333333332, "4": 0.016835016835016835, "5": 0.015789473684210527, "6": 0.0, "7": 0.0, "8": 0.006666666666666667, "9": 0.008130081300813009, "10": 0.0, "11": 0.0, "12": 0.007194244604316547, "13": 0.03571428571428571, "14": 0.03424657534246575, "15": 0.0410958904109589, "16": 0.09574468085106383, "17": 0.3356164383561644, "18": 0.00684931506849315, "19": 0.005235602094240838, "20": 0.0, "21": 0.0, "22": 0.0, "23": 0.004032258064516129, "24": 0.03125, "25": 0.0, "26": 0.0, "27": 0.0, "28": 0.0, "29": 0.01020408163265306, "30": 0.041666666666666664},
  "recall": 0.022263739685505216,
  "scene_recalls": {"1": 0.015228426395939087, "2": 0.0, "3": 0.008733624454148471, "4": 0.010256410256410256, "5": 0.012295081967213115, "6": 0.0, "7": 0.06443298969072164, "8": 0.003401360544217687, "9": 0.01824817518248175, "10": 0.017361111111111112, "11": 0.015228426395939087, "12": 0.020618556701030927, "13": 0.0, "14": 0.0029850746268656717, "15": 0.006920415224913495, "16": 0.09819121447028424, "17": 0.006134969325153374, "18": 0.0, "19": 0.05647058823529412, "20": 0.021080368906455864},
  "targets_count": 6423,
  "tp_count": 143
}