{
  "gt_count": 6900,
  "mean_obj_recall": 0.6330707031666628,
  "mean_scene_recall": 0.6405534651709927,
  "obj_recalls": {"1": 0.4387617765814266, "2": 0.7029478458049887, "3": 0.7317708333333334, "4": 0.6936026936026936, "5": 0.7842105263157895, "6": 0.8571428571428571, "7": 0.804, "8": 0.96, "9": 0.8861788617886179, "10": 0.8531468531468531, "11": 0.5828571428571429, "12": 0.7266187050359713, "13": 0.5428571428571428, "14": 0.7465753424657534, "15": 0.7945205479452054, "16": 0.8085106382978723, "17": 0.9315068493150684, "18": 0.6095890410958904, "19": 0.41361256544502617, "20": 0.5041666666666667, "21": 0.4514285714285714, "22": 0.5159574468085106, "23": 0.7540322580645161, "24": 0.5833333333333334, "25": 0.4421052631578947, "26": 0.6363636363636364, "27": 0.28125, "28": 0.20833333333333334, "29": 0.4897959183673469, "30": 0.2569444444444444},
  "recall": 0.6321033784835747,
  "scene_recalls": {"1": 0.41624365482233505, "2": 0.8435374149659864, "3": 0.8427947598253275, "4": 0.6871794871794872, "5": 0.6024590163934426, "6": 0.6623931623931624, "7": 0.6984536082474226, "8": 0.5544217687074829, "9": 0.6478102189781022, "10": 0.6458333333333334, "11": 0.8730964467005076, "12": 0.8041237113402062, "13": 0.3490304709141274, "14": 0.5432835820895522, "15": 0.41522491349480967, "16": 0.7467700258397932, "17": 0.6840490797546013, "18": 0.532871972318339, "19": 0.6211764705882353, "20": 0.6403162055335968},
  "targets_count": 6423,
  "tp_count": 4060
}