{
  "gt_count": 6900,
  "mean_obj_recall": 0.6080514347841711,
  "mean_scene_recall": 0.6007142894319311,
  "obj_recalls": {"1": 0.5168236877523553, "2": 0.6281179138321995, "3": 0.5755208333333334, "4": 0.6144781144781145, "5": 0.0, "6": 0.6530612244897959, "7": 0.752, "8": 0.94, "9": 0.8577235772357723, "10": 0.8321678321678322, "11": 0.7142857142857143, "12": 0.7050359712230215, "13": 0.6, "14": 0.8561643835616438, "15": 0.5753424657534246, "16": 0.7340425531914894, "17": 0.8972602739726028, "18": 0.6164383561643836, "19": 0.4973821989528796, "20": 0.5208333333333334, "21": 0.36, "22": 0.601063829787234, "23": 0.7701612903225806, "24": 0.4635416666666667, "25": 0.45263157894736844, "26": 0.6363636363636364, "27": 0.40625, "28": 0.4791666666666667, "29": 0.5204081632653061, "30": 0.4652777777777778},
  "recall": 0.6034563288183092,
  "scene_recalls": {"1": 0.4873096446700508, "2": 0.5034013605442177, "3": 0.5982532751091703, "4": 0.6102564102564103, "5": 0.6229508196721312, "6": 0.6965811965811965, "7": 0.7525773195876289, "8": 0.5102040816326531, "9": 0.6058394160583942, "10": 0.6493055555555556, "11": 0.6649746192893401, "12": 0.7044673539518901, "13": 0.45429362880886426, "14": 0.5791044776119403, "15": 0.4809688581314879, "16": 0.7622739018087855, "17": 0.6380368098159509, "18": 0.5605536332179931, "19": 0.5505882352941176, "20": 0.5823451910408433},
  "targets_count": 6423,
  "tp_count": 3876
}