{
  "gt_count": 1517,
  "mean_obj_recall": 0.06534782307527612,
  "mean_scene_recall": 0.0671280276816609,
  "obj_recalls": {"1": 0.022857142857142857, "5": 0.05025125628140704, "6": 0.07602339181286549, "8": 0.05, "9": 0.13333333333333333, "10": 0.03888888888888889, "11": 0.02142857142857143, "12": 0.13},
  "recall": 0.0671280276816609,
  "scene_recalls": {"2": 0.0671280276816609},
  "targets_count": 1445,
  "tp_count": 97
}