{
  "gt_count": 1517,
  "mean_obj_recall": 0.09936017283577453,
  "mean_scene_recall": 0.10242214532871972,
  "obj_recalls": {"1": 0.045714285714285714, "5": 0.20100502512562815, "6": 0.05847953216374269, "8": 0.055, "9": 0.14444444444444443, "10": 0.016666666666666666, "11": 0.07857142857142857, "12": 0.195},
  "recall": 0.10242214532871972,
  "scene_recalls": {"2": 0.10242214532871972},
  "targets_count": 1445,
  "tp_count": 148
}