{
  "gt_count": 1517,
  "mean_obj_recall": 0.19364768180921316,
  "mean_scene_recall": 0.1986159169550173,
  "obj_recalls": {"1": 0.14285714285714285, "5": 0.34673366834170855, "6": 0.1695906432748538, "8": 0.215, "9": 0.2222222222222222, "10": 0.027777777777777776, "11": 0.15, "12": 0.275},
  "recall": 0.1986159169550173,
  "scene_recalls": {"2": 0.1986159169550173},
  "targets_count": 1445,
  "tp_count": 287
}