{
  "gt_count": 1517,
  "mean_obj_recall": 0.016394671771556193,
  "mean_scene_recall": 0.01730103806228374,
  "obj_recalls": {"1": 0.0, "5": 0.02512562814070352, "6": 0.0, "8": 0.0, "9": 0.03888888888888889, "10": 0.0, "11": 0.007142857142857143, "12": 0.06},
  "recall": 0.01730103806228374,
  "scene_recalls": {"2": 0.01730103806228374},
  "targets_count": 1445,
  "tp_count": 25
}