{
  "gt_count": 1517,
  "mean_obj_recall": 0.17334061703672918,
  "mean_scene_recall": 0.17785467128027682,
  "obj_recalls": {"1": 0.12571428571428572, "5": 0.3165829145728643, "6": 0.15204678362573099, "8": 0.17, "9": 0.18888888888888888, "10": 0.027777777777777776, "11": 0.1357142857142857, "12": 0.27},
  "recall": 0.17785467128027682,
  "scene_recalls": {"2": 0.17785467128027682},
  "targets_count": 1445,
  "tp_count": 257
}