{
  "gt_count": 1517,
  "mean_obj_recall": 0.12377703051598846,
  "mean_scene_recall": 0.1273356401384083,
  "obj_recalls": {"1": 0.07428571428571429, "5": 0.2562814070351759, "6": 0.08187134502923976, "8": 0.075, "9": 0.16111111111111112, "10": 0.016666666666666666, "11": 0.1, "12": 0.225},
  "recall": 0.1273356401384083,
  "scene_recalls": {"2": 0.1273356401384083},
  "targets_count": 1445,
  "tp_count": 184
}