{
  "gt_count": 1517,
  "mean_obj_recall": 0.05856522587876727,
  "mean_scene_recall": 0.060207612456747404,
  "obj_recalls": {"1": 0.022857142857142857, "5": 0.04020100502512563, "6": 0.05847953216374269, "8": 0.045, "9": 0.11666666666666667, "10": 0.03888888888888889, "11": 0.02142857142857143, "12": 0.125},
  "recall": 0.060207612456747404,
  "scene_recalls": {"2": 0.060207612456747404},
  "targets_count": 1445,
  "tp_count": 87
}