{
  "gt_count": 1517,
  "mean_obj_recall": 0.04668088248258837,
  "mean_scene_recall": 0.04844290657439446,
  "obj_recalls": {"1": 0.017142857142857144, "5": 0.07537688442211055, "6": 0.005847953216374269, "8": 0.01, "9": 0.07222222222222222, "10": 0.0, "11": 0.04285714285714286, "12": 0.15},
  "recall": 0.04844290657439446,
  "scene_recalls": {"2": 0.04844290657439446},
  "targets_count": 1445,
  "tp_count": 70
}