{
  "gt_count": 1517,
  "mean_obj_recall": 0.0743322869569233,
  "mean_scene_recall": 0.07612456747404844,
  "obj_recalls": {"1": 0.04, "5": 0.06532663316582915, "6": 0.08187134502923976, "8": 0.05, "9": 0.15, "10": 0.03888888888888889, "11": 0.02857142857142857, "12": 0.14},
  "recall": 0.07612456747404844,
  "scene_recalls": {"2": 0.07612456747404844},
  "targets_count": 1445,
  "tp_count": 110
}