{
  "gt_count": 1517,
  "mean_obj_recall": 0.045783769515917096,
  "mean_scene_recall": 0.047058823529411764,
  "obj_recalls": {"1": 0.017142857142857144, "5": 0.02512562814070352, "6": 0.029239766081871343, "8": 0.04, "9": 0.09444444444444444, "10": 0.03888888888888889, "11": 0.02142857142857143, "12": 0.1},
  "recall": 0.047058823529411764,
  "scene_recalls": {"2": 0.047058823529411764},
  "targets_count": 1445,
  "tp_count": 68
}