{
  "gt_count": 1517,
  "mean_obj_recall": 0.1495012998366939,
  "mean_scene_recall": 0.15363321799307958,
  "obj_recalls": {"1": 0.09714285714285714, "5": 0.2964824120603015, "6": 0.1286549707602339, "8": 0.11, "9": 0.17777777777777778, "10": 0.016666666666666666, "11": 0.11428571428571428, "12": 0.255},
  "recall": 0.15363321799307958,
  "scene_recalls": {"2": 0.15363321799307958},
  "targets_count": 1445,
  "tp_count": 222
}