{
  "gt_count": 1517,
  "mean_obj_recall": 0.012162698412698413,
  "mean_scene_recall": 0.01245674740484429,
  "obj_recalls": {"1": 0.005714285714285714, "5": 0.0, "6": 0.0, "8": 0.01, "9": 0.027777777777777776, "10": 0.016666666666666666, "11": 0.007142857142857143, "12": 0.03},
  "recall": 0.01245674740484429,
  "scene_recalls": {"2": 0.01245674740484429},
  "targets_count": 1445,
  "tp_count": 18
}