{
  "gt_count": 1517,
  "mean_obj_recall": 0.05100517993056343,
  "mean_scene_recall": 0.05259515570934256,
  "obj_recalls": {"1": 0.017142857142857144, "5": 0.04020100502512563, "6": 0.04093567251461988, "8": 0.04, "9": 0.09444444444444444, "10": 0.03888888888888889, "11": 0.02142857142857143, "12": 0.115},
  "recall": 0.05259515570934256,
  "scene_recalls": {"2": 0.05259515570934256},
  "targets_count": 1445,
  "tp_count": 76
}