{
  "gt_count": 1517,
  "mean_obj_recall": 0.024285223632783803,
  "mean_scene_recall": 0.02491349480968858,
  "obj_recalls": {"1": 0.005714285714285714, "5": 0.020100502512562814, "6": 0.005847953216374269, "8": 0.02, "9": 0.05555555555555555, "10": 0.027777777777777776, "11": 0.014285714285714285, "12": 0.045},
  "recall": 0.02491349480968858,
  "scene_recalls": {"2": 0.02491349480968858},
  "targets_count": 1445,
  "tp_count": 36
}