{
  "gt_count": 1517,
  "mean_obj_recall": 0.03582657701624245,
  "mean_scene_recall": 0.03667820069204152,
  "obj_recalls": {"1": 0.011428571428571429, "5": 0.020100502512562814, "6": 0.017543859649122806, "8": 0.025, "9": 0.07222222222222222, "10": 0.03888888888888889, "11": 0.02142857142857143, "12": 0.08},
  "recall": 0.03667820069204152,
  "scene_recalls": {"2": 0.03667820069204152},
  "targets_count": 1445,
  "tp_count": 53
}