{
  "gt_count": 1517,
  "mean_obj_recall": 0.07391054846076665,
  "mean_scene_recall": 0.07681660899653979,
  "obj_recalls": {"1": 0.02857142857142857, "5": 0.16080402010050251, "6": 0.017543859649122806, "8": 0.025, "9": 0.1111111111111111, "10": 0.011111111111111112, "11": 0.05714285714285714, "12": 0.18},
  "recall": 0.07681660899653979,
  "scene_recalls": {"2": 0.07681660899653979},
  "targets_count": 1445,
  "tp_count": 111
}