{
  "gt_count": 6900,
  "mean_obj_recall": 0.09782000684942681,
  "mean_scene_recall": 0.09565307559823072,
  "obj_recalls": {"1": 0.02288021534320323, "2": 0.12471655328798185, "3": 0.08854166666666667, "4": 0.06060606060606061, "5": 0.26842105263157895, "6": 0.15306122448979592, "7": 0.092, "8": 0.13333333333333333, "9": 0.3780487804878049, "10": 0.04895104895104895, "11": 0.005714285714285714, "12": 0.07913669064748201, "13": 0.014285714285714285, "14": 0.18493150684931506, "15": 0.0273972602739726, "16": 0.5053191489361702, "17": 0.4246575342465753, "18": 0.0273972602739726, "19": 0.005235602094240838, "20": 0.0, "21": 0.005714285714285714, "22": 0.010638297872340425, "23": 0.07258064516129033, "24": 0.036458333333333336, "25": 0.05263157894736842, "26": 0.050505050505050504, "27": 0.0, "28": 0.010416666666666666, "29": 0.05102040816326531, "30": 0.0},
  "recall": 0.09388136384866885,
  "scene_recalls": {"1": 0.01015228426395939, "2": 0.16326530612244897, "3": 0.1091703056768559, "4": 0.08717948717948718, "5": 0.06557377049180328, "6": 0.04700854700854701, "7": 0.13659793814432988, "8": 0.006802721088435374, "9": 0.07481751824817519, "10": 0.03819444444444445, "11": 0.3096446700507614, "12": 0.15807560137457044, "13": 0.008310249307479225, "14": 0.03880597014925373, "15": 0.031141868512110725, "16": 0.18604651162790697, "17": 0.10736196319018405, "18": 0.0657439446366782, "19": 0.18352941176470589, "20": 0.08563899868247694},
  "targets_count": 6423,
  "tp_count": 603
}