{
  "gt_count": 6900,
  "mean_obj_recall": 0.40304567324562107,
  "mean_scene_recall": 0.4144210004259847,
  "obj_recalls": {"1": 0.19650067294751009, "2": 0.45351473922902497, "3": 0.4869791666666667, "4": 0.37037037037037035, "5": 0.6947368421052632, "6": 0.6224489795918368, "7": 0.62, "8": 0.8, "9": 0.7804878048780488, "10": 0.7132867132867133, "11": 0.28, "12": 0.5251798561151079, "13": 0.25, "14": 0.541095890410959, "15": 0.22602739726027396, "16": 0.6861702127659575, "17": 0.8013698630136986, "18": 0.4246575342465753, "19": 0.21465968586387435, "20": 0.16666666666666666, "21": 0.21714285714285714, "22": 0.22872340425531915, "23": 0.4274193548387097, "24": 0.3177083333333333, "25": 0.21052631578947367, "26": 0.30303030303030304, "27": 0.10416666666666667, "28": 0.11458333333333333, "29": 0.2653061224489796, "30": 0.04861111111111111},
  "recall": 0.3948310758212673,
  "scene_recalls": {"1": 0.18274111675126903, "2": 0.7210884353741497, "3": 0.6593886462882096, "4": 0.4717948717948718, "5": 0.4139344262295082, "6": 0.405982905982906, "7": 0.43556701030927836, "8": 0.25510204081632654, "9": 0.36313868613138683, "10": 0.34375, "11": 0.7614213197969543, "12": 0.5945017182130584, "13": 0.14681440443213298, "14": 0.2835820895522388, "15": 0.1972318339100346, "16": 0.49612403100775193, "17": 0.4754601226993865, "18": 0.31141868512110726, "19": 0.40705882352941175, "20": 0.36231884057971014},
  "targets_count": 6423,
  "tp_count": 2536
}