{
  "gt_count": 6900,
  "mean_obj_recall": 0.3913502495387817,
  "mean_scene_recall": 0.40228631562825756,
  "obj_recalls": {"1": 0.18707940780619112, "2": 0.4444444444444444, "3": 0.4765625, "4": 0.35858585858585856, "5": 0.6894736842105263, "6": 0.6224489795918368, "7": 0.604, "8": 0.7666666666666667, "9": 0.7723577235772358, "10": 0.7062937062937062, "11": 0.26285714285714284, "12": 0.5251798561151079, "13": 0.24285714285714285, "14": 0.5205479452054794, "15": 0.2191780821917808, "16": 0.6808510638297872, "17": 0.8013698630136986, "18": 0.4246575342465753, "19": 0.18848167539267016, "20": 0.13333333333333333, "21": 0.2, "22": 0.2074468085106383, "23": 0.39919354838709675, "24": 0.3072916666666667, "25": 0.21052631578947367, "26": 0.30303030303030304, "27": 0.07291666666666667, "28": 0.09895833333333333, "29": 0.2653061224489796, "30": 0.04861111111111111},
  "recall": 0.3825315273236805,
  "scene_recalls": {"1": 0.18274111675126903, "2": 0.7210884353741497, "3": 0.6462882096069869, "4": 0.4512820512820513, "5": 0.3975409836065574, "6": 0.3888888888888889, "7": 0.42783505154639173, "8": 0.23129251700680273, "9": 0.3521897810218978, "10": 0.3263888888888889, "11": 0.7614213197969543, "12": 0.584192439862543, "13": 0.12742382271468145, "14": 0.2537313432835821, "15": 0.1903114186851211, "16": 0.4909560723514212, "17": 0.4662576687116564, "18": 0.29411764705882354, "19": 0.4, "20": 0.35177865612648224},
  "targets_count": 6423,
  "tp_count": 2457
}