{
  "gt_count": 6900,
  "mean_obj_recall": 0.2707391639951544,
  "mean_scene_recall": 0.27332264645292353,
  "obj_recalls": {"1": 0.07537012113055182, "2": 0.31746031746031744, "3": 0.3359375, "4": 0.2222222222222222, "5": 0.6105263157894737, "6": 0.5306122448979592, "7": 0.4, "8": 0.4866666666666667, "9": 0.6707317073170732, "10": 0.4405594405594406, "11": 0.09714285714285714, "12": 0.3237410071942446, "13": 0.15714285714285714, "14": 0.4520547945205479, "15": 0.13013698630136986, "16": 0.6542553191489362, "17": 0.7191780821917808, "18": 0.2876712328767123, "19": 0.08376963350785341, "20": 0.020833333333333332, "21": 0.08, "22": 0.11170212765957446, "23": 0.17338709677419356, "24": 0.171875, "25": 0.12631578947368421, "26": 0.21212121212121213, "27": 0.010416666666666666, "28": 0.026041666666666668, "29": 0.17346938775510204, "30": 0.020833333333333332},
  "recall": 0.25782344698738907,
  "scene_recalls": {"1": 0.08629441624365482, "2": 0.5578231292517006, "3": 0.4279475982532751, "4": 0.30256410256410254, "5": 0.26229508196721313, "6": 0.2222222222222222, "7": 0.3556701030927835, "8": 0.08163265306122448, "9": 0.22262773722627738, "10": 0.2013888888888889, "11": 0.6700507614213198, "12": 0.422680412371134, "13": 0.04986149584487535, "14": 0.08656716417910448, "15": 0.09688581314878893, "16": 0.3798449612403101, "17": 0.3067484662576687, "18": 0.1903114186851211, "19": 0.3058823529411765, "20": 0.23715415019762845},
  "targets_count": 6423,
  "tp_count": 1656
}