{
  "gt_count": 6900,
  "mean_obj_recall": 0.19912868536769765,
  "mean_scene_recall": 0.20219793917095363,
  "obj_recalls": {"1": 0.04576043068640646, "2": 0.26303854875283444, "3": 0.22395833333333334, "4": 0.13636363636363635, "5": 0.531578947368421, "6": 0.3877551020408163, "7": 0.28, "8": 0.35333333333333333, "9": 0.6016260162601627, "10": 0.2517482517482518, "11": 0.04, "12": 0.2014388489208633, "13": 0.07857142857142857, "14": 0.3767123287671233, "15": 0.07534246575342465, "16": 0.6329787234042553, "17": 0.6027397260273972, "18": 0.18493150684931506, "19": 0.05759162303664921, "20": 0.004166666666666667, "21": 0.04, "22": 0.05851063829787234, "23": 0.11693548387096774, "24": 0.09375, "25": 0.07368421052631578, "26": 0.13131313131313133, "27": 0.010416666666666666, "28": 0.020833333333333332, "29": 0.09183673469387756, "30": 0.006944444444444444},
  "recall": 0.19009808500700606,
  "scene_recalls": {"1": 0.05583756345177665, "2": 0.42857142857142855, "3": 0.31004366812227074, "4": 0.20512820512820512, "5": 0.1721311475409836, "6": 0.1452991452991453, "7": 0.27319587628865977, "8": 0.04081632653061224, "9": 0.145985401459854, "10": 0.1284722222222222, "11": 0.5685279187817259, "12": 0.3402061855670103, "13": 0.019390581717451522, "14": 0.0626865671641791, "15": 0.0657439446366782, "16": 0.29198966408268734, "17": 0.22085889570552147, "18": 0.1384083044982699, "19": 0.2541176470588235, "20": 0.17654808959156784},
  "targets_count": 6423,
  "tp_count": 1221
}