{
  "gt_count": 6900,
  "mean_obj_recall": 0.3427160272835008,
  "mean_scene_recall": 0.35088712377871,
  "obj_recalls": {"1": 0.14535666218034993, "2": 0.4013605442176871, "3": 0.4322916666666667, "4": 0.31313131313131315, "5": 0.6526315789473685, "6": 0.5918367346938775, "7": 0.536, "8": 0.6466666666666666, "9": 0.7276422764227642, "10": 0.6223776223776224, "11": 0.21714285714285714, "12": 0.45323741007194246, "13": 0.20714285714285716, "14": 0.5068493150684932, "15": 0.18493150684931506, "16": 0.6648936170212766, "17": 0.7602739726027398, "18": 0.3493150684931507, "19": 0.16753926701570682, "20": 0.06666666666666667, "21": 0.12571428571428572, "22": 0.14893617021276595, "23": 0.29838709677419356, "24": 0.2708333333333333, "25": 0.15789473684210525, "26": 0.29292929292929293, "27": 0.041666666666666664, "28": 0.052083333333333336, "29": 0.20408163265306123, "30": 0.041666666666666664},
  "recall": 0.333800404795267,
  "scene_recalls": {"1": 0.15228426395939088, "2": 0.673469387755102, "3": 0.5502183406113537, "4": 0.37948717948717947, "5": 0.3442622950819672, "6": 0.33760683760683763, "7": 0.3943298969072165, "8": 0.16326530612244897, "9": 0.32299270072992703, "10": 0.28125, "11": 0.7208121827411168, "12": 0.5326460481099656, "13": 0.08587257617728532, "14": 0.16716417910447762, "15": 0.1453287197231834, "16": 0.4470284237726098, "17": 0.4049079754601227, "18": 0.23183391003460208, "19": 0.36941176470588233, "20": 0.31357048748353095},
  "targets_count": 6423,
  "tp_count": 2144
}