{
  "gt_count": 6900,
  "mean_obj_recall": 0.36216609086168833,
  "mean_scene_recall": 0.3721070164844006,
  "obj_recalls": {"1": 0.16285329744279947, "2": 0.41496598639455784, "3": 0.453125, "4": 0.3282828282828283, "5": 0.6789473684210526, "6": 0.5918367346938775, "7": 0.568, "8": 0.7, "9": 0.7479674796747967, "10": 0.6433566433566433, "11": 0.2342857142857143, "12": 0.4748201438848921, "13": 0.22857142857142856, "14": 0.5205479452054794, "15": 0.1917808219178082, "16": 0.6648936170212766, "17": 0.773972602739726, "18": 0.3698630136986301, "19": 0.17277486910994763, "20": 0.08333333333333333, "21": 0.16, "22": 0.1702127659574468, "23": 0.3548387096774194, "24": 0.2916666666666667, "25": 0.2, "26": 0.29292929292929293, "27": 0.052083333333333336, "28": 0.07291666666666667, "29": 0.22448979591836735, "30": 0.041666666666666664},
  "recall": 0.3534174061964814,
  "scene_recalls": {"1": 0.17258883248730963, "2": 0.7006802721088435, "3": 0.5938864628820961, "4": 0.41025641025641024, "5": 0.36885245901639346, "6": 0.3504273504273504, "7": 0.4020618556701031, "8": 0.1870748299319728, "9": 0.33394160583941607, "10": 0.2986111111111111, "11": 0.7309644670050761, "12": 0.5601374570446735, "13": 0.10526315789473684, "14": 0.20597014925373133, "15": 0.16262975778546712, "16": 0.4599483204134367, "17": 0.4325153374233129, "18": 0.2560553633217993, "19": 0.3835294117647059, "20": 0.32674571805006586},
  "targets_count": 6423,
  "tp_count": 2270
}