{
  "gt_count": 6900,
  "mean_obj_recall": 0.31283381290301093,
  "mean_scene_recall": 0.31749939254440823,
  "obj_recalls": {"1": 0.11709286675639301, "2": 0.36507936507936506, "3": 0.3776041666666667, "4": 0.2727272727272727, "5": 0.6263157894736842, "6": 0.5612244897959183, "7": 0.496, "8": 0.5466666666666666, "9": 0.7032520325203252, "10": 0.5734265734265734, "11": 0.17142857142857143, "12": 0.4172661870503597, "13": 0.18571428571428572, "14": 0.5, "15": 0.1506849315068493, "16": 0.6595744680851063, "17": 0.7397260273972602, "18": 0.3424657534246575, "19": 0.13612565445026178, "20": 0.03333333333333333, "21": 0.12, "22": 0.13297872340425532, "23": 0.23790322580645162, "24": 0.234375, "25": 0.14736842105263157, "26": 0.25252525252525254, "27": 0.020833333333333332, "28": 0.041666666666666664, "29": 0.19387755102040816, "30": 0.027777777777777776},
  "recall": 0.3015724739218434,
  "scene_recalls": {"1": 0.116751269035533, "2": 0.6258503401360545, "3": 0.4978165938864629, "4": 0.3384615384615385, "5": 0.29918032786885246, "6": 0.2905982905982906, "7": 0.3865979381443299, "8": 0.1360544217687075, "9": 0.2791970802919708, "10": 0.25, "11": 0.700507614213198, "12": 0.47766323024054985, "13": 0.06925207756232687, "14": 0.1253731343283582, "15": 0.12110726643598616, "16": 0.42118863049095606, "17": 0.36503067484662577, "18": 0.22491349480968859, "19": 0.3411764705882353, "20": 0.28326745718050067},
  "targets_count": 6423,
  "tp_count": 1937
}