{
  "gt_count": 6900,
  "mean_obj_recall": 0.377673226351314,
  "mean_scene_recall": 0.38830696536376696,
  "obj_recalls": {"1": 0.180349932705249, "2": 0.4331065759637188, "3": 0.4635416666666667, "4": 0.3434343434343434, "5": 0.6842105263157895, "6": 0.5918367346938775, "7": 0.588, "8": 0.7333333333333333, "9": 0.7601626016260162, "10": 0.6783216783216783, "11": 0.24571428571428572, "12": 0.5251798561151079, "13": 0.24285714285714285, "14": 0.5205479452054794, "15": 0.2191780821917808, "16": 0.675531914893617, "17": 0.7876712328767124, "18": 0.3835616438356164, "19": 0.17801047120418848, "20": 0.1, "21": 0.17142857142857143, "22": 0.19148936170212766, "23": 0.38306451612903225, "24": 0.296875, "25": 0.2, "26": 0.30303030303030304, "27": 0.0625, "28": 0.09375, "29": 0.24489795918367346, "30": 0.04861111111111111},
  "recall": 0.36929783590222637,
  "scene_recalls": {"1": 0.18274111675126903, "2": 0.7142857142857143, "3": 0.6200873362445415, "4": 0.4358974358974359, "5": 0.38524590163934425, "6": 0.3547008547008547, "7": 0.41237113402061853, "8": 0.20748299319727892, "9": 0.34306569343065696, "10": 0.3090277777777778, "11": 0.7461928934010152, "12": 0.570446735395189, "13": 0.11634349030470914, "14": 0.22686567164179106, "15": 0.17993079584775087, "16": 0.48320413436692505, "17": 0.4601226993865031, "18": 0.28027681660899656, "19": 0.3952941176470588, "20": 0.3425559947299078},
  "targets_count": 6423,
  "tp_count": 2372
}