{
  "gt_count": 6900,
  "mean_obj_recall": 0.10939549344636704,
  "mean_scene_recall": 0.11184271153965589,
  "obj_recalls": {"1": 0.03230148048452221, "2": 0.12244897959183673, "3": 0.07552083333333333, "4": 0.07912457912457913, "5": 0.29473684210526313, "6": 0.20408163265306123, "7": 0.124, "8": 0.32666666666666666, "9": 0.34146341463414637, "10": 0.18181818181818182, "11": 0.03428571428571429, "12": 0.12949640287769784, "13": 0.03571428571428571, "14": 0.11643835616438356, "15": 0.0273972602739726, "16": 0.34574468085106386, "17": 0.2808219178082192, "18": 0.1095890410958904, "19": 0.015706806282722512, "20": 0.0, "21": 0.022857142857142857, "22": 0.0425531914893617, "23": 0.05241935483870968, "24": 0.0625, "25": 0.05263157894736842, "26": 0.08080808080808081, "27": 0.0, "28": 0.015625, "29": 0.061224489795918366, "30": 0.013888888888888888},
  "recall": 0.10213295967616379,
  "scene_recalls": {"1": 0.030456852791878174, "2": 0.21768707482993196, "3": 0.17467248908296942, "4": 0.15384615384615385, "5": 0.0860655737704918, "6": 0.07692307692307693, "7": 0.11082474226804123, "8": 0.023809523809523808, "9": 0.07481751824817519, "10": 0.06597222222222222, "11": 0.3756345177664975, "12": 0.1718213058419244, "13": 0.013850415512465374, "14": 0.023880597014925373, "15": 0.04152249134948097, "16": 0.1731266149870801, "17": 0.13803680981595093, "18": 0.07958477508650519, "19": 0.12, "20": 0.08432147562582346},
  "targets_count": 6423,
  "tp_count": 656
}