{
  "gt_count": 6900,
  "mean_obj_recall": 0.12967521569434134,
  "mean_scene_recall": 0.13502151618147393,
  "obj_recalls": {"1": 0.05383580080753701, "2": 0.15873015873015872, "3": 0.09895833333333333, "4": 0.09595959595959595, "5": 0.32105263157894737, "6": 0.24489795918367346, "7": 0.164, "8": 0.36666666666666664, "9": 0.3861788617886179, "10": 0.24475524475524477, "11": 0.06857142857142857, "12": 0.1366906474820144, "13": 0.05, "14": 0.136986301369863, "15": 0.0273972602739726, "16": 0.3617021276595745, "17": 0.3013698630136986, "18": 0.14383561643835616, "19": 0.020942408376963352, "20": 0.008333333333333333, "21": 0.022857142857142857, "22": 0.05851063829787234, "23": 0.0846774193548387, "24": 0.08333333333333333, "25": 0.06315789473684211, "26": 0.09090909090909091, "27": 0.0, "28": 0.020833333333333332, "29": 0.061224489795918366, "30": 0.013888888888888888},
  "recall": 0.12392962789973533,
  "scene_recalls": {"1": 0.06091370558375635, "2": 0.23809523809523808, "3": 0.2183406113537118, "4": 0.17435897435897435, "5": 0.12704918032786885, "6": 0.11965811965811966, "7": 0.12628865979381443, "8": 0.030612244897959183, "9": 0.09671532846715329, "10": 0.08680555555555555, "11": 0.40609137055837563, "12": 0.20962199312714777, "13": 0.027700831024930747, "14": 0.03283582089552239, "15": 0.04498269896193772, "16": 0.19638242894056848, "17": 0.17484662576687116, "18": 0.08650519031141868, "19": 0.1411764705882353, "20": 0.10144927536231885},
  "targets_count": 6423,
  "tp_count": 796
}