{
  "gt_count": 6900,
  "mean_obj_recall": 0.1412738279085618,
  "mean_scene_recall": 0.1468816539325058,
  "obj_recalls": {"1": 0.05652759084791386, "2": 0.17687074829931973, "3": 0.10677083333333333, "4": 0.10101010101010101, "5": 0.3368421052631579, "6": 0.2755102040816326, "7": 0.184, "8": 0.3933333333333333, "9": 0.4065040650406504, "10": 0.25874125874125875, "11": 0.07428571428571429, "12": 0.15827338129496402, "13": 0.06428571428571428, "14": 0.14383561643835616, "15": 0.03424657534246575, "16": 0.3617021276595745, "17": 0.3150684931506849, "18": 0.15753424657534246, "19": 0.041884816753926704, "20": 0.008333333333333333, "21": 0.03428571428571429, "22": 0.06382978723404255, "23": 0.10483870967741936, "24": 0.08854166666666667, "25": 0.07368421052631578, "26": 0.1111111111111111, "27": 0.010416666666666666, "28": 0.020833333333333332, "29": 0.061224489795918366, "30": 0.013888888888888888},
  "recall": 0.13436089054958741,
  "scene_recalls": {"1": 0.06091370558375635, "2": 0.2789115646258503, "3": 0.2314410480349345, "4": 0.19487179487179487, "5": 0.13524590163934427, "6": 0.1282051282051282, "7": 0.13144329896907217, "8": 0.05102040816326531, "9": 0.10583941605839416, "10": 0.10069444444444445, "11": 0.4263959390862944, "12": 0.23024054982817868, "13": 0.030470914127423823, "14": 0.03880597014925373, "15": 0.05190311418685121, "16": 0.2041343669250646, "17": 0.17791411042944785, "18": 0.09688581314878893, "19": 0.15294117647058825, "20": 0.10935441370223979},
  "targets_count": 6423,
  "tp_count": 863
}