{
  "gt_count": 6900,
  "mean_obj_recall": 0.07696172776530612,
  "mean_scene_recall": 0.0791155170856348,
  "obj_recalls": {"1": 0.017496635262449527, "2": 0.09977324263038549, "3": 0.044270833333333336, "4": 0.05218855218855219, "5": 0.22631578947368422, "6": 0.16326530612244897, "7": 0.064, "8": 0.24, "9": 0.2926829268292683, "10": 0.08391608391608392, "11": 0.005714285714285714, "12": 0.05755395683453238, "13": 0.02142857142857143, "14": 0.07534246575342465, "15": 0.02054794520547945, "16": 0.30319148936170215, "17": 0.22602739726027396, "18": 0.0547945205479452, "19": 0.005235602094240838, "20": 0.0, "21": 0.011428571428571429, "22": 0.02127659574468085, "23": 0.020161290322580645, "24": 0.026041666666666668, "25": 0.042105263157894736, "26": 0.0707070707070707, "27": 0.0, "28": 0.015625, "29": 0.04081632653061224, "30": 0.006944444444444444},
  "recall": 0.07161762416316363,
  "scene_recalls": {"1": 0.02030456852791878, "2": 0.17006802721088435, "3": 0.1091703056768559, "4": 0.09743589743589744, "5": 0.05327868852459016, "6": 0.038461538461538464, "7": 0.07989690721649484, "8": 0.01020408163265306, "9": 0.04927007299270073, "10": 0.03125, "11": 0.3096446700507614, "12": 0.13745704467353953, "13": 0.002770083102493075, "14": 0.011940298507462687, "15": 0.03806228373702422, "16": 0.12661498708010335, "17": 0.08895705521472393, "18": 0.058823529411764705, "19": 0.08941176470588236, "20": 0.05928853754940711},
  "targets_count": 6423,
  "tp_count": 460
}