{
  "gt_count": 6900,
  "mean_obj_recall": 0.025863838159979568,
  "mean_scene_recall": 0.025035010765197034,
  "obj_recalls": {"1": 0.005383580080753701, "2": 0.022675736961451247, "3": 0.0078125, "4": 0.016835016835016835, "5": 0.06315789473684211, "6": 0.030612244897959183, "7": 0.02, "8": 0.06666666666666667, "9": 0.10569105691056911, "10": 0.0, "11": 0.0, "12": 0.014388489208633094, "13": 0.007142857142857143, "14": 0.0273972602739726, "15": 0.00684931506849315, "16": 0.20212765957446807, "17": 0.10273972602739725, "18": 0.0, "19": 0.0, "20": 0.0, "21": 0.0, "22": 0.005319148936170213, "23": 0.004032258064516129, "24": 0.005208333333333333, "25": 0.021052631578947368, "26": 0.020202020202020204, "27": 0.0, "28": 0.010416666666666666, "29": 0.01020408163265306, "30": 0.0},
  "recall": 0.023976335045928693,
  "scene_recalls": {"1": 0.005076142131979695, "2": 0.047619047619047616, "3": 0.034934497816593885, "4": 0.02564102564102564, "5": 0.012295081967213115, "6": 0.004273504273504274, "7": 0.04381443298969072, "8": 0.0, "9": 0.0072992700729927005, "10": 0.010416666666666666, "11": 0.08121827411167512, "12": 0.037800687285223365, "13": 0.0, "14": 0.0, "15": 0.010380622837370242, "16": 0.06976744186046512, "17": 0.03067484662576687, "18": 0.020761245674740483, "19": 0.03764705882352941, "20": 0.021080368906455864},
  "targets_count": 6423,
  "tp_count": 154
}