{
  "gt_count": 6900,
  "mean_obj_recall": 0.1474179682667179,
  "mean_scene_recall": 0.152885236977023,
  "obj_recalls": {"1": 0.06191117092866756, "2": 0.17913832199546487, "3": 0.11197916666666667, "4": 0.1111111111111111, "5": 0.3368421052631579, "6": 0.2755102040816326, "7": 0.192, "8": 0.41333333333333333, "9": 0.4268292682926829, "10": 0.26573426573426573, "11": 0.08571428571428572, "12": 0.15827338129496402, "13": 0.06428571428571428, "14": 0.1506849315068493, "15": 0.03424657534246575, "16": 0.3617021276595745, "17": 0.3219178082191781, "18": 0.1643835616438356, "19": 0.05235602094240838, "20": 0.008333333333333333, "21": 0.04, "22": 0.06382978723404255, "23": 0.11290322580645161, "24": 0.09375, "25": 0.07368421052631578, "26": 0.12121212121212122, "27": 0.020833333333333332, "28": 0.020833333333333332, "29": 0.07142857142857142, "30": 0.027777777777777776},
  "recall": 0.14058851004203643,
  "scene_recalls": {"1": 0.06091370558375635, "2": 0.2789115646258503, "3": 0.24017467248908297, "4": 0.2, "5": 0.14754098360655737, "6": 0.13247863247863248, "7": 0.13402061855670103, "8": 0.05102040816326531, "9": 0.10948905109489052, "10": 0.1076388888888889, "11": 0.4365482233502538, "12": 0.23711340206185566, "13": 0.0332409972299169, "14": 0.04776119402985075, "15": 0.06228373702422145, "16": 0.21188630490956073, "17": 0.1901840490797546, "18": 0.09688581314878893, "19": 0.1623529411764706, "20": 0.11725955204216074},
  "targets_count": 6423,
  "tp_count": 903
}