{
  "gt_count": 6900,
  "mean_obj_recall": 0.12109306090198647,
  "mean_scene_recall": 0.1251821280950764,
  "obj_recalls": {"1": 0.04172274562584118, "2": 0.1383219954648526, "3": 0.0859375, "4": 0.08585858585858586, "5": 0.3105263157894737, "6": 0.23469387755102042, "7": 0.16, "8": 0.35333333333333333, "9": 0.36585365853658536, "10": 0.23076923076923078, "11": 0.05142857142857143, "12": 0.12949640287769784, "13": 0.03571428571428571, "14": 0.1232876712328767, "15": 0.0273972602739726, "16": 0.35638297872340424, "17": 0.2945205479452055, "18": 0.136986301369863, "19": 0.015706806282722512, "20": 0.0, "21": 0.022857142857142857, "22": 0.047872340425531915, "23": 0.07661290322580645, "24": 0.078125, "25": 0.05263157894736842, "26": 0.08080808080808081, "27": 0.0, "28": 0.020833333333333332, "29": 0.061224489795918366, "30": 0.013888888888888888},
  "recall": 0.11412112719912813,
  "scene_recalls": {"1": 0.04060913705583756, "2": 0.23809523809523808, "3": 0.2052401746724891, "4": 0.16923076923076924, "5": 0.10655737704918032, "6": 0.1111111111111111, "7": 0.11855670103092783, "8": 0.027210884353741496, "9": 0.08211678832116788, "10": 0.0798611111111111, "11": 0.38578680203045684, "12": 0.19243986254295534, "13": 0.019390581717451522, "14": 0.026865671641791045, "15": 0.04152249134948097, "16": 0.18604651162790697, "17": 0.16257668711656442, "18": 0.08304498269896193, "19": 0.13647058823529412, "20": 0.09090909090909091},
  "targets_count": 6423,
  "tp_count": 733
}