{
  "gt_count": 6900,
  "mean_obj_recall": 0.0031666781925512467,
  "mean_scene_recall": 0.0025057651636569683,
  "obj_recalls": {"1": 0.0, "2": 0.006802721088435374, "3": 0.0026041666666666665, "4": 0.0, "5": 0.0, "6": 0.0, "7": 0.004, "8": 0.0, "9": 0.0040650406504065045, "10": 0.0, "11": 0.0, "12": 0.0, "13": 0.0, "14": 0.00684931506849315, "15": 0.0, "16": 0.06382978723404255, "17": 0.00684931506849315, "18": 0.0, "19": 0.0, "20": 0.0, "21": 0.0, "22": 0.0, "23": 0.0, "24": 0.0, "25": 0.0, "26": 0.0, "27": 0.0, "28": 0.0, "29": 0.0, "30": 0.0},
  "recall": 0.0031138097462245057,
  "scene_recalls": {"1": 0.0, "2": 0.0, "3": 0.0, "4": 0.0, "5": 0.0, "6": 0.0, "7": 0.010309278350515464, "8": 0.0, "9": 0.0036496350364963502, "10": 0.0, "11": 0.005076142131979695, "12": 0.0, "13": 0.0, "14": 0.0, "15": 0.0, "16": 0.020671834625323, "17": 0.003067484662576687, "18": 0.0, "19": 0.004705882352941176, "20": 0.002635046113306983},
  "targets_count": 6423,
  "tp_count": 20
}