{
  "gt_count": 6900,
  "mean_obj_recall": 0.05636585291438304,
  "mean_scene_recall": 0.05631314126364677,
  "obj_recalls": {"1": 0.006729475100942127, "2": 0.05895691609977324, "3": 0.0234375, "4": 0.037037037037037035, "5": 0.15263157894736842, "6": 0.09183673469387756, "7": 0.048, "8": 0.18, "9": 0.24390243902439024, "10": 0.02097902097902098, "11": 0.005714285714285714, "12": 0.04316546762589928, "13": 0.007142857142857143, "14": 0.0547945205479452, "15": 0.02054794520547945, "16": 0.28191489361702127, "17": 0.21232876712328766, "18": 0.0136986301369863, "19": 0.005235602094240838, "20": 0.0, "21": 0.005714285714285714, "22": 0.010638297872340425, "23": 0.012096774193548387, "24": 0.015625, "25": 0.042105263157894736, "26": 0.050505050505050504, "27": 0.0, "28": 0.015625, "29": 0.030612244897959183, "30": 0.0},
  "recall": 0.05168924178732679,
  "scene_recalls": {"1": 0.01015228426395939, "2": 0.11564625850340136, "3": 0.0611353711790393, "4": 0.06666666666666667, "5": 0.02459016393442623, "6": 0.017094017094017096, "7": 0.06443298969072164, "8": 0.006802721088435374, "9": 0.03102189781021898, "10": 0.020833333333333332, "11": 0.23857868020304568, "12": 0.09278350515463918, "13": 0.0, "14": 0.005970149253731343, "15": 0.02768166089965398, "16": 0.10852713178294573, "17": 0.06748466257668712, "18": 0.04498269896193772, "19": 0.08235294117647059, "20": 0.039525691699604744},
  "targets_count": 6423,
  "tp_count": 332
}