{
  "gt_count": 6900,
  "mean_obj_recall": 0.09564901814595382,
  "mean_scene_recall": 0.09766336936108448,
  "obj_recalls": {"1": 0.026917900403768506, "2": 0.11337868480725624, "3": 0.059895833333333336, "4": 0.06734006734006734, "5": 0.25263157894736843, "6": 0.1836734693877551, "7": 0.084, "8": 0.29333333333333333, "9": 0.32926829268292684, "10": 0.14685314685314685, "11": 0.022857142857142857, "12": 0.1079136690647482, "13": 0.03571428571428571, "14": 0.1095890410958904, "15": 0.0273972602739726, "16": 0.31382978723404253, "17": 0.2534246575342466, "18": 0.10273972602739725, "19": 0.005235602094240838, "20": 0.0, "21": 0.022857142857142857, "22": 0.031914893617021274, "23": 0.04032258064516129, "24": 0.052083333333333336, "25": 0.042105263157894736, "26": 0.08080808080808081, "27": 0.0, "28": 0.015625, "29": 0.04081632653061224, "30": 0.006944444444444444},
  "recall": 0.08905495874202086,
  "scene_recalls": {"1": 0.02030456852791878, "2": 0.19047619047619047, "3": 0.1615720524017467, "4": 0.12307692307692308, "5": 0.06967213114754098, "6": 0.05982905982905983, "7": 0.09536082474226804, "8": 0.017006802721088437, "9": 0.06204379562043796, "10": 0.059027777777777776, "11": 0.3604060913705584, "12": 0.14432989690721648, "13": 0.0110803324099723, "14": 0.011940298507462687, "15": 0.03806228373702422, "16": 0.15762273901808785, "17": 0.1165644171779141, "18": 0.06920415224913495, "19": 0.11058823529411765, "20": 0.07509881422924901},
  "targets_count": 6423,
  "tp_count": 572
}