{
  "AP": 0.11684862043836836,
  "AP50": 0.15508984087556382,
  "AP75": 0.14202634909718648,
  "AP_large": 0.10430259206627115,
  "AP_medium": 0.18856964573436158,
  "AP_small": 0.498019801980198,
  "AR1": 0.5987857142857144,
  "AR10": 0.6031785714285716,
  "AR100": 0.6031785714285716,
  "AR_large": 0.6369877882142919,
  "AR_medium": 0.6119155400988343,
  "AR_small": 0.5,
  "average_time_per_image": 0.2
}