{
  "gt_count": 6900,
  "mean_obj_recall": 0.2356291936177801,
  "mean_scene_recall": 0.22618613432439894,
  "obj_recalls": {"1": 0.16150740242261102, "2": 0.22448979591836735, "3": 0.22916666666666666, "4": 0.15656565656565657, "5": 0.29473684210526313, "6": 0.14285714285714285, "7": 0.34, "8": 0.24666666666666667, "9": 0.44715447154471544, "10": 0.2727272727272727, "11": 0.2057142857142857, "12": 0.2517985611510791, "13": 0.2571428571428571, "14": 0.273972602739726, "15": 0.3698630136986301, "16": 0.4574468085106383, "17": 0.7054794520547946, "18": 0.21232876712328766, "19": 0.09947643979057591, "20": 0.058333333333333334, "21": 0.16, "22": 0.047872340425531915, "23": 0.25, "24": 0.20833333333333334, "25": 0.21052631578947367, "26": 0.09090909090909091, "27": 0.4375, "28": 0.11458333333333333, "29": 0.030612244897959183, "30": 0.1111111111111111},
  "recall": 0.22512844465203177,
  "scene_recalls": {"1": 0.18781725888324874, "2": 0.25170068027210885, "3": 0.31004366812227074, "4": 0.18461538461538463, "5": 0.2786885245901639, "6": 0.16666666666666666, "7": 0.2551546391752577, "8": 0.17346938775510204, "9": 0.20437956204379562, "10": 0.1736111111111111, "11": 0.3248730964467005, "12": 0.28865979381443296, "13": 0.08587257617728532, "14": 0.11641791044776119, "15": 0.13494809688581316, "16": 0.35658914728682173, "17": 0.24233128834355827, "18": 0.22837370242214533, "19": 0.3552941176470588, "20": 0.20421607378129117},
  "targets_count": 6423,
  "tp_count": 1446
}