{
  "gt_count": 6900,
  "mean_obj_recall": 0.20487753873478018,
  "mean_scene_recall": 0.1962779357040106,
  "obj_recalls": {"1": 0.14535666218034993, "2": 0.19954648526077098, "3": 0.2109375, "4": 0.13973063973063973, "5": 0.26842105263157895, "6": 0.14285714285714285, "7": 0.292, "8": 0.2, "9": 0.4146341463414634, "10": 0.23776223776223776, "11": 0.18857142857142858, "12": 0.2158273381294964, "13": 0.2, "14": 0.23972602739726026, "15": 0.3493150684931507, "16": 0.4308510638297872, "17": 0.6986301369863014, "18": 0.15753424657534246, "19": 0.07329842931937172, "20": 0.041666666666666664, "21": 0.11428571428571428, "22": 0.031914893617021274, "23": 0.21370967741935484, "24": 0.1875, "25": 0.10526315789473684, "26": 0.06060606060606061, "27": 0.40625, "28": 0.08333333333333333, "29": 0.02040816326530612, "30": 0.0763888888888889},
  "recall": 0.19772691888525612,
  "scene_recalls": {"1": 0.1218274111675127, "2": 0.23809523809523808, "3": 0.27510917030567683, "4": 0.1282051282051282, "5": 0.2459016393442623, "6": 0.1452991452991453, "7": 0.2268041237113402, "8": 0.14285714285714285, "9": 0.18613138686131386, "10": 0.1388888888888889, "11": 0.28426395939086296, "12": 0.2611683848797251, "13": 0.0664819944598338, "14": 0.09253731343283582, "15": 0.10380622837370242, "16": 0.3178294573643411, "17": 0.21779141104294478, "18": 0.21107266435986158, "19": 0.33176470588235296, "20": 0.18972332015810275},
  "targets_count": 6423,
  "tp_count": 1270
}