{
  "gt_count": 6900,
  "mean_obj_recall": 0.15162410615016925,
  "mean_scene_recall": 0.14294473658463472,
  "obj_recalls": {"1": 0.0955585464333782, "2": 0.15873015873015872, "3": 0.18489583333333334, "4": 0.08922558922558922, "5": 0.22631578947368422, "6": 0.08163265306122448, "7": 0.228, "8": 0.10666666666666667, "9": 0.34146341463414637, "10": 0.14685314685314685, "11": 0.04, "12": 0.14388489208633093, "13": 0.19285714285714287, "14": 0.1780821917808219, "15": 0.3219178082191781, "16": 0.3670212765957447, "17": 0.6643835616438356, "18": 0.0684931506849315, "19": 0.031413612565445025, "20": 0.029166666666666667, "21": 0.06857142857142857, "22": 0.015957446808510637, "23": 0.12903225806451613, "24": 0.14583333333333334, "25": 0.07368421052631578, "26": 0.020202020202020204, "27": 0.3125, "28": 0.03125, "29": 0.02040816326530612, "30": 0.034722222222222224},
  "recall": 0.1458819866106181,
  "scene_recalls": {"1": 0.08629441624365482, "2": 0.19047619047619047, "3": 0.1703056768558952, "4": 0.08717948717948718, "5": 0.18442622950819673, "6": 0.0641025641025641, "7": 0.19329896907216496, "8": 0.09863945578231292, "9": 0.13503649635036497, "10": 0.09722222222222222, "11": 0.20304568527918782, "12": 0.21649484536082475, "13": 0.030470914127423823, "14": 0.050746268656716415, "15": 0.05190311418685121, "16": 0.25064599483204136, "17": 0.16257668711656442, "18": 0.16608996539792387, "19": 0.2776470588235294, "20": 0.1422924901185771},
  "targets_count": 6423,
  "tp_count": 937
}