{
  "gt_count": 6900,
  "mean_obj_recall": 0.012496174149814104,
  "mean_scene_recall": 0.008127179492926647,
  "obj_recalls": {"1": 0.0026917900403768506, "2": 0.0045351473922902496, "3": 0.015625, "4": 0.0, "5": 0.005263157894736842, "6": 0.0, "7": 0.0, "8": 0.0, "9": 0.0, "10": 0.0, "11": 0.0, "12": 0.0, "13": 0.0, "14": 0.0136986301369863, "15": 0.0821917808219178, "16": 0.0797872340425532, "17": 0.136986301369863, "18": 0.0, "19": 0.0, "20": 0.0, "21": 0.0, "22": 0.0, "23": 0.008064516129032258, "24": 0.005208333333333333, "25": 0.0, "26": 0.0, "27": 0.020833333333333332, "28": 0.0, "29": 0.0, "30": 0.0},
  "recall": 0.010119881675229644,
  "scene_recalls": {"1": 0.0, "2": 0.0, "3": 0.0, "4": 0.005128205128205128, "5": 0.0, "6": 0.0, "7": 0.030927835051546393, "8": 0.003401360544217687, "9": 0.0036496350364963502, "10": 0.003472222222222222, "11": 0.0, "12": 0.006872852233676976, "13": 0.0, "14": 0.0029850746268656717, "15": 0.006920415224913495, "16": 0.023255813953488372, "17": 0.0, "18": 0.0034602076124567475, "19": 0.06588235294117648, "20": 0.006587615283267457},
  "targets_count": 6423,
  "tp_count": 65
}