{
  "gt_count": 6900,
  "mean_obj_recall": 0.1262102987307168,
  "mean_scene_recall": 0.11654683932591652,
  "obj_recalls": {"1": 0.06998654104979811, "2": 0.12471655328798185, "3": 0.16927083333333334, "4": 0.07575757575757576, "5": 0.21578947368421053, "6": 0.061224489795918366, "7": 0.164, "8": 0.08, "9": 0.2967479674796748, "10": 0.09090909090909091, "11": 0.011428571428571429, "12": 0.08633093525179857, "13": 0.15714285714285714, "14": 0.1506849315068493, "15": 0.3150684931506849, "16": 0.34574468085106386, "17": 0.6438356164383562, "18": 0.03424657534246575, "19": 0.020942408376963352, "20": 0.020833333333333332, "21": 0.05142857142857143, "22": 0.010638297872340425, "23": 0.10887096774193548, "24": 0.10416666666666667, "25": 0.05263157894736842, "26": 0.010101010101010102, "27": 0.25, "28": 0.015625, "29": 0.02040816326530612, "30": 0.027777777777777776},
  "recall": 0.12097150864082204,
  "scene_recalls": {"1": 0.05583756345177665, "2": 0.1564625850340136, "3": 0.11790393013100436, "4": 0.07179487179487179, "5": 0.13524590163934427, "6": 0.04700854700854701, "7": 0.18041237113402062, "8": 0.08503401360544217, "9": 0.11678832116788321, "10": 0.06597222222222222, "11": 0.16751269035532995, "12": 0.18213058419243985, "13": 0.019390581717451522, "14": 0.041791044776119404, "15": 0.03806228373702422, "16": 0.2144702842377261, "17": 0.11349693251533742, "18": 0.14186851211072665, "19": 0.2611764705882353, "20": 0.11857707509881422},
  "targets_count": 6423,
  "tp_count": 777
}