{
  "gt_count": 6900,
  "mean_obj_recall": 0.1920036073125914,
  "mean_scene_recall": 0.1839529302516862,
  "obj_recalls": {"1": 0.13458950201884254, "2": 0.18820861678004536, "3": 0.203125, "4": 0.13468013468013468, "5": 0.24736842105263157, "6": 0.1326530612244898, "7": 0.264, "8": 0.18, "9": 0.3902439024390244, "10": 0.21678321678321677, "11": 0.1657142857142857, "12": 0.2014388489208633, "13": 0.19285714285714287, "14": 0.22602739726027396, "15": 0.3424657534246575, "16": 0.425531914893617, "17": 0.6917808219178082, "18": 0.13013698630136986, "19": 0.06806282722513089, "20": 0.0375, "21": 0.10857142857142857, "22": 0.031914893617021274, "23": 0.18951612903225806, "24": 0.17708333333333334, "25": 0.09473684210526316, "26": 0.04040404040404041, "27": 0.3854166666666667, "28": 0.0625, "29": 0.02040816326530612, "30": 0.0763888888888889},
  "recall": 0.18542737038766932,
  "scene_recalls": {"1": 0.1218274111675127, "2": 0.23129251700680273, "3": 0.25327510917030566, "4": 0.12307692307692308, "5": 0.23770491803278687, "6": 0.12393162393162394, "7": 0.211340206185567, "8": 0.1326530612244898, "9": 0.17335766423357665, "10": 0.1388888888888889, "11": 0.2639593908629442, "12": 0.23711340206185566, "13": 0.04986149584487535, "14": 0.08059701492537313, "15": 0.08304498269896193, "16": 0.3023255813953488, "17": 0.20552147239263804, "18": 0.20069204152249134, "19": 0.32941176470588235, "20": 0.17918313570487485},
  "targets_count": 6423,
  "tp_count": 1191
}