{
  "gt_count": 6900,
  "mean_obj_recall": 0.09443250723778475,
  "mean_scene_recall": 0.08407213623329404,
  "obj_recalls": {"1": 0.04979811574697174, "2": 0.08390022675736962, "3": 0.13020833333333334, "4": 0.04882154882154882, "5": 0.15263157894736842, "6": 0.02040816326530612, "7": 0.1, "8": 0.05333333333333334, "9": 0.22357723577235772, "10": 0.02097902097902098, "11": 0.005714285714285714, "12": 0.07194244604316546, "13": 0.09285714285714286, "14": 0.08904109589041095, "15": 0.2876712328767123, "16": 0.31382978723404253, "17": 0.6095890410958904, "18": 0.00684931506849315, "19": 0.010471204188481676, "20": 0.016666666666666666, "21": 0.02857142857142857, "22": 0.005319148936170213, "23": 0.06854838709677419, "24": 0.052083333333333336, "25": 0.05263157894736842, "26": 0.010101010101010102, "27": 0.20833333333333334, "28": 0.005208333333333333, "29": 0.0, "30": 0.013888888888888888},
  "recall": 0.08889926825470963,
  "scene_recalls": {"1": 0.04060913705583756, "2": 0.08843537414965986, "3": 0.08296943231441048, "4": 0.041025641025641026, "5": 0.10245901639344263, "6": 0.02564102564102564, "7": 0.15463917525773196, "8": 0.061224489795918366, "9": 0.08211678832116788, "10": 0.03819444444444445, "11": 0.10152284263959391, "12": 0.15120274914089346, "13": 0.013850415512465374, "14": 0.011940298507462687, "15": 0.02422145328719723, "16": 0.18087855297157623, "17": 0.08588957055214724, "18": 0.10380622837370242, "19": 0.21176470588235294, "20": 0.07905138339920949},
  "targets_count": 6423,
  "tp_count": 571
}