{
  "gt_count": 6900,
  "mean_obj_recall": 0.17642768603011733,
  "mean_scene_recall": 0.16830905960450776,
  "obj_recalls": {"1": 0.11709286675639301, "2": 0.17913832199546487, "3": 0.20052083333333334, "4": 0.12121212121212122, "5": 0.24210526315789474, "6": 0.11224489795918367, "7": 0.256, "8": 0.14, "9": 0.3780487804878049, "10": 0.1958041958041958, "11": 0.11428571428571428, "12": 0.16546762589928057, "13": 0.19285714285714287, "14": 0.2054794520547945, "15": 0.3287671232876712, "16": 0.3776595744680851, "17": 0.678082191780822, "18": 0.1232876712328767, "19": 0.06282722513089005, "20": 0.03333333333333333, "21": 0.09714285714285714, "22": 0.031914893617021274, "23": 0.16532258064516128, "24": 0.16666666666666666, "25": 0.09473684210526316, "26": 0.020202020202020204, "27": 0.375, "28": 0.041666666666666664, "29": 0.02040816326530612, "30": 0.05555555555555555},
  "recall": 0.17048108360579167,
  "scene_recalls": {"1": 0.1116751269035533, "2": 0.21768707482993196, "3": 0.22270742358078602, "4": 0.09743589743589744, "5": 0.21721311475409835, "6": 0.09829059829059829, "7": 0.20618556701030927, "8": 0.1292517006802721, "9": 0.16058394160583941, "10": 0.125, "11": 0.2436548223350254, "12": 0.23367697594501718, "13": 0.038781163434903045, "14": 0.06865671641791045, "15": 0.0726643598615917, "16": 0.2739018087855297, "17": 0.19325153374233128, "18": 0.18339100346020762, "19": 0.3035294117647059, "20": 0.1686429512516469},
  "targets_count": 6423,
  "tp_count": 1095
}