{
  "gt_count": 6900,
  "mean_obj_recall": 0.21861075881436345,
  "mean_scene_recall": 0.21012376471361796,
  "obj_recalls": {"1": 0.15074024226110364, "2": 0.21315192743764172, "3": 0.22395833333333334, "4": 0.14646464646464646, "5": 0.2894736842105263, "6": 0.14285714285714285, "7": 0.324, "8": 0.21333333333333335, "9": 0.43089430894308944, "10": 0.24475524475524477, "11": 0.19428571428571428, "12": 0.2446043165467626, "13": 0.22142857142857142, "14": 0.2465753424657534, "15": 0.3698630136986301, "16": 0.44148936170212766, "17": 0.7054794520547946, "18": 0.18493150684931506, "19": 0.09424083769633508, "20": 0.04583333333333333, "21": 0.13142857142857142, "22": 0.03723404255319149, "23": 0.22983870967741934, "24": 0.19270833333333334, "25": 0.1368421052631579, "26": 0.08080808080808081, "27": 0.40625, "28": 0.10416666666666667, "29": 0.02040816326530612, "30": 0.09027777777777778},
  "recall": 0.2104935388447766,
  "scene_recalls": {"1": 0.13705583756345177, "2": 0.24489795918367346, "3": 0.2925764192139738, "4": 0.1641025641025641, "5": 0.2581967213114754, "6": 0.14957264957264957, "7": 0.23969072164948454, "8": 0.15306122448979592, "9": 0.19708029197080293, "10": 0.15625, "11": 0.29949238578680204, "12": 0.28865979381443296, "13": 0.08033240997229917, "14": 0.09850746268656717, "15": 0.11764705882352941, "16": 0.3359173126614987, "17": 0.2331288343558282, "18": 0.22145328719723184, "19": 0.3411764705882353, "20": 0.19367588932806323},
  "targets_count": 6423,
  "tp_count": 1352
}