{
  "gt_count": 6900,
  "mean_obj_recall": 0.05784873961401259,
  "mean_scene_recall": 0.04573732853257595,
  "obj_recalls": {"1": 0.02557200538358008, "2": 0.047619047619047616, "3": 0.08333333333333333, "4": 0.021885521885521887, "5": 0.06842105263157895, "6": 0.0, "7": 0.028, "8": 0.02, "9": 0.07317073170731707, "10": 0.006993006993006993, "11": 0.0, "12": 0.02158273381294964, "13": 0.05714285714285714, "14": 0.0547945205479452, "15": 0.2328767123287671, "16": 0.22872340425531915, "17": 0.5068493150684932, "18": 0.0, "19": 0.005235602094240838, "20": 0.004166666666666667, "21": 0.0, "22": 0.005319148936170213, "23": 0.04032258064516129, "24": 0.015625, "25": 0.031578947368421054, "26": 0.0, "27": 0.15625, "28": 0.0, "29": 0.0, "30": 0.0},
  "recall": 0.05153355130001557,
  "scene_recalls": {"1": 0.015228426395939087, "2": 0.034013605442176874, "3": 0.021834061135371178, "4": 0.020512820512820513, "5": 0.040983606557377046, "6": 0.0, "7": 0.13144329896907217, "8": 0.02040816326530612, "9": 0.04927007299270073, "10": 0.020833333333333332, "11": 0.03553299492385787, "12": 0.09278350515463918, "13": 0.002770083102493075, "14": 0.005970149253731343, "15": 0.020761245674740483, "16": 0.12661498708010335, "17": 0.027607361963190184, "18": 0.04498269896193772, "19": 0.1623529411764706, "20": 0.04084321475625823},
  "targets_count": 6423,
  "tp_count": 331
}