{
  "gt_count": 6900,
  "mean_obj_recall": 0.35462317007599253,
  "mean_scene_recall": 0.3490296529779373,
  "obj_recalls": {"1": 0.2597577388963661, "2": 0.3378684807256236, "3": 0.3333333333333333, "4": 0.2474747474747475, "5": 0.5, "6": 0.25510204081632654, "7": 0.492, "8": 0.43333333333333335, "9": 0.6707317073170732, "10": 0.3916083916083916, "11": 0.36, "12": 0.41007194244604317, "13": 0.45714285714285713, "14": 0.4041095890410959, "15": 0.5, "16": 0.6223404255319149, "17": 0.7534246575342466, "18": 0.2671232876712329, "19": 0.17801047120418848, "20": 0.10416666666666667, "21": 0.24571428571428572, "22": 0.10106382978723404, "23": 0.46774193548387094, "24": 0.3385416666666667, "25": 0.29473684210526313, "26": 0.12121212121212122, "27": 0.5625, "28": 0.19270833333333334, "29": 0.16326530612244897, "30": 0.1736111111111111},
  "recall": 0.3428304530593181,
  "scene_recalls": {"1": 0.29441624365482233, "2": 0.42857142857142855, "3": 0.49344978165938863, "4": 0.27692307692307694, "5": 0.38934426229508196, "6": 0.2948717948717949, "7": 0.3582474226804124, "8": 0.2857142857142857, "9": 0.3083941605839416, "10": 0.2951388888888889, "11": 0.5279187817258884, "12": 0.4570446735395189, "13": 0.18282548476454294, "14": 0.208955223880597, "15": 0.2041522491349481, "16": 0.4806201550387597, "17": 0.3803680981595092, "18": 0.34256055363321797, "19": 0.4588235294117647, "20": 0.31225296442687744},
  "targets_count": 6423,
  "tp_count": 2202
}