{
  "gt_count": 6900,
  "mean_obj_recall": 0.0269884742432685,
  "mean_scene_recall": 0.018554234164852818,
  "obj_recalls": {"1": 0.004037685060565276, "2": 0.015873015873015872, "3": 0.036458333333333336, "4": 0.0016835016835016834, "5": 0.02631578947368421, "6": 0.0, "7": 0.0, "8": 0.0, "9": 0.0040650406504065045, "10": 0.0, "11": 0.0, "12": 0.007194244604316547, "13": 0.007142857142857143, "14": 0.0273972602739726, "15": 0.136986301369863, "16": 0.1702127659574468, "17": 0.3219178082191781, "18": 0.0, "19": 0.0, "20": 0.004166666666666667, "21": 0.0, "22": 0.0, "23": 0.020161290322580645, "24": 0.005208333333333333, "25": 0.0, "26": 0.0, "27": 0.020833333333333332, "28": 0.0, "29": 0.0, "30": 0.0},
  "recall": 0.022575120660127665,
  "scene_recalls": {"1": 0.0, "2": 0.013605442176870748, "3": 0.004366812227074236, "4": 0.010256410256410256, "5": 0.0, "6": 0.0, "7": 0.06958762886597938, "8": 0.013605442176870748, "9": 0.012773722627737226, "10": 0.003472222222222222, "11": 0.005076142131979695, "12": 0.010309278350515464, "13": 0.002770083102493075, "14": 0.0029850746268656717, "15": 0.006920415224913495, "16": 0.059431524547803614, "17": 0.006134969325153374, "18": 0.006920415224913495, "19": 0.12705882352941175, "20": 0.015810276679841896},
  "targets_count": 6423,
  "tp_count": 145
}