{
  "gt_count": 6900,
  "mean_obj_recall": 0.10510508016637264,
  "mean_scene_recall": 0.0888133581885304,
  "obj_recalls": {"1": 0.052489905787348586, "2": 0.07936507936507936, "3": 0.1484375, "4": 0.03872053872053872, "5": 0.15263157894736842, "6": 0.01020408163265306, "7": 0.092, "8": 0.05333333333333334, "9": 0.1991869918699187, "10": 0.02097902097902098, "11": 0.005714285714285714, "12": 0.05755395683453238, "13": 0.15714285714285714, "14": 0.1095890410958904, "15": 0.3767123287671233, "16": 0.44680851063829785, "17": 0.678082191780822, "18": 0.0, "19": 0.020942408376963352, "20": 0.016666666666666666, "21": 0.0, "22": 0.010638297872340425, "23": 0.08870967741935484, "24": 0.07291666666666667, "25": 0.042105263157894736, "26": 0.0, "27": 0.20833333333333334, "28": 0.0, "29": 0.0, "30": 0.013888888888888888},
  "recall": 0.09715086408220458,
  "scene_recalls": {"1": 0.025380710659898477, "2": 0.06802721088435375, "3": 0.06550218340611354, "4": 0.03076923076923077, "5": 0.0942622950819672, "6": 0.01282051282051282, "7": 0.2036082474226804, "8": 0.047619047619047616, "9": 0.09306569343065693, "10": 0.05555555555555555, "11": 0.12690355329949238, "12": 0.14776632302405499, "13": 0.0110803324099723, "14": 0.023880597014925373, "15": 0.02422145328719723, "16": 0.2248062015503876, "17": 0.07668711656441718, "18": 0.08996539792387544, "19": 0.2752941176470588, "20": 0.07905138339920949},
  "targets_count": 6423,
  "tp_count": 624
}