{
  "gt_count": 6900,
  "mean_obj_recall": 0.28496852675061274,
  "mean_scene_recall": 0.2783802999338351,
  "obj_recalls": {"1": 0.2018842530282638, "2": 0.2834467120181406, "3": 0.28125, "4": 0.1936026936026936, "5": 0.4421052631578947, "6": 0.19387755102040816, "7": 0.436, "8": 0.24, "9": 0.6097560975609756, "10": 0.32867132867132864, "11": 0.21142857142857144, "12": 0.31654676258992803, "13": 0.42857142857142855, "14": 0.363013698630137, "15": 0.4726027397260274, "16": 0.601063829787234, "17": 0.7465753424657534, "18": 0.22602739726027396, "19": 0.1256544502617801, "20": 0.0625, "21": 0.12571428571428572, "22": 0.05319148936170213, "23": 0.3548387096774194, "24": 0.28125, "25": 0.15789473684210525, "26": 0.030303030303030304, "27": 0.4791666666666667, "28": 0.08854166666666667, "29": 0.08163265306122448, "30": 0.13194444444444445},
  "recall": 0.27744044838860343,
  "scene_recalls": {"1": 0.2182741116751269, "2": 0.3469387755102041, "3": 0.38427947598253276, "4": 0.16923076923076924, "5": 0.3360655737704918, "6": 0.2094017094017094, "7": 0.3247422680412371, "8": 0.20408163265306123, "9": 0.24817518248175183, "10": 0.24305555555555555, "11": 0.4213197969543147, "12": 0.4020618556701031, "13": 0.0886426592797784, "14": 0.14328358208955225, "15": 0.11418685121107267, "16": 0.4108527131782946, "17": 0.3006134969325153, "18": 0.2975778546712803, "19": 0.44, "20": 0.2648221343873518},
  "targets_count": 6423,
  "tp_count": 1782
}