{
  "gt_count": 6900,
  "mean_obj_recall": 0.31371187053109073,
  "mean_scene_recall": 0.3075111668849541,
  "obj_recalls": {"1": 0.22072678331090176, "2": 0.30839002267573695, "3": 0.3020833333333333, "4": 0.2255892255892256, "5": 0.4631578947368421, "6": 0.22448979591836735, "7": 0.46, "8": 0.34, "9": 0.6382113821138211, "10": 0.35664335664335667, "11": 0.2742857142857143, "12": 0.3597122302158273, "13": 0.44285714285714284, "14": 0.3767123287671233, "15": 0.4794520547945205, "16": 0.6117021276595744, "17": 0.7534246575342466, "18": 0.22602739726027396, "19": 0.14136125654450263, "20": 0.07083333333333333, "21": 0.18857142857142858, "22": 0.06914893617021277, "23": 0.40725806451612906, "24": 0.3072916666666667, "25": 0.22105263157894736, "26": 0.06060606060606061, "27": 0.5208333333333334, "28": 0.13020833333333334, "29": 0.09183673469387756, "30": 0.1388888888888889},
  "recall": 0.3048419741553791,
  "scene_recalls": {"1": 0.24873096446700507, "2": 0.3741496598639456, "3": 0.43231441048034935, "4": 0.22564102564102564, "5": 0.35655737704918034, "6": 0.23076923076923078, "7": 0.3427835051546392, "8": 0.23469387755102042, "9": 0.28102189781021897, "10": 0.2743055555555556, "11": 0.4720812182741117, "12": 0.41924398625429554, "13": 0.12188365650969529, "14": 0.16716417910447762, "15": 0.1453287197231834, "16": 0.4470284237726098, "17": 0.32515337423312884, "18": 0.3217993079584775, "19": 0.4423529411764706, "20": 0.2872200263504611},
  "targets_count": 6423,
  "tp_count": 1958
}