{
  "gt_count": 6900,
  "mean_obj_recall": 0.38337674848039066,
  "mean_scene_recall": 0.376809797291334,
  "obj_recalls": {"1": 0.2839838492597577, "2": 0.35147392290249435, "3": 0.3567708333333333, "4": 0.26262626262626265, "5": 0.5105263157894737, "6": 0.2755102040816326, "7": 0.528, "8": 0.4866666666666667, "9": 0.6910569105691057, "10": 0.42657342657342656, "11": 0.38285714285714284, "12": 0.4244604316546763, "13": 0.4857142857142857, "14": 0.410958904109589, "15": 0.5136986301369864, "16": 0.6276595744680851, "17": 0.7534246575342466, "18": 0.3082191780821918, "19": 0.20418848167539266, "20": 0.13333333333333333, "21": 0.2914285714285714, "22": 0.14893617021276595, "23": 0.5040322580645161, "24": 0.359375, "25": 0.3368421052631579, "26": 0.20202020202020202, "27": 0.625, "28": 0.22395833333333334, "29": 0.1836734693877551, "30": 0.20833333333333334},
  "recall": 0.3686750739529815,
  "scene_recalls": {"1": 0.3248730964467005, "2": 0.4489795918367347, "3": 0.5283842794759825, "4": 0.3384615384615385, "5": 0.430327868852459, "6": 0.3162393162393162, "7": 0.36855670103092786, "8": 0.3129251700680272, "9": 0.3266423357664234, "10": 0.3368055555555556, "11": 0.5482233502538071, "12": 0.47766323024054985, "13": 0.21606648199445982, "14": 0.23880597014925373, "15": 0.23875432525951557, "16": 0.4935400516795866, "17": 0.401840490797546, "18": 0.3737024221453287, "19": 0.48470588235294115, "20": 0.33069828722002637},
  "targets_count": 6423,
  "tp_count": 2368
}