{
  "gt_count": 6900,
  "mean_obj_recall": 0.18360205812181396,
  "mean_scene_recall": 0.17331086751721586,
  "obj_recalls": {"1": 0.09825033647375504, "2": 0.17233560090702948, "3": 0.22395833333333334, "4": 0.10942760942760943, "5": 0.3263157894736842, "6": 0.08163265306122448, "7": 0.244, "8": 0.11333333333333333, "9": 0.4268292682926829, "10": 0.11888111888111888, "11": 0.045714285714285714, "12": 0.16546762589928057, "13": 0.3357142857142857, "14": 0.19863013698630136, "15": 0.4315068493150685, "16": 0.5478723404255319, "17": 0.7191780821917808, "18": 0.10273972602739725, "19": 0.05759162303664921, "20": 0.0375, "21": 0.04, "22": 0.031914893617021274, "23": 0.1975806451612903, "24": 0.19791666666666666, "25": 0.08421052631578947, "26": 0.020202020202020204, "27": 0.28125, "28": 0.015625, "29": 0.04081632653061224, "30": 0.041666666666666664},
  "recall": 0.17639732212361825,
  "scene_recalls": {"1": 0.1065989847715736, "2": 0.23129251700680273, "3": 0.2096069868995633, "4": 0.09230769230769231, "5": 0.1885245901639344, "6": 0.0641025641025641, "7": 0.24742268041237114, "8": 0.11904761904761904, "9": 0.15875912408759124, "10": 0.13541666666666666, "11": 0.27411167512690354, "12": 0.28865979381443296, "13": 0.0443213296398892, "14": 0.08059701492537313, "15": 0.04498269896193772, "16": 0.31007751937984496, "17": 0.1656441717791411, "18": 0.1903114186851211, "19": 0.35764705882352943, "20": 0.15678524374176547},
  "targets_count": 6423,
  "tp_count": 1133
}