{
  "gt_count": 6900,
  "mean_obj_recall": 0.37408857226432135,
  "mean_scene_recall": 0.3671773942473228,
  "obj_recalls": {"1": 0.2759084791386272, "2": 0.3469387755102041, "3": 0.3489583333333333, "4": 0.25252525252525254, "5": 0.5052631578947369, "6": 0.2653061224489796, "7": 0.524, "8": 0.47333333333333333, "9": 0.6829268292682927, "10": 0.42657342657342656, "11": 0.37714285714285717, "12": 0.4244604316546763, "13": 0.4714285714285714, "14": 0.410958904109589, "15": 0.5136986301369864, "16": 0.6276595744680851, "17": 0.7534246575342466, "18": 0.2945205479452055, "19": 0.18848167539267016, "20": 0.12083333333333333, "21": 0.2571428571428571, "22": 0.13829787234042554, "23": 0.4879032258064516, "24": 0.3541666666666667, "25": 0.3263157894736842, "26": 0.1717171717171717, "27": 0.6041666666666666, "28": 0.21354166666666666, "29": 0.1836734693877551, "30": 0.2013888888888889},
  "recall": 0.35980071617624165,
  "scene_recalls": {"1": 0.3147208121827411, "2": 0.4421768707482993, "3": 0.519650655021834, "4": 0.3076923076923077, "5": 0.4180327868852459, "6": 0.31196581196581197, "7": 0.36082474226804123, "8": 0.29591836734693877, "9": 0.3175182481751825, "10": 0.3194444444444444, "11": 0.5431472081218274, "12": 0.47079037800687284, "13": 0.20221606648199447, "14": 0.2298507462686567, "15": 0.23183391003460208, "16": 0.4909560723514212, "17": 0.39570552147239263, "18": 0.3633217993079585, "19": 0.4823529411764706, "20": 0.3254281949934124},
  "targets_count": 6423,
  "tp_count": 2311
}