{
  "gt_count": 6900,
  "mean_obj_recall": 0.24513850808361862,
  "mean_scene_recall": 0.23655428791563438,
  "obj_recalls": {"1": 0.15208613728129206, "2": 0.23809523809523808, "3": 0.265625, "4": 0.16161616161616163, "5": 0.3894736842105263, "6": 0.1326530612244898, "7": 0.364, "8": 0.21333333333333335, "9": 0.5528455284552846, "10": 0.3006993006993007, "11": 0.10285714285714286, "12": 0.2302158273381295, "13": 0.4142857142857143, "14": 0.3150684931506849, "15": 0.4520547945205479, "16": 0.5691489361702128, "17": 0.7465753424657534, "18": 0.18493150684931506, "19": 0.08376963350785341, "20": 0.04583333333333333, "21": 0.09714285714285714, "22": 0.0425531914893617, "23": 0.2903225806451613, "24": 0.25, "25": 0.09473684210526316, "26": 0.030303030303030304, "27": 0.40625, "28": 0.052083333333333336, "29": 0.07142857142857142, "30": 0.10416666666666667},
  "recall": 0.2371166121749961,
  "scene_recalls": {"1": 0.16751269035532995, "2": 0.29931972789115646, "3": 0.314410480349345, "4": 0.14358974358974358, "5": 0.28688524590163933, "6": 0.12393162393162394, "7": 0.29381443298969073, "8": 0.1598639455782313, "9": 0.20985401459854014, "10": 0.21180555555555555, "11": 0.39086294416243655, "12": 0.36082474226804123, "13": 0.06371191135734072, "14": 0.11641791044776119, "15": 0.07958477508650519, "16": 0.3850129198966408, "17": 0.24233128834355827, "18": 0.2560553633217993, "19": 0.4, "20": 0.22529644268774704},
  "targets_count": 6423,
  "tp_count": 1523
}