{
  "gt_count": 6900,
  "mean_obj_recall": 0.3338426885290291,
  "mean_scene_recall": 0.32871387051530265,
  "obj_recalls": {"1": 0.2449528936742934, "2": 0.32653061224489793, "3": 0.3125, "4": 0.234006734006734, "5": 0.48947368421052634, "6": 0.23469387755102042, "7": 0.472, "8": 0.38666666666666666, "9": 0.6585365853658537, "10": 0.3706293706293706, "11": 0.32, "12": 0.37410071942446044, "13": 0.45, "14": 0.3972602739726027, "15": 0.4863013698630137, "16": 0.6170212765957447, "17": 0.7534246575342466, "18": 0.2534246575342466, "19": 0.16230366492146597, "20": 0.08333333333333333, "21": 0.21142857142857144, "22": 0.0851063829787234, "23": 0.43951612903225806, "24": 0.3333333333333333, "25": 0.25263157894736843, "26": 0.08080808080808081, "27": 0.53125, "28": 0.171875, "29": 0.12244897959183673, "30": 0.1597222222222222},
  "recall": 0.32430328506928224,
  "scene_recalls": {"1": 0.25888324873096447, "2": 0.40816326530612246, "3": 0.45414847161572053, "4": 0.2512820512820513, "5": 0.3729508196721312, "6": 0.26495726495726496, "7": 0.35051546391752575, "8": 0.25510204081632654, "9": 0.2937956204379562, "10": 0.2916666666666667, "11": 0.5126903553299492, "12": 0.42955326460481097, "13": 0.1523545706371191, "14": 0.1880597014925373, "15": 0.18339100346020762, "16": 0.4625322997416021, "17": 0.35276073619631904, "18": 0.3356401384083045, "19": 0.4541176470588235, "20": 0.30171277997364954},
  "targets_count": 6423,
  "tp_count": 2083
}