{
  "gt_count": 6900,
  "mean_obj_recall": 0.11595289195125989,
  "mean_scene_recall": 0.10881378323069431,
  "obj_recalls": {"1": 0.04845222072678331, "2": 0.049886621315192746, "3": 0.059895833333333336, "4": 0.04040404040404041, "5": 0.15789473684210525, "6": 0.09183673469387756, "7": 0.252, "8": 0.06, "9": 0.2032520325203252, "10": 0.15384615384615385, "11": 0.045714285714285714, "12": 0.10071942446043165, "13": 0.10714285714285714, "14": 0.07534246575342465, "15": 0.17123287671232876, "16": 0.03723404255319149, "17": 0.4178082191780822, "18": 0.1780821917808219, "19": 0.05235602094240838, "20": 0.058333333333333334, "21": 0.07428571428571429, "22": 0.09574468085106383, "23": 0.09274193548387097, "24": 0.07291666666666667, "25": 0.08421052631578947, "26": 0.030303030303030304, "27": 0.21875, "28": 0.13541666666666666, "29": 0.15306122448979592, "30": 0.1597222222222222},
  "recall": 0.10010898334111785,
  "scene_recalls": {"1": 0.10152284263959391, "2": 0.17687074829931973, "3": 0.13537117903930132, "4": 0.07179487179487179, "5": 0.12295081967213115, "6": 0.0811965811965812, "7": 0.11082474226804123, "8": 0.0782312925170068, "9": 0.051094890510948905, "10": 0.11805555555555555, "11": 0.18781725888324874, "12": 0.14432989690721648, "13": 0.06371191135734072, "14": 0.0626865671641791, "15": 0.13494809688581316, "16": 0.14728682170542637, "17": 0.12576687116564417, "18": 0.07612456747404844, "19": 0.14352941176470588, "20": 0.04216073781291173},
  "targets_count": 6423,
  "tp_count": 643
}