{
  "gt_count": 6900,
  "mean_obj_recall": 0.025477122806143646,
  "mean_scene_recall": 0.019670067397459436,
  "obj_recalls": {"1": 0.0013458950201884253, "2": 0.0, "3": 0.0026041666666666665, "4": 0.0, "5": 0.03684210526315789, "6": 0.0, "7": 0.024, "8": 0.013333333333333334, "9": 0.028455284552845527, "10": 0.013986013986013986, "11": 0.0, "12": 0.0, "13": 0.0, "14": 0.00684931506849315, "15": 0.07534246575342465, "16": 0.0, "17": 0.18493150684931506, "18": 0.04794520547945205, "19": 0.010471204188481676, "20": 0.0125, "21": 0.0, "22": 0.010638297872340425, "23": 0.024193548387096774, "24": 0.010416666666666666, "25": 0.010526315789473684, "26": 0.010101010101010102, "27": 0.08333333333333333, "28": 0.036458333333333336, "29": 0.07142857142857142, "30": 0.04861111111111111},
  "recall": 0.018371477502724585,
  "scene_recalls": {"1": 0.025380710659898477, "2": 0.02040816326530612, "3": 0.017467248908296942, "4": 0.015384615384615385, "5": 0.02459016393442623, "6": 0.0, "7": 0.030927835051546393, "8": 0.017006802721088437, "9": 0.0, "10": 0.020833333333333332, "11": 0.03553299492385787, "12": 0.013745704467353952, "13": 0.019390581717451522, "14": 0.005970149253731343, "15": 0.04152249134948097, "16": 0.031007751937984496, "17": 0.015337423312883436, "18": 0.0034602076124567475, "19": 0.05411764705882353, "20": 0.0013175230566534915},
  "targets_count": 6423,
  "tp_count": 118
}