{
  "gt_count": 6900,
  "mean_obj_recall": 0.08849076192412127,
  "mean_scene_recall": 0.08167824384214718,
  "obj_recalls": {"1": 0.02826379542395693, "2": 0.027210884353741496, "3": 0.028645833333333332, "4": 0.02356902356902357, "5": 0.14736842105263157, "6": 0.04081632653061224, "7": 0.192, "8": 0.04666666666666667, "9": 0.16260162601626016, "10": 0.11888111888111888, "11": 0.011428571428571429, "12": 0.07913669064748201, "13": 0.08571428571428572, "14": 0.04794520547945205, "15": 0.136986301369863, "16": 0.026595744680851064, "17": 0.3972602739726027, "18": 0.1506849315068493, "19": 0.02617801047120419, "20": 0.0375, "21": 0.05714285714285714, "22": 0.06914893617021277, "23": 0.07661290322580645, "24": 0.052083333333333336, "25": 0.06315789473684211, "26": 0.020202020202020204, "27": 0.14583333333333334, "28": 0.09375, "29": 0.12244897959183673, "30": 0.1388888888888889},
  "recall": 0.07426436244745446,
  "scene_recalls": {"1": 0.07106598984771574, "2": 0.14285714285714285, "3": 0.09606986899563319, "4": 0.046153846153846156, "5": 0.0860655737704918, "6": 0.05555555555555555, "7": 0.09536082474226804, "8": 0.06462585034013606, "9": 0.020072992700729927, "10": 0.08680555555555555, "11": 0.17258883248730963, "12": 0.08934707903780069, "13": 0.0443213296398892, "14": 0.041791044776119404, "15": 0.10726643598615918, "16": 0.11627906976744186, "17": 0.10122699386503067, "18": 0.04844290657439446, "19": 0.12, "20": 0.02766798418972332},
  "targets_count": 6423,
  "tp_count": 477
}