{
  "gt_count": 6900,
  "mean_obj_recall": 0.004491105512609623,
  "mean_scene_recall": 0.0027670836398600795,
  "obj_recalls": {"1": 0.0, "2": 0.0022675736961451248, "3": 0.0, "4": 0.0016835016835016834, "5": 0.0, "6": 0.0, "7": 0.0, "8": 0.0, "9": 0.0, "10": 0.0, "11": 0.0, "12": 0.0, "13": 0.0, "14": 0.00684931506849315, "15": 0.0, "16": 0.015957446808510637, "17": 0.10273972602739725, "18": 0.0, "19": 0.005235602094240838, "20": 0.0, "21": 0.0, "22": 0.0, "23": 0.0, "24": 0.0, "25": 0.0, "26": 0.0, "27": 0.0, "28": 0.0, "29": 0.0, "30": 0.0},
  "recall": 0.003425190720846956,
  "scene_recalls": {"1": 0.0, "2": 0.0, "3": 0.0, "4": 0.0, "5": 0.0, "6": 0.0, "7": 0.02577319587628866, "8": 0.003401360544217687, "9": 0.0018248175182481751, "10": 0.0, "11": 0.0, "12": 0.0, "13": 0.0, "14": 0.0, "15": 0.0, "16": 0.020671834625323, "17": 0.0, "18": 0.0, "19": 0.002352941176470588, "20": 0.0013175230566534915},
  "targets_count": 6423,
  "tp_count": 22
}