{
  "gt_count": 6900,
  "mean_obj_recall": 0.007596630422642511,
  "mean_scene_recall": 0.0048749910140425245,
  "obj_recalls": {"1": 0.0, "2": 0.0045351473922902496, "3": 0.0026041666666666665, "4": 0.0016835016835016834, "5": 0.0, "6": 0.0, "7": 0.0, "8": 0.0, "9": 0.0040650406504065045, "10": 0.0, "11": 0.0, "12": 0.0, "13": 0.0, "14": 0.00684931506849315, "15": 0.0136986301369863, "16": 0.02127659574468085, "17": 0.15753424657534246, "18": 0.0, "19": 0.005235602094240838, "20": 0.0, "21": 0.0, "22": 0.0, "23": 0.0, "24": 0.005208333333333333, "25": 0.0, "26": 0.0, "27": 0.0, "28": 0.005208333333333333, "29": 0.0, "30": 0.0},
  "recall": 0.005916238517826561,
  "scene_recalls": {"1": 0.0, "2": 0.0, "3": 0.0, "4": 0.0, "5": 0.0, "6": 0.0, "7": 0.03865979381443299, "8": 0.003401360544217687, "9": 0.0036496350364963502, "10": 0.003472222222222222, "11": 0.005076142131979695, "12": 0.0, "13": 0.002770083102493075, "14": 0.0, "15": 0.0, "16": 0.028423772609819122, "17": 0.0, "18": 0.0, "19": 0.009411764705882352, "20": 0.002635046113306983},
  "targets_count": 6423,
  "tp_count": 38
}