{
  "gt_count": 6900,
  "mean_obj_recall": 0.1008103665433702,
  "mean_scene_recall": 0.09388637186119553,
  "obj_recalls": {"1": 0.04172274562584118, "2": 0.04081632653061224, "3": 0.041666666666666664, "4": 0.026936026936026935, "5": 0.15789473684210525, "6": 0.07142857142857142, "7": 0.216, "8": 0.04666666666666667, "9": 0.18699186991869918, "10": 0.13286713286713286, "11": 0.02857142857142857, "12": 0.08633093525179857, "13": 0.09285714285714286, "14": 0.0684931506849315, "15": 0.1506849315068493, "16": 0.03723404255319149, "17": 0.3972602739726027, "18": 0.15753424657534246, "19": 0.041884816753926704, "20": 0.041666666666666664, "21": 0.06857142857142857, "22": 0.0797872340425532, "23": 0.08064516129032258, "24": 0.06770833333333333, "25": 0.06315789473684211, "26": 0.030303030303030304, "27": 0.19791666666666666, "28": 0.109375, "29": 0.12244897959183673, "30": 0.1388888888888889},
  "recall": 0.08609683948310758,
  "scene_recalls": {"1": 0.07106598984771574, "2": 0.16326530612244897, "3": 0.1091703056768559, "4": 0.06153846153846154, "5": 0.10655737704918032, "6": 0.06837606837606838, "7": 0.10051546391752578, "8": 0.07482993197278912, "9": 0.0364963503649635, "10": 0.10416666666666667, "11": 0.17766497461928935, "12": 0.10996563573883161, "13": 0.04986149584487535, "14": 0.04776119402985075, "15": 0.11764705882352941, "16": 0.12919896640826872, "17": 0.1165644171779141, "18": 0.0657439446366782, "19": 0.13176470588235295, "20": 0.03557312252964427},
  "targets_count": 6423,
  "tp_count": 553
}