{
  "gt_count": 6900,
  "mean_obj_recall": 0.042481129369349224,
  "mean_scene_recall": 0.03478271674766341,
  "obj_recalls": {"1": 0.004037685060565276, "2": 0.0, "3": 0.005208333333333333, "4": 0.0, "5": 0.06842105263157895, "6": 0.02040816326530612, "7": 0.06, "8": 0.02, "9": 0.06504065040650407, "10": 0.027972027972027972, "11": 0.0, "12": 0.014388489208633094, "13": 0.007142857142857143, "14": 0.02054794520547945, "15": 0.0958904109589041, "16": 0.0, "17": 0.3013698630136986, "18": 0.08904109589041095, "19": 0.010471204188481676, "20": 0.020833333333333332, "21": 0.017142857142857144, "22": 0.0425531914893617, "23": 0.028225806451612902, "24": 0.010416666666666666, "25": 0.031578947368421054, "26": 0.010101010101010102, "27": 0.11458333333333333, "28": 0.041666666666666664, "29": 0.09183673469387756, "30": 0.05555555555555555},
  "recall": 0.03144947843686751,
  "scene_recalls": {"1": 0.04060913705583756, "2": 0.061224489795918366, "3": 0.034934497816593885, "4": 0.020512820512820513, "5": 0.036885245901639344, "6": 0.008547008547008548, "7": 0.05154639175257732, "8": 0.030612244897959183, "9": 0.0, "10": 0.03819444444444445, "11": 0.07106598984771574, "12": 0.030927835051546393, "13": 0.024930747922437674, "14": 0.008955223880597015, "15": 0.05536332179930796, "16": 0.04909560723514212, "17": 0.027607361963190184, "18": 0.01730103806228374, "19": 0.08470588235294117, "20": 0.002635046113306983},
  "targets_count": 6423,
  "tp_count": 202
}