{
  "gt_count": 6900,
  "mean_obj_recall": 0.006060284240193929,
  "mean_scene_recall": 0.004097941808243562,
  "obj_recalls": {"1": 0.0, "2": 0.0, "3": 0.0, "4": 0.0, "5": 0.005263157894736842, "6": 0.0, "7": 0.0, "8": 0.0, "9": 0.0040650406504065045, "10": 0.0, "11": 0.0, "12": 0.0, "13": 0.0, "14": 0.0, "15": 0.00684931506849315, "16": 0.0, "17": 0.0547945205479452, "18": 0.00684931506849315, "19": 0.0, "20": 0.0, "21": 0.0, "22": 0.005319148936170213, "23": 0.004032258064516129, "24": 0.005208333333333333, "25": 0.0, "26": 0.0, "27": 0.03125, "28": 0.010416666666666666, "29": 0.04081632653061224, "30": 0.006944444444444444},
  "recall": 0.0038922621827806323,
  "scene_recalls": {"1": 0.015228426395939087, "2": 0.0, "3": 0.0, "4": 0.005128205128205128, "5": 0.004098360655737705, "6": 0.0, "7": 0.007731958762886598, "8": 0.003401360544217687, "9": 0.0, "10": 0.006944444444444444, "11": 0.0, "12": 0.0, "13": 0.002770083102493075, "14": 0.0, "15": 0.01384083044982699, "16": 0.0103359173126615, "17": 0.003067484662576687, "18": 0.0, "19": 0.009411764705882352, "20": 0.0},
  "targets_count": 6423,
  "tp_count": 25
}