{
  "gt_count": 6900,
  "mean_obj_recall": 0.06808346461374272,
  "mean_scene_recall": 0.0615719778256714,
  "obj_recalls": {"1": 0.013458950201884253, "2": 0.011337868480725623, "3": 0.015625, "4": 0.010101010101010102, "5": 0.1368421052631579, "6": 0.030612244897959183, "7": 0.148, "8": 0.04, "9": 0.13008130081300814, "10": 0.06993006993006994, "11": 0.005714285714285714, "12": 0.04316546762589928, "13": 0.05, "14": 0.03424657534246575, "15": 0.11643835616438356, "16": 0.015957446808510637, "17": 0.363013698630137, "18": 0.11643835616438356, "19": 0.02617801047120419, "20": 0.025, "21": 0.03428571428571429, "22": 0.05851063829787234, "23": 0.04435483870967742, "24": 0.015625, "25": 0.05263157894736842, "26": 0.020202020202020204, "27": 0.13541666666666666, "28": 0.08333333333333333, "29": 0.09183673469387756, "30": 0.10416666666666667},
  "recall": 0.0548030515335513,
  "scene_recalls": {"1": 0.05583756345177665, "2": 0.12244897959183673, "3": 0.07860262008733625, "4": 0.046153846153846156, "5": 0.05737704918032787, "6": 0.02564102564102564, "7": 0.07731958762886598, "8": 0.05102040816326531, "9": 0.0072992700729927005, "10": 0.052083333333333336, "11": 0.14213197969543148, "12": 0.058419243986254296, "13": 0.038781163434903045, "14": 0.01791044776119403, "15": 0.07958477508650519, "16": 0.08527131782945736, "17": 0.07975460122699386, "18": 0.03806228373702422, "19": 0.10588235294117647, "20": 0.011857707509881422},
  "targets_count": 6423,
  "tp_count": 352
}