{
  "gt_count": 6900,
  "mean_obj_recall": 0.05423904590556296,
  "mean_scene_recall": 0.04722178107809261,
  "obj_recalls": {"1": 0.006729475100942127, "2": 0.0045351473922902496, "3": 0.0078125, "4": 0.005050505050505051, "5": 0.11052631578947368, "6": 0.02040816326530612, "7": 0.084, "8": 0.03333333333333333, "9": 0.1016260162601626, "10": 0.055944055944055944, "11": 0.0, "12": 0.03597122302158273, "13": 0.02142857142857143, "14": 0.0273972602739726, "15": 0.10273972602739725, "16": 0.005319148936170213, "17": 0.3219178082191781, "18": 0.0958904109589041, "19": 0.020942408376963352, "20": 0.020833333333333332, "21": 0.022857142857142857, "22": 0.047872340425531915, "23": 0.028225806451612902, "24": 0.015625, "25": 0.042105263157894736, "26": 0.020202020202020204, "27": 0.13541666666666666, "28": 0.057291666666666664, "29": 0.09183673469387756, "30": 0.08333333333333333},
  "recall": 0.04156936011209715,
  "scene_recalls": {"1": 0.04568527918781726, "2": 0.10204081632653061, "3": 0.056768558951965066, "4": 0.035897435897435895, "5": 0.05327868852459016, "6": 0.01282051282051282, "7": 0.06443298969072164, "8": 0.04421768707482993, "9": 0.0036496350364963502, "10": 0.041666666666666664, "11": 0.1116751269035533, "12": 0.037800687285223365, "13": 0.027700831024930747, "14": 0.008955223880597015, "15": 0.0726643598615917, "16": 0.06201550387596899, "17": 0.04294478527607362, "18": 0.02422145328719723, "19": 0.08941176470588236, "20": 0.006587615283267457},
  "targets_count": 6423,
  "tp_count": 267
}