{
  "gt_count": 6900,
  "mean_obj_recall": 0.005121337628286944,
  "mean_scene_recall": 0.003187540776202989,
  "obj_recalls": {"1": 0.0, "2": 0.0022675736961451248, "3": 0.0, "4": 0.0016835016835016834, "5": 0.0, "6": 0.0, "7": 0.0, "8": 0.0, "9": 0.0, "10": 0.0, "11": 0.0, "12": 0.0, "13": 0.0, "14": 0.00684931506849315, "15": 0.0, "16": 0.015957446808510637, "17": 0.11643835616438356, "18": 0.0, "19": 0.005235602094240838, "20": 0.0, "21": 0.0, "22": 0.0, "23": 0.0, "24": 0.005208333333333333, "25": 0.0, "26": 0.0, "27": 0.0, "28": 0.0, "29": 0.0, "30": 0.0},
  "recall": 0.0038922621827806323,
  "scene_recalls": {"1": 0.0, "2": 0.0, "3": 0.0, "4": 0.0, "5": 0.0, "6": 0.0, "7": 0.02577319587628866, "8": 0.003401360544217687, "9": 0.0018248175182481751, "10": 0.003472222222222222, "11": 0.0, "12": 0.0, "13": 0.0, "14": 0.0, "15": 0.0, "16": 0.023255813953488372, "17": 0.0, "18": 0.0, "19": 0.004705882352941176, "20": 0.0013175230566534915},
  "targets_count": 6423,
  "tp_count": 25
}