{
  "gt_count": 6900,
  "mean_obj_recall": 0.10884631597140233,
  "mean_scene_recall": 0.10121498597054383,
  "obj_recalls": {"1": 0.04441453566621804, "2": 0.047619047619047616, "3": 0.049479166666666664, "4": 0.030303030303030304, "5": 0.15789473684210525, "6": 0.09183673469387756, "7": 0.224, "8": 0.05333333333333334, "9": 0.1991869918699187, "10": 0.13986013986013987, "11": 0.04, "12": 0.09352517985611511, "13": 0.10714285714285714, "14": 0.0684931506849315, "15": 0.15753424657534246, "16": 0.03723404255319149, "17": 0.410958904109589, "18": 0.1643835616438356, "19": 0.04712041884816754, "20": 0.041666666666666664, "21": 0.07428571428571429, "22": 0.09042553191489362, "23": 0.08870967741935484, "24": 0.07291666666666667, "25": 0.08421052631578947, "26": 0.030303030303030304, "27": 0.20833333333333334, "28": 0.11458333333333333, "29": 0.14285714285714285, "30": 0.1527777777777778},
  "recall": 0.09279153043749026,
  "scene_recalls": {"1": 0.10152284263959391, "2": 0.16326530612244897, "3": 0.12663755458515283, "4": 0.06666666666666667, "5": 0.10655737704918032, "6": 0.0811965811965812, "7": 0.10051546391752578, "8": 0.0782312925170068, "9": 0.041970802919708027, "10": 0.1076388888888889, "11": 0.18274111675126903, "12": 0.12027491408934708, "13": 0.05263157894736842, "14": 0.05970149253731343, "15": 0.1245674740484429, "16": 0.13953488372093023, "17": 0.1196319018404908, "18": 0.0726643598615917, "19": 0.1388235294117647, "20": 0.039525691699604744},
  "targets_count": 6423,
  "tp_count": 596
}