{
  "gt_count": 6900,
  "mean_obj_recall": 0.07996875180443798,
  "mean_scene_recall": 0.07320577168140506,
  "obj_recalls": {"1": 0.021534320323014805, "2": 0.02040816326530612, "3": 0.020833333333333332, "4": 0.020202020202020204, "5": 0.14736842105263157, "6": 0.04081632653061224, "7": 0.184, "8": 0.04666666666666667, "9": 0.15447154471544716, "10": 0.1048951048951049, "11": 0.005714285714285714, "12": 0.05755395683453238, "13": 0.06428571428571428, "14": 0.0410958904109589, "15": 0.13013698630136986, "16": 0.015957446808510637, "17": 0.3904109589041096, "18": 0.13013698630136986, "19": 0.02617801047120419, "20": 0.029166666666666667, "21": 0.045714285714285714, "22": 0.06382978723404255, "23": 0.056451612903225805, "24": 0.036458333333333336, "25": 0.06315789473684211, "26": 0.020202020202020204, "27": 0.14583333333333334, "28": 0.08854166666666667, "29": 0.10204081632653061, "30": 0.125},
  "recall": 0.06616845710727075,
  "scene_recalls": {"1": 0.06091370558375635, "2": 0.14285714285714285, "3": 0.08733624454148471, "4": 0.046153846153846156, "5": 0.0778688524590164, "6": 0.038461538461538464, "7": 0.08505154639175258, "8": 0.05102040816326531, "9": 0.014598540145985401, "10": 0.06944444444444445, "11": 0.15736040609137056, "12": 0.07216494845360824, "13": 0.0443213296398892, "14": 0.029850746268656716, "15": 0.10034602076124567, "16": 0.10852713178294573, "17": 0.0950920245398773, "18": 0.04844290657439446, "19": 0.11058823529411765, "20": 0.023715415019762844},
  "targets_count": 6423,
  "tp_count": 425
}