{
  "gt_count": 6900,
  "mean_obj_recall": 0.21470843735385886,
  "mean_scene_recall": 0.21836606644448736,
  "obj_recalls": {"1": 0.06729475100942127, "2": 0.2494331065759637, "3": 0.19270833333333334, "4": 0.15993265993265993, "5": 0.5105263157894737, "6": 0.37755102040816324, "7": 0.316, "8": 0.48, "9": 0.5650406504065041, "10": 0.38461538461538464, "11": 0.08571428571428572, "12": 0.2589928057553957, "13": 0.07142857142857142, "14": 0.2808219178082192, "15": 0.04794520547945205, "16": 0.5478723404255319, "17": 0.6301369863013698, "18": 0.23972602739726026, "19": 0.06282722513089005, "20": 0.016666666666666666, "21": 0.05142857142857143, "22": 0.09574468085106383, "23": 0.14919354838709678, "24": 0.125, "25": 0.09473684210526316, "26": 0.1919191919191919, "27": 0.0, "28": 0.03125, "29": 0.14285714285714285, "30": 0.013888888888888888},
  "recall": 0.2025533239919041,
  "scene_recalls": {"1": 0.06598984771573604, "2": 0.43537414965986393, "3": 0.3406113537117904, "4": 0.2923076923076923, "5": 0.20081967213114754, "6": 0.18376068376068377, "7": 0.25257731958762886, "8": 0.061224489795918366, "9": 0.1551094890510949, "10": 0.1527777777777778, "11": 0.6040609137055838, "12": 0.30584192439862545, "13": 0.038781163434903045, "14": 0.07462686567164178, "15": 0.08996539792387544, "16": 0.31007751937984496, "17": 0.2361963190184049, "18": 0.14878892733564014, "19": 0.23529411764705882, "20": 0.1831357048748353},
  "targets_count": 6423,
  "tp_count": 1301
}