{
  "gt_count": 6900,
  "mean_obj_recall": 0.2664994827740765,
  "mean_scene_recall": 0.2735716673565668,
  "obj_recalls": {"1": 0.11305518169582772, "2": 0.29705215419501135, "3": 0.234375, "4": 0.2053872053872054, "5": 0.531578947368421, "6": 0.4387755102040816, "7": 0.412, "8": 0.6, "9": 0.6544715447154471, "10": 0.4755244755244755, "11": 0.1657142857142857, "12": 0.35251798561151076, "13": 0.10714285714285714, "14": 0.3356164383561644, "15": 0.07534246575342465, "16": 0.5797872340425532, "17": 0.6643835616438356, "18": 0.2671232876712329, "19": 0.11518324607329843, "20": 0.05, "21": 0.10285714285714286, "22": 0.13297872340425532, "23": 0.25806451612903225, "24": 0.17708333333333334, "25": 0.15789473684210525, "26": 0.23232323232323232, "27": 0.03125, "28": 0.036458333333333336, "29": 0.16326530612244897, "30": 0.027777777777777776},
  "recall": 0.2543982562665421,
  "scene_recalls": {"1": 0.1218274111675127, "2": 0.5170068027210885, "3": 0.43231441048034935, "4": 0.3435897435897436, "5": 0.27049180327868855, "6": 0.23931623931623933, "7": 0.27319587628865977, "8": 0.1292517006802721, "9": 0.19525547445255476, "10": 0.20833333333333334, "11": 0.6548223350253807, "12": 0.38831615120274915, "13": 0.07202216066481995, "14": 0.1373134328358209, "15": 0.11764705882352941, "16": 0.3643410852713178, "17": 0.31901840490797545, "18": 0.18339100346020762, "19": 0.28, "20": 0.22397891963109354},
  "targets_count": 6423,
  "tp_count": 1634
}