{
  "gt_count": 6900,
  "mean_obj_recall": 0.289243360818837,
  "mean_scene_recall": 0.2979534937836758,
  "obj_recalls": {"1": 0.126514131897712, "2": 0.31746031746031744, "3": 0.2552083333333333, "4": 0.22727272727272727, "5": 0.5421052631578948, "6": 0.46938775510204084, "7": 0.476, "8": 0.66, "9": 0.6788617886178862, "10": 0.5174825174825175, "11": 0.19428571428571428, "12": 0.381294964028777, "13": 0.12857142857142856, "14": 0.3424657534246575, "15": 0.07534246575342465, "16": 0.5957446808510638, "17": 0.6643835616438356, "18": 0.2945205479452055, "19": 0.13089005235602094, "20": 0.07083333333333333, "21": 0.13714285714285715, "22": 0.14893617021276595, "23": 0.2903225806451613, "24": 0.17708333333333334, "25": 0.18947368421052632, "26": 0.25252525252525254, "27": 0.0625, "28": 0.0625, "29": 0.17346938775510204, "30": 0.034722222222222224},
  "recall": 0.2765063054647361,
  "scene_recalls": {"1": 0.13705583756345177, "2": 0.5374149659863946, "3": 0.47161572052401746, "4": 0.39487179487179486, "5": 0.3073770491803279, "6": 0.2777777777777778, "7": 0.2912371134020619, "8": 0.1564625850340136, "9": 0.21532846715328466, "10": 0.21875, "11": 0.6751269035532995, "12": 0.40893470790378006, "13": 0.0886426592797784, "14": 0.16417910447761194, "15": 0.14186851211072665, "16": 0.3798449612403101, "17": 0.3588957055214724, "18": 0.21107266435986158, "19": 0.28941176470588237, "20": 0.233201581027668},
  "targets_count": 6423,
  "tp_count": 1776
}