{
  "gt_count": 6900,
  "mean_obj_recall": 0.27785918398392667,
  "mean_scene_recall": 0.28589252401575793,
  "obj_recalls": {"1": 0.12113055181695828, "2": 0.31065759637188206, "3": 0.24479166666666666, "4": 0.21717171717171718, "5": 0.531578947368421, "6": 0.4489795918367347, "7": 0.444, "8": 0.6266666666666667, "9": 0.6707317073170732, "10": 0.48951048951048953, "11": 0.18857142857142858, "12": 0.3669064748201439, "13": 0.12142857142857143, "14": 0.3424657534246575, "15": 0.07534246575342465, "16": 0.5851063829787234, "17": 0.6643835616438356, "18": 0.2808219178082192, "19": 0.11518324607329843, "20": 0.058333333333333334, "21": 0.12, "22": 0.14361702127659576, "23": 0.2701612903225806, "24": 0.17708333333333334, "25": 0.16842105263157894, "26": 0.25252525252525254, "27": 0.052083333333333336, "28": 0.046875, "29": 0.17346938775510204, "30": 0.027777777777777776},
  "recall": 0.26560797135295033,
  "scene_recalls": {"1": 0.12690355329949238, "2": 0.5306122448979592, "3": 0.44541484716157204, "4": 0.38461538461538464, "5": 0.29098360655737704, "6": 0.2564102564102564, "7": 0.28350515463917525, "8": 0.13945578231292516, "9": 0.20802919708029197, "10": 0.21180555555555555, "11": 0.6598984771573604, "12": 0.39862542955326463, "13": 0.07756232686980609, "14": 0.14925373134328357, "15": 0.1314878892733564, "16": 0.37467700258397935, "17": 0.3374233128834356, "18": 0.1972318339100346, "19": 0.2847058823529412, "20": 0.22924901185770752},
  "targets_count": 6423,
  "tp_count": 1706
}