{
  "gt_count": 6900,
  "mean_obj_recall": 0.25197163347197715,
  "mean_scene_recall": 0.25793672577387516,
  "obj_recalls": {"1": 0.09959623149394348, "2": 0.2857142857142857, "3": 0.2265625, "4": 0.18855218855218855, "5": 0.5157894736842106, "6": 0.41836734693877553, "7": 0.384, "8": 0.5666666666666667, "9": 0.6382113821138211, "10": 0.45454545454545453, "11": 0.15428571428571428, "12": 0.31654676258992803, "13": 0.10714285714285714, "14": 0.3013698630136986, "15": 0.07534246575342465, "16": 0.5797872340425532, "17": 0.6643835616438356, "18": 0.2671232876712329, "19": 0.10471204188481675, "20": 0.03333333333333333, "21": 0.08, "22": 0.10106382978723404, "23": 0.2217741935483871, "24": 0.171875, "25": 0.1368421052631579, "26": 0.2222222222222222, "27": 0.03125, "28": 0.03125, "29": 0.15306122448979592, "30": 0.027777777777777776},
  "recall": 0.23960765997197572,
  "scene_recalls": {"1": 0.1116751269035533, "2": 0.4897959183673469, "3": 0.4104803493449782, "4": 0.3282051282051282, "5": 0.2540983606557377, "6": 0.2222222222222222, "7": 0.2706185567010309, "8": 0.10204081632653061, "9": 0.1843065693430657, "10": 0.1909722222222222, "11": 0.649746192893401, "12": 0.3642611683848797, "13": 0.055401662049861494, "14": 0.11641791044776119, "15": 0.10726643598615918, "16": 0.35142118863049093, "17": 0.2883435582822086, "18": 0.17301038062283736, "19": 0.2776470588235294, "20": 0.21080368906455862},
  "targets_count": 6423,
  "tp_count": 1539
}