{
  "gt_count": 6900,
  "mean_obj_recall": 0.13579623283404335,
  "mean_scene_recall": 0.13579168239535858,
  "obj_recalls": {"1": 0.03095558546433378, "2": 0.16326530612244897, "3": 0.109375, "4": 0.08754208754208755, "5": 0.4052631578947368, "6": 0.2653061224489796, "7": 0.144, "8": 0.29333333333333333, "9": 0.4349593495934959, "10": 0.13286713286713286, "11": 0.005714285714285714, "12": 0.1366906474820144, "13": 0.03571428571428571, "14": 0.22602739726027396, "15": 0.0273972602739726, "16": 0.5053191489361702, "17": 0.5273972602739726, "18": 0.07534246575342465, "19": 0.02617801047120419, "20": 0.0, "21": 0.017142857142857144, "22": 0.03723404255319149, "23": 0.07661290322580645, "24": 0.046875, "25": 0.06315789473684211, "26": 0.10101010101010101, "27": 0.0, "28": 0.020833333333333332, "29": 0.07142857142857142, "30": 0.006944444444444444},
  "recall": 0.12673205667133738,
  "scene_recalls": {"1": 0.030456852791878174, "2": 0.272108843537415, "3": 0.19213973799126638, "4": 0.16923076923076924, "5": 0.10245901639344263, "6": 0.08547008547008547, "7": 0.17525773195876287, "8": 0.02040816326530612, "9": 0.08576642335766424, "10": 0.06944444444444445, "11": 0.4517766497461929, "12": 0.21305841924398625, "13": 0.008310249307479225, "14": 0.041791044776119404, "15": 0.04844290657439446, "16": 0.2248062015503876, "17": 0.147239263803681, "18": 0.07612456747404844, "19": 0.18823529411764706, "20": 0.11330698287220026},
  "targets_count": 6423,
  "tp_count": 814
}