{
  "gt_count": 6900,
  "mean_obj_recall": 0.07162259365603804,
  "mean_scene_recall": 0.07138184567425679,
  "obj_recalls": {"1": 0.016150740242261104, "2": 0.08390022675736962, "3": 0.046875, "4": 0.045454545454545456, "5": 0.21052631578947367, "6": 0.09183673469387756, "7": 0.072, "8": 0.13333333333333333, "9": 0.2967479674796748, "10": 0.013986013986013986, "11": 0.005714285714285714, "12": 0.050359712230215826, "13": 0.007142857142857143, "14": 0.10273972602739725, "15": 0.0136986301369863, "16": 0.4095744680851064, "17": 0.3287671232876712, "18": 0.0136986301369863, "19": 0.005235602094240838, "20": 0.0, "21": 0.005714285714285714, "22": 0.005319148936170213, "23": 0.04032258064516129, "24": 0.026041666666666668, "25": 0.042105263157894736, "26": 0.04040404040404041, "27": 0.0, "28": 0.010416666666666666, "29": 0.030612244897959183, "30": 0.0},
  "recall": 0.06850381441693912,
  "scene_recalls": {"1": 0.01015228426395939, "2": 0.12244897959183673, "3": 0.08733624454148471, "4": 0.06666666666666667, "5": 0.040983606557377046, "6": 0.03418803418803419, "7": 0.10309278350515463, "8": 0.006802721088435374, "9": 0.04744525547445255, "10": 0.027777777777777776, "11": 0.25380710659898476, "12": 0.12371134020618557, "13": 0.002770083102493075, "14": 0.020895522388059702, "15": 0.020761245674740483, "16": 0.12919896640826872, "17": 0.07668711656441718, "18": 0.05536332179930796, "19": 0.14352941176470588, "20": 0.05401844532279315},
  "targets_count": 6423,
  "tp_count": 440
}