{
  "gt_count": 6900,
  "mean_obj_recall": 0.2373382282242898,
  "mean_scene_recall": 0.24177581385983324,
  "obj_recalls": {"1": 0.0847913862718708, "2": 0.272108843537415, "3": 0.2109375, "4": 0.17845117845117844, "5": 0.5157894736842106, "6": 0.3979591836734694, "7": 0.364, "8": 0.5333333333333333, "9": 0.6016260162601627, "10": 0.43356643356643354, "11": 0.12571428571428572, "12": 0.30935251798561153, "13": 0.1, "14": 0.2945205479452055, "15": 0.04794520547945205, "16": 0.5638297872340425, "17": 0.6575342465753424, "18": 0.2534246575342466, "19": 0.08900523560209424, "20": 0.016666666666666666, "21": 0.06857142857142857, "22": 0.10106382978723404, "23": 0.1814516129032258, "24": 0.15104166666666666, "25": 0.11578947368421053, "26": 0.2222222222222222, "27": 0.03125, "28": 0.03125, "29": 0.15306122448979592, "30": 0.013888888888888888},
  "recall": 0.22434999221547564,
  "scene_recalls": {"1": 0.09644670050761421, "2": 0.46258503401360546, "3": 0.38427947598253276, "4": 0.3128205128205128, "5": 0.2336065573770492, "6": 0.21367521367521367, "7": 0.26288659793814434, "8": 0.08843537414965986, "9": 0.1678832116788321, "10": 0.16319444444444445, "11": 0.6345177664974619, "12": 0.3436426116838488, "13": 0.04986149584487535, "14": 0.09253731343283582, "15": 0.10034602076124567, "16": 0.34366925064599485, "17": 0.27607361963190186, "18": 0.15570934256055363, "19": 0.25176470588235295, "20": 0.2015810276679842},
  "targets_count": 6423,
  "tp_count": 1441
}