{
  "gt_count": 6900,
  "mean_obj_recall": 0.01142809641233376,
  "mean_scene_recall": 0.009549357816828665,
  "obj_recalls": {"1": 0.0013458950201884253, "2": 0.011337868480725623, "3": 0.005208333333333333, "4": 0.0016835016835016834, "5": 0.015789473684210527, "6": 0.0, "7": 0.004, "8": 0.006666666666666667, "9": 0.036585365853658534, "10": 0.0, "11": 0.0, "12": 0.0, "13": 0.0, "14": 0.0273972602739726, "15": 0.0, "16": 0.18085106382978725, "17": 0.04794520547945205, "18": 0.0, "19": 0.0, "20": 0.0, "21": 0.0, "22": 0.0, "23": 0.004032258064516129, "24": 0.0, "25": 0.0, "26": 0.0, "27": 0.0, "28": 0.0, "29": 0.0, "30": 0.0},
  "recall": 0.010742643624474545,
  "scene_recalls": {"1": 0.0, "2": 0.006802721088435374, "3": 0.0, "4": 0.005128205128205128, "5": 0.0, "6": 0.0, "7": 0.03608247422680412, "8": 0.0, "9": 0.009124087591240875, "10": 0.003472222222222222, "11": 0.025380710659898477, "12": 0.003436426116838488, "13": 0.0, "14": 0.0, "15": 0.0, "16": 0.046511627906976744, "17": 0.012269938650306749, "18": 0.006920415224913495, "19": 0.03058823529411765, "20": 0.005270092226613966},
  "targets_count": 6423,
  "tp_count": 69
}