{
  "gt_count": 6900,
  "mean_obj_recall": 0.18419461815874216,
  "mean_scene_recall": 0.18627721804515465,
  "obj_recalls": {"1": 0.05114401076716016, "2": 0.2108843537414966, "3": 0.15364583333333334, "4": 0.12962962962962962, "5": 0.46842105263157896, "6": 0.35714285714285715, "7": 0.26, "8": 0.41333333333333333, "9": 0.5121951219512195, "10": 0.3076923076923077, "11": 0.06285714285714286, "12": 0.2014388489208633, "13": 0.06428571428571428, "14": 0.2671232876712329, "15": 0.03424657534246575, "16": 0.5372340425531915, "17": 0.5958904109589042, "18": 0.1917808219178082, "19": 0.03664921465968586, "20": 0.008333333333333333, "21": 0.02857142857142857, "22": 0.07446808510638298, "23": 0.09274193548387097, "24": 0.08333333333333333, "25": 0.08421052631578947, "26": 0.1414141414141414, "27": 0.0, "28": 0.020833333333333332, "29": 0.12244897959183673, "30": 0.013888888888888888},
  "recall": 0.17172660750428148,
  "scene_recalls": {"1": 0.05583756345177665, "2": 0.40816326530612246, "3": 0.28820960698689957, "4": 0.23076923076923078, "5": 0.16393442622950818, "6": 0.1452991452991453, "7": 0.22422680412371135, "8": 0.034013605442176874, "9": 0.12408759124087591, "10": 0.1111111111111111, "11": 0.5532994923857868, "12": 0.27147766323024053, "13": 0.019390581717451522, "14": 0.04776119402985075, "15": 0.0726643598615917, "16": 0.29198966408268734, "17": 0.20245398773006135, "18": 0.11418685121107267, "19": 0.2164705882352941, "20": 0.15019762845849802},
  "targets_count": 6423,
  "tp_count": 1103
}