{
  "gt_count": 6900,
  "mean_obj_recall": 0.623316901356502,
  "mean_scene_recall": 0.6047816153036905,
  "obj_recalls": {"1": 0.39300134589502017, "2": 0.4512471655328798, "3": 0.453125, "4": 0.2962962962962963, "5": 0.8105263157894737, "6": 0.7448979591836735, "7": 0.756, "8": 0.6066666666666667, "9": 0.8861788617886179, "10": 0.7482517482517482, "11": 0.5942857142857143, "12": 0.7482014388489209, "13": 0.65, "14": 0.5616438356164384, "15": 0.7808219178082192, "16": 0.7127659574468085, "17": 0.9315068493150684, "18": 0.7123287671232876, "19": 0.5549738219895288, "20": 0.45, "21": 0.49142857142857144, "22": 0.4574468085106383, "23": 0.6854838709677419, "24": 0.5208333333333334, "25": 0.23157894736842105, "26": 0.5252525252525253, "27": 0.7604166666666666, "28": 0.7135416666666666, "29": 0.7346938775510204, "30": 0.7361111111111112},
  "recall": 0.5698271835590846,
  "scene_recalls": {"1": 0.5380710659898477, "2": 0.782312925170068, "3": 0.7510917030567685, "4": 0.5641025641025641, "5": 0.6680327868852459, "6": 0.6410256410256411, "7": 0.6804123711340206, "8": 0.5748299319727891, "9": 0.4142335766423358, "10": 0.6840277777777778, "11": 0.8324873096446701, "12": 0.697594501718213, "13": 0.481994459833795, "14": 0.46865671641791046, "15": 0.6678200692041523, "16": 0.7131782945736435, "17": 0.5398773006134969, "18": 0.43252595155709345, "19": 0.6352941176470588, "20": 0.32806324110671936},
  "targets_count": 6423,
  "tp_count": 3660
}