{
  "gt_count": 6900,
  "mean_obj_recall": 0.1803730419053582,
  "mean_scene_recall": 0.1689757934364946,
  "obj_recalls": {"1": 0.126514131897712, "2": 0.19727891156462585, "3": 0.21614583333333334, "4": 0.14983164983164984, "5": 0.14736842105263157, "6": 0.14285714285714285, "7": 0.1, "8": 0.31333333333333335, "9": 0.21951219512195122, "10": 0.17482517482517482, "11": 0.15428571428571428, "12": 0.1366906474820144, "13": 0.12857142857142856, "14": 0.21232876712328766, "15": 0.18493150684931506, "16": 0.3191489361702128, "17": 0.6232876712328768, "18": 0.136986301369863, "19": 0.17277486910994763, "20": 0.06666666666666667, "21": 0.08, "22": 0.06382978723404255, "23": 0.08870967741935484, "24": 0.1875, "25": 0.08421052631578947, "26": 0.13131313131313133, "27": 0.125, "28": 0.19270833333333334, "29": 0.17346938775510204, "30": 0.3611111111111111},
  "recall": 0.1729721314027713,
  "scene_recalls": {"1": 0.15736040609137056, "2": 0.10204081632653061, "3": 0.20087336244541484, "4": 0.2, "5": 0.16393442622950818, "6": 0.13247863247863248, "7": 0.25257731958762886, "8": 0.0782312925170068, "9": 0.18248175182481752, "10": 0.15625, "11": 0.2131979695431472, "12": 0.1958762886597938, "13": 0.13019390581717452, "14": 0.08059701492537313, "15": 0.1972318339100346, "16": 0.2558139534883721, "17": 0.13803680981595093, "18": 0.1245674740484429, "19": 0.25176470588235295, "20": 0.16600790513833993},
  "targets_count": 6423,
  "tp_count": 1111
}