{
  "gt_count": 6900,
  "mean_obj_recall": 0.5711261415075247,
  "mean_scene_recall": 0.5509144994895538,
  "obj_recalls": {"1": 0.3391655450874832, "2": 0.4013605442176871, "3": 0.4166666666666667, "4": 0.23737373737373738, "5": 0.7894736842105263, "6": 0.673469387755102, "7": 0.708, "8": 0.44666666666666666, "9": 0.8658536585365854, "10": 0.7412587412587412, "11": 0.44, "12": 0.697841726618705, "13": 0.6142857142857143, "14": 0.5205479452054794, "15": 0.773972602739726, "16": 0.6968085106382979, "17": 0.9178082191780822, "18": 0.678082191780822, "19": 0.47643979057591623, "20": 0.375, "21": 0.3942857142857143, "22": 0.4095744680851064, "23": 0.6088709677419355, "24": 0.46875, "25": 0.2, "26": 0.5151515151515151, "27": 0.6875, "28": 0.6822916666666666, "29": 0.6836734693877551, "30": 0.6736111111111112},
  "recall": 0.5170481083605791,
  "scene_recalls": {"1": 0.4720812182741117, "2": 0.7619047619047619, "3": 0.6462882096069869, "4": 0.5282051282051282, "5": 0.6270491803278688, "6": 0.5384615384615384, "7": 0.6649484536082474, "8": 0.5068027210884354, "9": 0.354014598540146, "10": 0.6041666666666666, "11": 0.7868020304568528, "12": 0.6494845360824743, "13": 0.407202216066482, "14": 0.408955223880597, "15": 0.6124567474048442, "16": 0.661498708010336, "17": 0.5, "18": 0.39792387543252594, "19": 0.6094117647058823, "20": 0.28063241106719367},
  "targets_count": 6423,
  "tp_count": 3321
}