{
  "gt_count": 6900,
  "mean_obj_recall": 0.0944695891556532,
  "mean_scene_recall": 0.0855452226776899,
  "obj_recalls": {"1": 0.06594885598923284, "2": 0.1383219954648526, "3": 0.12760416666666666, "4": 0.1026936026936027, "5": 0.06842105263157895, "6": 0.02040816326530612, "7": 0.028, "8": 0.1, "9": 0.12195121951219512, "10": 0.06293706293706294, "11": 0.04, "12": 0.03597122302158273, "13": 0.07142857142857142, "14": 0.136986301369863, "15": 0.14383561643835616, "16": 0.22340425531914893, "17": 0.5547945205479452, "18": 0.06164383561643835, "19": 0.03664921465968586, "20": 0.004166666666666667, "21": 0.005714285714285714, "22": 0.005319148936170213, "23": 0.04032258064516129, "24": 0.11458333333333333, "25": 0.021052631578947368, "26": 0.050505050505050504, "27": 0.041666666666666664, "28": 0.09895833333333333, "29": 0.08163265306122448, "30": 0.22916666666666666},
  "recall": 0.09403705433598007,
  "scene_recalls": {"1": 0.09644670050761421, "2": 0.02040816326530612, "3": 0.07860262008733625, "4": 0.08717948717948718, "5": 0.0860655737704918, "6": 0.02564102564102564, "7": 0.15979381443298968, "8": 0.017006802721088437, "9": 0.12226277372262774, "10": 0.0763888888888889, "11": 0.08629441624365482, "12": 0.11683848797250859, "13": 0.0443213296398892, "14": 0.014925373134328358, "15": 0.07958477508650519, "16": 0.18604651162790697, "17": 0.07668711656441718, "18": 0.05190311418685121, "19": 0.17647058823529413, "20": 0.1080368906455863},
  "targets_count": 6423,
  "tp_count": 604
}