{
  "gt_count": 6900,
  "mean_obj_recall": 0.0709408897616976,
  "mean_scene_recall": 0.06381454332833755,
  "obj_recalls": {"1": 0.047106325706594884, "2": 0.1111111111111111, "3": 0.10416666666666667, "4": 0.07407407407407407, "5": 0.05789473684210526, "6": 0.0, "7": 0.012, "8": 0.04666666666666667, "9": 0.09349593495934959, "10": 0.027972027972027972, "11": 0.011428571428571429, "12": 0.007194244604316547, "13": 0.05, "14": 0.0958904109589041, "15": 0.1232876712328767, "16": 0.21808510638297873, "17": 0.5273972602739726, "18": 0.0410958904109589, "19": 0.015706806282722512, "20": 0.0, "21": 0.005714285714285714, "22": 0.005319148936170213, "23": 0.028225806451612902, "24": 0.09375, "25": 0.010526315789473684, "26": 0.0, "27": 0.010416666666666666, "28": 0.057291666666666664, "29": 0.05102040816326531, "30": 0.2013888888888889},
  "recall": 0.07146193367585241,
  "scene_recalls": {"1": 0.08121827411167512, "2": 0.013605442176870748, "3": 0.056768558951965066, "4": 0.041025641025641026, "5": 0.06147540983606557, "6": 0.004273504273504274, "7": 0.13402061855670103, "8": 0.01020408163265306, "9": 0.08759124087591241, "10": 0.0625, "11": 0.05583756345177665, "12": 0.08934707903780069, "13": 0.030470914127423823, "14": 0.008955223880597015, "15": 0.04498269896193772, "16": 0.16795865633074936, "17": 0.05828220858895705, "18": 0.04152249134948097, "19": 0.14588235294117646, "20": 0.08036890645586298},
  "targets_count": 6423,
  "tp_count": 459
}