{
  "gt_count": 6900,
  "mean_obj_recall": 0.004104050154178709,
  "mean_scene_recall": 0.002501675844439506,
  "obj_recalls": {"1": 0.0, "2": 0.0045351473922902496, "3": 0.0, "4": 0.0, "5": 0.0, "6": 0.0, "7": 0.0, "8": 0.0, "9": 0.0, "10": 0.0, "11": 0.0, "12": 0.0, "13": 0.0, "14": 0.0, "15": 0.0, "16": 0.010638297872340425, "17": 0.10273972602739725, "18": 0.0, "19": 0.0, "20": 0.0, "21": 0.0, "22": 0.0, "23": 0.0, "24": 0.005208333333333333, "25": 0.0, "26": 0.0, "27": 0.0, "28": 0.0, "29": 0.0, "30": 0.0},
  "recall": 0.0031138097462245057,
  "scene_recalls": {"1": 0.0, "2": 0.0, "3": 0.0, "4": 0.0, "5": 0.0, "6": 0.0, "7": 0.01804123711340206, "8": 0.0, "9": 0.0018248175182481751, "10": 0.003472222222222222, "11": 0.0, "12": 0.0, "13": 0.0, "14": 0.0, "15": 0.0, "16": 0.020671834625323, "17": 0.0, "18": 0.0, "19": 0.004705882352941176, "20": 0.0013175230566534915},
  "targets_count": 6423,
  "tp_count": 20
}