{
  "gt_count": 6900,
  "mean_obj_recall": 0.5068589005981309,
  "mean_scene_recall": 0.4867370196088781,
  "obj_recalls": {"1": 0.2772543741588156, "2": 0.35827664399092973, "3": 0.359375, "4": 0.1750841750841751, "5": 0.7631578947368421, "6": 0.45918367346938777, "7": 0.672, "8": 0.36666666666666664, "9": 0.8333333333333334, "10": 0.6433566433566433, "11": 0.2742857142857143, "12": 0.6546762589928058, "13": 0.55, "14": 0.5, "15": 0.7465753424657534, "16": 0.6595744680851063, "17": 0.8904109589041096, "18": 0.6301369863013698, "19": 0.36649214659685864, "20": 0.29583333333333334, "21": 0.3142857142857143, "22": 0.31382978723404253, "23": 0.5403225806451613, "24": 0.359375, "25": 0.18947368421052632, "26": 0.494949494949495, "27": 0.625, "28": 0.6458333333333334, "29": 0.6428571428571429, "30": 0.6041666666666666},
  "recall": 0.4544605324614666,
  "scene_recalls": {"1": 0.4467005076142132, "2": 0.6802721088435374, "3": 0.5676855895196506, "4": 0.49743589743589745, "5": 0.5614754098360656, "6": 0.41025641025641024, "7": 0.6108247422680413, "8": 0.41836734693877553, "9": 0.29014598540145986, "10": 0.5243055555555556, "11": 0.7411167512690355, "12": 0.5979381443298969, "13": 0.3490304709141274, "14": 0.2955223880597015, "15": 0.5501730103806228, "16": 0.5968992248062015, "17": 0.44171779141104295, "18": 0.356401384083045, "19": 0.56, "20": 0.23847167325428195},
  "targets_count": 6423,
  "tp_count": 2919
}