{
  "gt_count": 6900,
  "mean_obj_recall": 0.11024342183726997,
  "mean_scene_recall": 0.09168004573732344,
  "obj_recalls": {"1": 0.03095558546433378, "2": 0.047619047619047616, "3": 0.044270833333333336, "4": 0.005050505050505051, "5": 0.1736842105263158, "6": 0.02040816326530612, "7": 0.116, "8": 0.02, "9": 0.14634146341463414, "10": 0.03496503496503497, "11": 0.0, "12": 0.03597122302158273, "13": 0.02142857142857143, "14": 0.0273972602739726, "15": 0.273972602739726, "16": 0.19148936170212766, "17": 0.6575342465753424, "18": 0.1643835616438356, "19": 0.031413612565445025, "20": 0.04583333333333333, "21": 0.03428571428571429, "22": 0.047872340425531915, "23": 0.06451612903225806, "24": 0.052083333333333336, "25": 0.10526315789473684, "26": 0.0707070707070707, "27": 0.23958333333333334, "28": 0.171875, "29": 0.24489795918367346, "30": 0.1875},
  "recall": 0.0874980538689086,
  "scene_recalls": {"1": 0.15736040609137056, "2": 0.09523809523809523, "3": 0.08296943231441048, "4": 0.10256410256410256, "5": 0.08196721311475409, "6": 0.008547008547008548, "7": 0.17783505154639176, "8": 0.05782312925170068, "9": 0.040145985401459854, "10": 0.06944444444444445, "11": 0.116751269035533, "12": 0.06529209621993128, "13": 0.06925207756232687, "14": 0.03283582089552239, "15": 0.17993079584775087, "16": 0.13178294573643412, "17": 0.08588957055214724, "18": 0.05190311418685121, "19": 0.2023529411764706, "20": 0.023715415019762844},
  "targets_count": 6423,
  "tp_count": 562
}