{
  "gt_count": 6900,
  "mean_obj_recall": 0.03905018219335888,
  "mean_scene_recall": 0.03143857634756938,
  "obj_recalls": {"1": 0.014804845222072678, "2": 0.06349206349206349, "3": 0.049479166666666664, "4": 0.030303030303030304, "5": 0.010526315789473684, "6": 0.0, "7": 0.0, "8": 0.013333333333333334, "9": 0.028455284552845527, "10": 0.0, "11": 0.0, "12": 0.0, "13": 0.03571428571428571, "14": 0.06164383561643835, "15": 0.06164383561643835, "16": 0.13297872340425532, "17": 0.4589041095890411, "18": 0.0136986301369863, "19": 0.0, "20": 0.0, "21": 0.0, "22": 0.0, "23": 0.004032258064516129, "24": 0.057291666666666664, "25": 0.0, "26": 0.0, "27": 0.0, "28": 0.020833333333333332, "29": 0.01020408163265306, "30": 0.10416666666666667},
  "recall": 0.03674295500544917,
  "scene_recalls": {"1": 0.050761421319796954, "2": 0.0, "3": 0.008733624454148471, "4": 0.020512820512820513, "5": 0.01639344262295082, "6": 0.0, "7": 0.0979381443298969, "8": 0.0, "9": 0.04744525547445255, "10": 0.034722222222222224, "11": 0.025380710659898477, "12": 0.037800687285223365, "13": 0.00554016620498615, "14": 0.005970149253731343, "15": 0.006920415224913495, "16": 0.11627906976744186, "17": 0.015337423312883436, "18": 0.010380622837370242, "19": 0.09176470588235294, "20": 0.03689064558629776},
  "targets_count": 6423,
  "tp_count": 236
}