{
  "gt_count": 6900,
  "mean_obj_recall": 0.6611515162243994,
  "mean_scene_recall": 0.6423975908420961,
  "obj_recalls": {"1": 0.4427994616419919, "2": 0.47165532879818595, "3": 0.4869791666666667, "4": 0.31986531986531985, "5": 0.8157894736842105, "6": 0.8163265306122449, "7": 0.804, "8": 0.66, "9": 0.9065040650406504, "10": 0.7552447552447552, "11": 0.6342857142857142, "12": 0.762589928057554, "13": 0.6714285714285714, "14": 0.5821917808219178, "15": 0.8082191780821918, "16": 0.723404255319149, "17": 0.952054794520548, "18": 0.7465753424657534, "19": 0.5863874345549738, "20": 0.5083333333333333, "21": 0.5371428571428571, "22": 0.526595744680851, "23": 0.7258064516129032, "24": 0.5625, "25": 0.3473684210526316, "26": 0.5959595959595959, "27": 0.8125, "28": 0.7604166666666666, "29": 0.7755102040816326, "30": 0.7361111111111112},
  "recall": 0.6057916861279776,
  "scene_recalls": {"1": 0.5888324873096447, "2": 0.8503401360544217, "3": 0.7903930131004366, "4": 0.6, "5": 0.6926229508196722, "6": 0.6837606837606838, "7": 0.7190721649484536, "8": 0.6122448979591837, "9": 0.4470802919708029, "10": 0.7118055555555556, "11": 0.8324873096446701, "12": 0.7285223367697594, "13": 0.5512465373961218, "14": 0.5253731343283582, "15": 0.7162629757785467, "16": 0.7235142118863049, "17": 0.5828220858895705, "18": 0.4809688581314879, "19": 0.6588235294117647, "20": 0.35177865612648224},
  "targets_count": 6423,
  "tp_count": 3891
}