{
  "gt_count": 6900,
  "mean_obj_recall": 0.1165126450097313,
  "mean_scene_recall": 0.1069561333200451,
  "obj_recalls": {"1": 0.0847913862718708, "2": 0.15192743764172337, "3": 0.140625, "4": 0.11952861952861953, "5": 0.09473684210526316, "6": 0.030612244897959183, "7": 0.06, "8": 0.14666666666666667, "9": 0.14634146341463414, "10": 0.09090909090909091, "11": 0.07428571428571429, "12": 0.08633093525179857, "13": 0.08571428571428572, "14": 0.14383561643835616, "15": 0.15753424657534246, "16": 0.24468085106382978, "17": 0.5821917808219178, "18": 0.0958904109589041, "19": 0.05759162303664921, "20": 0.0125, "21": 0.005714285714285714, "22": 0.015957446808510637, "23": 0.05241935483870968, "24": 0.125, "25": 0.031578947368421054, "26": 0.09090909090909091, "27": 0.052083333333333336, "28": 0.125, "29": 0.11224489795918367, "30": 0.2777777777777778},
  "recall": 0.11443250817375059,
  "scene_recalls": {"1": 0.1065989847715736, "2": 0.027210884353741496, "3": 0.12663755458515283, "4": 0.13333333333333333, "5": 0.10245901639344263, "6": 0.0641025641025641, "7": 0.19072164948453607, "8": 0.027210884353741496, "9": 0.14416058394160583, "10": 0.09027777777777778, "11": 0.10152284263959391, "12": 0.13402061855670103, "13": 0.05817174515235457, "14": 0.01791044776119403, "15": 0.12802768166089964, "16": 0.20930232558139536, "17": 0.10122699386503067, "18": 0.0657439446366782, "19": 0.19058823529411764, "20": 0.11989459815546773},
  "targets_count": 6423,
  "tp_count": 735
}