{
  "gt_count": 6900,
  "mean_obj_recall": 0.6364122073285124,
  "mean_scene_recall": 0.6180240201549064,
  "obj_recalls": {"1": 0.4104979811574697, "2": 0.45351473922902497, "3": 0.4713541666666667, "4": 0.3047138047138047, "5": 0.8105263157894737, "6": 0.7653061224489796, "7": 0.772, "8": 0.64, "9": 0.9024390243902439, "10": 0.7552447552447552, "11": 0.6171428571428571, "12": 0.7553956834532374, "13": 0.6571428571428571, "14": 0.5616438356164384, "15": 0.7876712328767124, "16": 0.7127659574468085, "17": 0.9383561643835616, "18": 0.7123287671232876, "19": 0.5654450261780105, "20": 0.4791666666666667, "21": 0.5257142857142857, "22": 0.4734042553191489, "23": 0.6895161290322581, "24": 0.53125, "25": 0.2631578947368421, "26": 0.5454545454545454, "27": 0.7708333333333334, "28": 0.7291666666666666, "29": 0.7551020408163265, "30": 0.7361111111111112},
  "recall": 0.582593803518605,
  "scene_recalls": {"1": 0.5482233502538071, "2": 0.8027210884353742, "3": 0.777292576419214, "4": 0.5692307692307692, "5": 0.6762295081967213, "6": 0.6581196581196581, "7": 0.6881443298969072, "8": 0.5816326530612245, "9": 0.42700729927007297, "10": 0.7083333333333334, "11": 0.8324873096446701, "12": 0.7044673539518901, "13": 0.5124653739612188, "14": 0.47761194029850745, "15": 0.6851211072664359, "16": 0.7209302325581395, "17": 0.5705521472392638, "18": 0.4429065743944637, "19": 0.6423529411764706, "20": 0.3346508563899868},
  "targets_count": 6423,
  "tp_count": 3742
}