{
  "gt_count": 6900,
  "mean_obj_recall": 0.0197331550362446,
  "mean_scene_recall": 0.013489725722514542,
  "obj_recalls": {"1": 0.0026917900403768506, "2": 0.02040816326530612, "3": 0.018229166666666668, "4": 0.008417508417508417, "5": 0.005263157894736842, "6": 0.0, "7": 0.0, "8": 0.0, "9": 0.0040650406504065045, "10": 0.0, "11": 0.0, "12": 0.0, "13": 0.0, "14": 0.02054794520547945, "15": 0.0273972602739726, "16": 0.09042553191489362, "17": 0.3424657534246575, "18": 0.0, "19": 0.0, "20": 0.0, "21": 0.0, "22": 0.0, "23": 0.0, "24": 0.015625, "25": 0.0, "26": 0.0, "27": 0.0, "28": 0.015625, "29": 0.0, "30": 0.020833333333333332},
  "recall": 0.01681457262961233,
  "scene_recalls": {"1": 0.005076142131979695, "2": 0.0, "3": 0.0, "4": 0.010256410256410256, "5": 0.0, "6": 0.0, "7": 0.061855670103092786, "8": 0.0, "9": 0.020072992700729927, "10": 0.010416666666666666, "11": 0.01015228426395939, "12": 0.003436426116838488, "13": 0.002770083102493075, "14": 0.0, "15": 0.0, "16": 0.08010335917312661, "17": 0.003067484662576687, "18": 0.0, "19": 0.04941176470588235, "20": 0.013175230566534914},
  "targets_count": 6423,
  "tp_count": 108
}