{
  "gt_count": 6900,
  "mean_obj_recall": 0.6465880023754907,
  "mean_scene_recall": 0.628309591952802,
  "obj_recalls": {"1": 0.4266487213997308, "2": 0.46485260770975056, "3": 0.4765625, "4": 0.30976430976430974, "5": 0.8105263157894737, "6": 0.7959183673469388, "7": 0.784, "8": 0.66, "9": 0.9024390243902439, "10": 0.7552447552447552, "11": 0.6285714285714286, "12": 0.762589928057554, "13": 0.6642857142857143, "14": 0.5684931506849316, "15": 0.7945205479452054, "16": 0.7180851063829787, "17": 0.9452054794520548, "18": 0.7191780821917808, "19": 0.5759162303664922, "20": 0.49166666666666664, "21": 0.5314285714285715, "22": 0.48404255319148937, "23": 0.7137096774193549, "24": 0.53125, "25": 0.2736842105263158, "26": 0.5555555555555556, "27": 0.8020833333333334, "28": 0.75, "29": 0.7653061224489796, "30": 0.7361111111111112},
  "recall": 0.5925579947065235,
  "scene_recalls": {"1": 0.5532994923857868, "2": 0.8231292517006803, "3": 0.7860262008733624, "4": 0.5897435897435898, "5": 0.6844262295081968, "6": 0.6709401709401709, "7": 0.6984536082474226, "8": 0.5884353741496599, "9": 0.43613138686131386, "10": 0.7118055555555556, "11": 0.8324873096446701, "12": 0.7147766323024055, "13": 0.5373961218836565, "14": 0.48955223880597015, "15": 0.6955017301038062, "16": 0.7235142118863049, "17": 0.5736196319018405, "18": 0.46366782006920415, "19": 0.6494117647058824, "20": 0.3438735177865613},
  "targets_count": 6423,
  "tp_count": 3806
}