{
  "gt_count": 6900,
  "mean_obj_recall": 0.6045691689821536,
  "mean_scene_recall": 0.5858073269830923,
  "obj_recalls": {"1": 0.3755047106325707, "2": 0.4308390022675737, "3": 0.4401041666666667, "4": 0.27946127946127947, "5": 0.8105263157894737, "6": 0.7346938775510204, "7": 0.74, "8": 0.52, "9": 0.8739837398373984, "10": 0.7482517482517482, "11": 0.5371428571428571, "12": 0.7266187050359713, "13": 0.65, "14": 0.541095890410959, "15": 0.7808219178082192, "16": 0.7074468085106383, "17": 0.9246575342465754, "18": 0.7054794520547946, "19": 0.5078534031413613, "20": 0.42083333333333334, "21": 0.45714285714285713, "22": 0.44680851063829785, "23": 0.6612903225806451, "24": 0.5052083333333334, "25": 0.21052631578947367, "26": 0.5252525252525253, "27": 0.7291666666666666, "28": 0.7135416666666666, "29": 0.7244897959183674, "30": 0.7083333333333334},
  "recall": 0.5511443250817375,
  "scene_recalls": {"1": 0.5228426395939086, "2": 0.7755102040816326, "3": 0.6943231441048034, "4": 0.5487179487179488, "5": 0.6516393442622951, "6": 0.6239316239316239, "7": 0.6752577319587629, "8": 0.5544217687074829, "9": 0.395985401459854, "10": 0.6527777777777778, "11": 0.817258883248731, "12": 0.6735395189003437, "13": 0.45429362880886426, "14": 0.44776119402985076, "15": 0.6470588235294118, "16": 0.6925064599483204, "17": 0.5306748466257669, "18": 0.42214532871972316, "19": 0.6258823529411764, "20": 0.3096179183135705},
  "targets_count": 6423,
  "tp_count": 3540
}