{
  "gt_count": 6900,
  "mean_obj_recall": 0.6519742170878541,
  "mean_scene_recall": 0.6343390438432717,
  "obj_recalls": {"1": 0.43741588156123823, "2": 0.4671201814058957, "3": 0.4817708333333333, "4": 0.3148148148148148, "5": 0.8157894736842105, "6": 0.8061224489795918, "7": 0.796, "8": 0.66, "9": 0.9024390243902439, "10": 0.7552447552447552, "11": 0.6342857142857142, "12": 0.762589928057554, "13": 0.6642857142857143, "14": 0.5684931506849316, "15": 0.8013698630136986, "16": 0.7180851063829787, "17": 0.9452054794520548, "18": 0.726027397260274, "19": 0.5759162303664922, "20": 0.49583333333333335, "21": 0.5371428571428571, "22": 0.4946808510638298, "23": 0.7217741935483871, "24": 0.5520833333333334, "25": 0.30526315789473685, "26": 0.5555555555555556, "27": 0.8020833333333334, "28": 0.7604166666666666, "29": 0.7653061224489796, "30": 0.7361111111111112},
  "recall": 0.5983185427370388,
  "scene_recalls": {"1": 0.5634517766497462, "2": 0.8367346938775511, "3": 0.7903930131004366, "4": 0.5897435897435898, "5": 0.6885245901639344, "6": 0.6794871794871795, "7": 0.7010309278350515, "8": 0.5952380952380952, "9": 0.4397810218978102, "10": 0.7118055555555556, "11": 0.8324873096446701, "12": 0.718213058419244, "13": 0.5484764542936288, "14": 0.5014925373134328, "15": 0.7024221453287197, "16": 0.7235142118863049, "17": 0.5797546012269938, "18": 0.4809688581314879, "19": 0.6541176470588236, "20": 0.34914361001317523},
  "targets_count": 6423,
  "tp_count": 3843
}