{
  "gt_count": 6900,
  "mean_obj_recall": 0.1379880856311528,
  "mean_scene_recall": 0.12882342466297586,
  "obj_recalls": {"1": 0.10497981157469717, "2": 0.16780045351473924, "3": 0.16145833333333334, "4": 0.1414141414141414, "5": 0.11578947368421053, "6": 0.08163265306122448, "7": 0.08, "8": 0.18666666666666668, "9": 0.17073170731707318, "10": 0.1048951048951049, "11": 0.10857142857142857, "12": 0.1079136690647482, "13": 0.11428571428571428, "14": 0.1506849315068493, "15": 0.1643835616438356, "16": 0.2553191489361702, "17": 0.6027397260273972, "18": 0.10273972602739725, "19": 0.09424083769633508, "20": 0.029166666666666667, "21": 0.02857142857142857, "22": 0.026595744680851064, "23": 0.06048387096774194, "24": 0.15625, "25": 0.042105263157894736, "26": 0.1111111111111111, "27": 0.08333333333333333, "28": 0.16145833333333334, "29": 0.1326530612244898, "30": 0.2916666666666667},
  "recall": 0.13529503347345478,
  "scene_recalls": {"1": 0.116751269035533, "2": 0.07482993197278912, "3": 0.15283842794759825, "4": 0.15897435897435896, "5": 0.13934426229508196, "6": 0.08547008547008547, "7": 0.20618556701030927, "8": 0.05102040816326531, "9": 0.1678832116788321, "10": 0.10416666666666667, "11": 0.116751269035533, "12": 0.15120274914089346, "13": 0.10249307479224377, "14": 0.026865671641791045, "15": 0.1453287197231834, "16": 0.22739018087855298, "17": 0.1196319018404908, "18": 0.08996539792387544, "19": 0.2023529411764706, "20": 0.1370223978919631},
  "targets_count": 6423,
  "tp_count": 869
}