{
  "gt_count": 6900,
  "mean_obj_recall": 0.05455069252824427,
  "mean_scene_recall": 0.04681206612391623,
  "obj_recalls": {"1": 0.03095558546433378, "2": 0.09070294784580499, "3": 0.07552083333333333, "4": 0.050505050505050504, "5": 0.031578947368421054, "6": 0.0, "7": 0.004, "8": 0.02666666666666667, "9": 0.052845528455284556, "10": 0.0, "11": 0.0, "12": 0.007194244604316547, "13": 0.04285714285714286, "14": 0.0821917808219178, "15": 0.0958904109589041, "16": 0.19148936170212766, "17": 0.5, "18": 0.02054794520547945, "19": 0.005235602094240838, "20": 0.0, "21": 0.0, "22": 0.0, "23": 0.020161290322580645, "24": 0.078125, "25": 0.0, "26": 0.0, "27": 0.0, "28": 0.036458333333333336, "29": 0.04081632653061224, "30": 0.1527777777777778},
  "recall": 0.05371321812237272,
  "scene_recalls": {"1": 0.07106598984771574, "2": 0.006802721088435374, "3": 0.026200873362445413, "4": 0.035897435897435895, "5": 0.028688524590163935, "6": 0.0, "7": 0.12371134020618557, "8": 0.0, "9": 0.06569343065693431, "10": 0.052083333333333336, "11": 0.03553299492385787, "12": 0.061855670103092786, "13": 0.013850415512465374, "14": 0.008955223880597015, "15": 0.01730103806228374, "16": 0.14728682170542637, "17": 0.03067484662576687, "18": 0.02768166089965398, "19": 0.1223529411764706, "20": 0.06060606060606061},
  "targets_count": 6423,
  "tp_count": 345
}