{
  "gt_count": 6900,
  "mean_obj_recall": 0.15750039584893483,
  "mean_scene_recall": 0.14818242362045309,
  "obj_recalls": {"1": 0.11843876177658143, "2": 0.18820861678004536, "3": 0.18489583333333334, "4": 0.14814814814814814, "5": 0.13157894736842105, "6": 0.11224489795918367, "7": 0.088, "8": 0.26666666666666666, "9": 0.18699186991869918, "10": 0.13286713286713286, "11": 0.12, "12": 0.1079136690647482, "13": 0.12142857142857143, "14": 0.18493150684931506, "15": 0.1780821917808219, "16": 0.2712765957446808, "17": 0.6027397260273972, "18": 0.11643835616438356, "19": 0.14136125654450263, "20": 0.04583333333333333, "21": 0.045714285714285714, "22": 0.047872340425531915, "23": 0.08064516129032258, "24": 0.16145833333333334, "25": 0.05263157894736842, "26": 0.12121212121212122, "27": 0.09375, "28": 0.17708333333333334, "29": 0.16326530612244897, "30": 0.3333333333333333},
  "recall": 0.1533551300015569,
  "scene_recalls": {"1": 0.13705583756345177, "2": 0.09523809523809523, "3": 0.17903930131004367, "4": 0.18461538461538463, "5": 0.15163934426229508, "6": 0.09401709401709402, "7": 0.22164948453608246, "8": 0.05782312925170068, "9": 0.177007299270073, "10": 0.125, "11": 0.16243654822335024, "12": 0.17525773195876287, "13": 0.11911357340720222, "14": 0.05970149253731343, "15": 0.17647058823529413, "16": 0.24289405684754523, "17": 0.12576687116564417, "18": 0.10726643598615918, "19": 0.2188235294117647, "20": 0.152832674571805},
  "targets_count": 6423,
  "tp_count": 985
}