{
  "gt_count": 6900,
  "mean_obj_recall": 0.3619742473056473,
  "mean_scene_recall": 0.34013844434463386,
  "obj_recalls": {"1": 0.15746971736204576, "2": 0.25396825396825395, "3": 0.24479166666666666, "4": 0.07575757575757576, "5": 0.6263157894736842, "6": 0.23469387755102042, "7": 0.508, "8": 0.16666666666666666, "9": 0.6626016260162602, "10": 0.38461538461538464, "11": 0.08, "12": 0.3597122302158273, "13": 0.2857142857142857, "14": 0.3424657534246575, "15": 0.6506849315068494, "16": 0.5638297872340425, "17": 0.8424657534246576, "18": 0.4520547945205479, "19": 0.2670157068062827, "20": 0.18333333333333332, "21": 0.17714285714285713, "22": 0.20212765957446807, "23": 0.3064516129032258, "24": 0.22916666666666666, "25": 0.16842105263157894, "26": 0.3838383838383838, "27": 0.5208333333333334, "28": 0.5364583333333334, "29": 0.5204081632653061, "30": 0.4722222222222222},
  "recall": 0.3166744511910322,
  "scene_recalls": {"1": 0.3401015228426396, "2": 0.48299319727891155, "3": 0.35807860262008734, "4": 0.41025641025641024, "5": 0.3524590163934426, "6": 0.20512820512820512, "7": 0.4742268041237113, "8": 0.2789115646258503, "9": 0.18613138686131386, "10": 0.3333333333333333, "11": 0.5329949238578681, "12": 0.422680412371134, "13": 0.23545706371191136, "14": 0.16417910447761194, "15": 0.46366782006920415, "16": 0.4263565891472868, "17": 0.3220858895705521, "18": 0.23529411764705882, "19": 0.42823529411764705, "20": 0.15019762845849802},
  "targets_count": 6423,
  "tp_count": 2034
}