{
  "gt_count": 6900,
  "mean_obj_recall": 0.37610399130171873,
  "mean_scene_recall": 0.3695466957379445,
  "obj_recalls": {"1": 0.27052489905787347, "2": 0.3673469387755102, "3": 0.3385416666666667, "4": 0.28619528619528617, "5": 0.5157894736842106, "6": 0.2755102040816326, "7": 0.548, "8": 0.4866666666666667, "9": 0.6869918699186992, "10": 0.45454545454545453, "11": 0.3142857142857143, "12": 0.39568345323741005, "13": 0.5214285714285715, "14": 0.4452054794520548, "15": 0.5547945205479452, "16": 0.6595744680851063, "17": 0.7876712328767124, "18": 0.2534246575342466, "19": 0.17277486910994763, "20": 0.11666666666666667, "21": 0.24571428571428572, "22": 0.12234042553191489, "23": 0.5, "24": 0.4270833333333333, "25": 0.3368421052631579, "26": 0.24242424242424243, "27": 0.625, "28": 0.140625, "29": 0.14285714285714285, "30": 0.04861111111111111},
  "recall": 0.3633815973843998,
  "scene_recalls": {"1": 0.25888324873096447, "2": 0.46258503401360546, "3": 0.5545851528384279, "4": 0.29743589743589743, "5": 0.4426229508196721, "6": 0.26495726495726496, "7": 0.38144329896907214, "8": 0.2857142857142857, "9": 0.31386861313868614, "10": 0.3506944444444444, "11": 0.5685279187817259, "12": 0.5051546391752577, "13": 0.16620498614958448, "14": 0.2417910447761194, "15": 0.2041522491349481, "16": 0.4883720930232558, "17": 0.41411042944785276, "18": 0.3633217993079585, "19": 0.48, "20": 0.3465085638998682},
  "targets_count": 6423,
  "tp_count": 2334
}