{
  "gt_count": 6900,
  "mean_obj_recall": 0.3405447762718791,
  "mean_scene_recall": 0.3333564135239379,
  "obj_recalls": {"1": 0.25168236877523553, "2": 0.32653061224489793, "3": 0.3151041666666667, "4": 0.25252525252525254, "5": 0.49473684210526314, "6": 0.24489795918367346, "7": 0.496, "8": 0.4266666666666667, "9": 0.6504065040650406, "10": 0.4195804195804196, "11": 0.26285714285714284, "12": 0.35251798561151076, "13": 0.4642857142857143, "14": 0.4041095890410959, "15": 0.5342465753424658, "16": 0.6542553191489362, "17": 0.773972602739726, "18": 0.22602739726027396, "19": 0.16230366492146597, "20": 0.09166666666666666, "21": 0.2, "22": 0.09574468085106383, "23": 0.45161290322580644, "24": 0.3697916666666667, "25": 0.29473684210526313, "26": 0.15151515151515152, "27": 0.59375, "28": 0.10416666666666667, "29": 0.10204081632653061, "30": 0.04861111111111111},
  "recall": 0.3300638330997976,
  "scene_recalls": {"1": 0.20812182741116753, "2": 0.41496598639455784, "3": 0.48034934497816595, "4": 0.23076923076923078, "5": 0.4016393442622951, "6": 0.23076923076923078, "7": 0.3634020618556701, "8": 0.25170068027210885, "9": 0.29014598540145986, "10": 0.3090277777777778, "11": 0.5532994923857868, "12": 0.45017182130584193, "13": 0.13850415512465375, "14": 0.20298507462686566, "15": 0.18685121107266436, "16": 0.4573643410852713, "17": 0.3803680981595092, "18": 0.3356401384083045, "19": 0.46352941176470586, "20": 0.31752305665349145},
  "targets_count": 6423,
  "tp_count": 2120
}