{
  "gt_count": 6900,
  "mean_obj_recall": 0.2954943297708526,
  "mean_scene_recall": 0.2883445349312638,
  "obj_recalls": {"1": 0.22476446837146702, "2": 0.30839002267573695, "3": 0.2838541666666667, "4": 0.22053872053872053, "5": 0.4, "6": 0.19387755102040816, "7": 0.44, "8": 0.35333333333333333, "9": 0.5813008130081301, "10": 0.34965034965034963, "11": 0.22285714285714286, "12": 0.28776978417266186, "13": 0.42142857142857143, "14": 0.3698630136986301, "15": 0.4863013698630137, "16": 0.5904255319148937, "17": 0.7534246575342466, "18": 0.1917808219178082, "19": 0.13089005235602094, "20": 0.075, "21": 0.16, "22": 0.07446808510638298, "23": 0.36693548387096775, "24": 0.3125, "25": 0.23157894736842105, "26": 0.10101010101010101, "27": 0.5416666666666666, "28": 0.078125, "29": 0.07142857142857142, "30": 0.041666666666666664},
  "recall": 0.28865016347501166,
  "scene_recalls": {"1": 0.17766497461928935, "2": 0.3401360544217687, "3": 0.40611353711790393, "4": 0.17435897435897435, "5": 0.3442622950819672, "6": 0.19230769230769232, "7": 0.327319587628866, "8": 0.22108843537414966, "9": 0.2645985401459854, "10": 0.2534722222222222, "11": 0.47715736040609136, "12": 0.39862542955326463, "13": 0.10803324099722991, "14": 0.16417910447761194, "15": 0.1522491349480969, "16": 0.4186046511627907, "17": 0.3374233128834356, "18": 0.3079584775086505, "19": 0.41411764705882353, "20": 0.2872200263504611},
  "targets_count": 6423,
  "tp_count": 1854
}