{
  "gt_count": 6900,
  "mean_obj_recall": 0.01011023424120359,
  "mean_scene_recall": 0.007621494212124215,
  "obj_recalls": {"1": 0.004037685060565276, "2": 0.011337868480725623, "3": 0.015625, "4": 0.005050505050505051, "5": 0.005263157894736842, "6": 0.0, "7": 0.004, "8": 0.0, "9": 0.008130081300813009, "10": 0.013986013986013986, "11": 0.0, "12": 0.0, "13": 0.0, "14": 0.0, "15": 0.0273972602739726, "16": 0.05319148936170213, "17": 0.1095890410958904, "18": 0.0, "19": 0.0, "20": 0.0, "21": 0.0, "22": 0.0, "23": 0.004032258064516129, "24": 0.010416666666666666, "25": 0.0, "26": 0.0, "27": 0.03125, "28": 0.0, "29": 0.0, "30": 0.0},
  "recall": 0.009185738751362292,
  "scene_recalls": {"1": 0.0, "2": 0.0, "3": 0.0, "4": 0.005128205128205128, "5": 0.01639344262295082, "6": 0.0, "7": 0.03865979381443299, "8": 0.01020408163265306, "9": 0.020072992700729927, "10": 0.0, "11": 0.0, "12": 0.013745704467353952, "13": 0.0, "14": 0.0, "15": 0.0, "16": 0.020671834625323, "17": 0.0, "18": 0.0034602076124567475, "19": 0.018823529411764704, "20": 0.005270092226613966},
  "targets_count": 6423,
  "tp_count": 59
}