{
  "gt_count": 6900,
  "mean_obj_recall": 0.24868361727503985,
  "mean_scene_recall": 0.24133333997107612,
  "obj_recalls": {"1": 0.1857335127860027, "2": 0.2675736961451247, "3": 0.2526041666666667, "4": 0.19696969696969696, "5": 0.3631578947368421, "6": 0.1326530612244898, "7": 0.368, "8": 0.28, "9": 0.483739837398374, "10": 0.2937062937062937, "11": 0.16, "12": 0.23741007194244604, "13": 0.38571428571428573, "14": 0.3082191780821918, "15": 0.4178082191780822, "16": 0.5319148936170213, "17": 0.7465753424657534, "18": 0.1643835616438356, "19": 0.08900523560209424, "20": 0.05416666666666667, "21": 0.12, "22": 0.047872340425531915, "23": 0.2862903225806452, "24": 0.265625, "25": 0.1368421052631579, "26": 0.06060606060606061, "27": 0.5104166666666666, "28": 0.041666666666666664, "29": 0.05102040816326531, "30": 0.020833333333333332},
  "recall": 0.24396699361669003,
  "scene_recalls": {"1": 0.14720812182741116, "2": 0.29931972789115646, "3": 0.34497816593886466, "4": 0.13333333333333333, "5": 0.29508196721311475, "6": 0.13247863247863248, "7": 0.2809278350515464, "8": 0.1870748299319728, "9": 0.2427007299270073, "10": 0.1875, "11": 0.39593908629441626, "12": 0.3436426116838488, "13": 0.07479224376731301, "14": 0.12238805970149254, "15": 0.10726643598615918, "16": 0.3798449612403101, "17": 0.26380368098159507, "18": 0.25951557093425603, "19": 0.3811764705882353, "20": 0.24769433465085638},
  "targets_count": 6423,
  "tp_count": 1567
}