{
  "gt_count": 6900,
  "mean_obj_recall": 0.0486055489883375,
  "mean_scene_recall": 0.0413019604614963,
  "obj_recalls": {"1": 0.021534320323014805, "2": 0.047619047619047616, "3": 0.06510416666666667, "4": 0.03198653198653199, "5": 0.05263157894736842, "6": 0.02040816326530612, "7": 0.048, "8": 0.02, "9": 0.08130081300813008, "10": 0.055944055944055944, "11": 0.005714285714285714, "12": 0.02877697841726619, "13": 0.06428571428571428, "14": 0.0684931506849315, "15": 0.1232876712328767, "16": 0.17553191489361702, "17": 0.3013698630136986, "18": 0.0, "19": 0.010471204188481676, "20": 0.008333333333333333, "21": 0.011428571428571429, "22": 0.0, "23": 0.028225806451612902, "24": 0.041666666666666664, "25": 0.021052631578947368, "26": 0.0, "27": 0.125, "28": 0.0, "29": 0.0, "30": 0.0},
  "recall": 0.04515024132025533,
  "scene_recalls": {"1": 0.01015228426395939, "2": 0.034013605442176874, "3": 0.034934497816593885, "4": 0.020512820512820513, "5": 0.06147540983606557, "6": 0.017094017094017096, "7": 0.09536082474226804, "8": 0.04081632653061224, "9": 0.05291970802919708, "10": 0.013888888888888888, "11": 0.03553299492385787, "12": 0.07216494845360824, "13": 0.0, "14": 0.011940298507462687, "15": 0.01384083044982699, "16": 0.09560723514211886, "17": 0.03680981595092025, "18": 0.03460207612456748, "19": 0.10352941176470588, "20": 0.04084321475625823},
  "targets_count": 6423,
  "tp_count": 290
}