{
  "gt_count": 6900,
  "mean_obj_recall": 0.09611306196032926,
  "mean_scene_recall": 0.08602959921317367,
  "obj_recalls": {"1": 0.05383580080753701, "2": 0.08616780045351474, "3": 0.11458333333333333, "4": 0.07744107744107744, "5": 0.1368421052631579, "6": 0.05102040816326531, "7": 0.104, "8": 0.07333333333333333, "9": 0.17886178861788618, "10": 0.11888111888111888, "11": 0.03428571428571429, "12": 0.07194244604316546, "13": 0.12142857142857143, "14": 0.11643835616438356, "15": 0.2328767123287671, "16": 0.2712765957446808, "17": 0.4657534246575342, "18": 0.02054794520547945, "19": 0.015706806282722512, "20": 0.0125, "21": 0.03428571428571429, "22": 0.015957446808510637, "23": 0.0846774193548387, "24": 0.10416666666666667, "25": 0.042105263157894736, "26": 0.010101010101010102, "27": 0.22916666666666666, "28": 0.005208333333333333, "29": 0.0, "30": 0.0},
  "recall": 0.09139031605168924,
  "scene_recalls": {"1": 0.025380710659898477, "2": 0.08843537414965986, "3": 0.13100436681222707, "4": 0.041025641025641026, "5": 0.11885245901639344, "6": 0.038461538461538464, "7": 0.14948453608247422, "8": 0.06802721088435375, "9": 0.10218978102189781, "10": 0.04861111111111111, "11": 0.10152284263959391, "12": 0.1134020618556701, "13": 0.013850415512465374, "14": 0.041791044776119404, "15": 0.031141868512110725, "16": 0.1524547803617571, "17": 0.09815950920245399, "18": 0.0726643598615917, "19": 0.19058823529411764, "20": 0.09354413702239789},
  "targets_count": 6423,
  "tp_count": 587
}