{
  "gt_count": 6900,
  "mean_obj_recall": 0.4061442516812152,
  "mean_scene_recall": 0.39901508865677104,
  "obj_recalls": {"1": 0.2812920592193809, "2": 0.3968253968253968, "3": 0.3619791666666667, "4": 0.31313131313131315, "5": 0.5631578947368421, "6": 0.2857142857142857, "7": 0.568, "8": 0.5466666666666666, "9": 0.7195121951219512, "10": 0.5034965034965035, "11": 0.37142857142857144, "12": 0.4244604316546763, "13": 0.5357142857142857, "14": 0.5068493150684932, "15": 0.589041095890411, "16": 0.6914893617021277, "17": 0.7876712328767124, "18": 0.273972602739726, "19": 0.20418848167539266, "20": 0.1375, "21": 0.2742857142857143, "22": 0.15425531914893617, "23": 0.5282258064516129, "24": 0.4427083333333333, "25": 0.35789473684210527, "26": 0.3333333333333333, "27": 0.65625, "28": 0.16666666666666666, "29": 0.15306122448979592, "30": 0.05555555555555555},
  "recall": 0.3909388136384867,
  "scene_recalls": {"1": 0.26903553299492383, "2": 0.48299319727891155, "3": 0.5851528384279476, "4": 0.3487179487179487, "5": 0.47950819672131145, "6": 0.3076923076923077, "7": 0.41494845360824745, "8": 0.32653061224489793, "9": 0.3302919708029197, "10": 0.3715277777777778, "11": 0.6243654822335025, "12": 0.5463917525773195, "13": 0.18559556786703602, "14": 0.2656716417910448, "15": 0.23875432525951557, "16": 0.5167958656330749, "17": 0.44171779141104295, "18": 0.3771626297577855, "19": 0.5011764705882353, "20": 0.3662714097496706},
  "targets_count": 6423,
  "tp_count": 2511
}