{
  "gt_count": 6900,
  "mean_obj_recall": 0.1508555344951286,
  "mean_scene_recall": 0.13999957478031352,
  "obj_recalls": {"1": 0.09959623149394348, "2": 0.14512471655328799, "3": 0.19010416666666666, "4": 0.11616161616161616, "5": 0.2, "6": 0.10204081632653061, "7": 0.208, "8": 0.12666666666666668, "9": 0.2967479674796748, "10": 0.16783216783216784, "11": 0.07428571428571429, "12": 0.1223021582733813, "13": 0.18571428571428572, "14": 0.19863013698630136, "15": 0.3287671232876712, "16": 0.3882978723404255, "17": 0.6506849315068494, "18": 0.06164383561643835, "19": 0.04712041884816754, "20": 0.020833333333333332, "21": 0.06285714285714286, "22": 0.015957446808510637, "23": 0.14919354838709678, "24": 0.15104166666666666, "25": 0.07368421052631578, "26": 0.030303030303030304, "27": 0.28125, "28": 0.010416666666666666, "29": 0.02040816326530612, "30": 0.0},
  "recall": 0.14650474855986298,
  "scene_recalls": {"1": 0.06091370558375635, "2": 0.1564625850340136, "3": 0.18777292576419213, "4": 0.08205128205128205, "5": 0.1721311475409836, "6": 0.05982905982905983, "7": 0.19845360824742267, "8": 0.10884353741496598, "9": 0.14963503649635038, "10": 0.08680555555555555, "11": 0.17258883248730963, "12": 0.2027491408934708, "13": 0.024930747922437674, "14": 0.06567164179104477, "15": 0.04844290657439446, "16": 0.268733850129199, "17": 0.1656441717791411, "18": 0.15916955017301038, "19": 0.2776470588235294, "20": 0.15151515151515152},
  "targets_count": 6423,
  "tp_count": 941
}