{
  "gt_count": 6900,
  "mean_obj_recall": 0.20352254575048978,
  "mean_scene_recall": 0.1946281609261852,
  "obj_recalls": {"1": 0.1480484522207268, "2": 0.19954648526077098, "3": 0.21875, "4": 0.16835016835016836, "5": 0.2894736842105263, "6": 0.11224489795918367, "7": 0.284, "8": 0.20666666666666667, "9": 0.42276422764227645, "10": 0.24475524475524477, "11": 0.10285714285714286, "12": 0.15827338129496402, "13": 0.2785714285714286, "14": 0.273972602739726, "15": 0.3904109589041096, "16": 0.4787234042553192, "17": 0.7191780821917808, "18": 0.1095890410958904, "19": 0.07853403141361257, "20": 0.04583333333333333, "21": 0.10285714285714286, "22": 0.031914893617021274, "23": 0.20967741935483872, "24": 0.203125, "25": 0.09473684210526316, "26": 0.04040404040404041, "27": 0.4166666666666667, "28": 0.03125, "29": 0.030612244897959183, "30": 0.013888888888888888},
  "recall": 0.1994395142456796,
  "scene_recalls": {"1": 0.09644670050761421, "2": 0.2585034013605442, "3": 0.2576419213973799, "4": 0.10256410256410256, "5": 0.2459016393442623, "6": 0.0811965811965812, "7": 0.2422680412371134, "8": 0.14965986394557823, "9": 0.20255474452554745, "10": 0.13541666666666666, "11": 0.3096446700507614, "12": 0.2542955326460481, "13": 0.05263157894736842, "14": 0.09850746268656717, "15": 0.08304498269896193, "16": 0.32299741602067183, "17": 0.2331288343558282, "18": 0.21107266435986158, "19": 0.34823529411764703, "20": 0.20685111989459815},
  "targets_count": 6423,
  "tp_count": 1281
}