{
  "gt_count": 6900,
  "mean_obj_recall": 0.13091052961682173,
  "mean_scene_recall": 0.11102971714946777,
  "obj_recalls": {"1": 0.05114401076716016, "2": 0.12244897959183673, "3": 0.16927083333333334, "4": 0.06902356902356903, "5": 0.05789473684210526, "6": 0.061224489795918366, "7": 0.068, "8": 0.10666666666666667, "9": 0.25609756097560976, "10": 0.0, "11": 0.005714285714285714, "12": 0.02877697841726619, "13": 0.15714285714285714, "14": 0.22602739726027396, "15": 0.3561643835616438, "16": 0.4946808510638298, "17": 0.6027397260273972, "18": 0.0136986301369863, "19": 0.010471204188481676, "20": 0.07083333333333333, "21": 0.005714285714285714, "22": 0.02127659574468085, "23": 0.07661290322580645, "24": 0.15625, "25": 0.0, "26": 0.0, "27": 0.13541666666666666, "28": 0.020833333333333332, "29": 0.17346938775510204, "30": 0.4097222222222222},
  "recall": 0.12019305620426592,
  "scene_recalls": {"1": 0.14720812182741116, "2": 0.05442176870748299, "3": 0.056768558951965066, "4": 0.02564102564102564, "5": 0.08196721311475409, "6": 0.021367521367521368, "7": 0.211340206185567, "8": 0.05442176870748299, "9": 0.10036496350364964, "10": 0.08333333333333333, "11": 0.1116751269035533, "12": 0.17525773195876287, "13": 0.027700831024930747, "14": 0.050746268656716415, "15": 0.15570934256055363, "16": 0.2661498708010336, "17": 0.11042944785276074, "18": 0.07612456747404844, "19": 0.3058823529411765, "20": 0.10408432147562582},
  "targets_count": 6423,
  "tp_count": 772
}