{
  "gt_count": 6900,
  "mean_obj_recall": 0.4424038179708434,
  "mean_scene_recall": 0.4323664314890408,
  "obj_recalls": {"1": 0.3149394347240915, "2": 0.4489795918367347, "3": 0.5182291666666666, "4": 0.38552188552188554, "5": 0.3526315789473684, "6": 0.3877551020408163, "7": 0.496, "8": 0.54, "9": 0.7398373983739838, "10": 0.26573426573426573, "11": 0.29714285714285715, "12": 0.43884892086330934, "13": 0.5642857142857143, "14": 0.5753424657534246, "15": 0.6506849315068494, "16": 0.6861702127659575, "17": 0.8424657534246576, "18": 0.2602739726027397, "19": 0.2879581151832461, "20": 0.4125, "21": 0.2571428571428571, "22": 0.20212765957446807, "23": 0.43951612903225806, "24": 0.4479166666666667, "25": 0.1368421052631579, "26": 0.21212121212121213, "27": 0.65625, "28": 0.234375, "29": 0.5816326530612245, "30": 0.6388888888888888},
  "recall": 0.43188541180133894,
  "scene_recalls": {"1": 0.4467005076142132, "2": 0.3945578231292517, "3": 0.5502183406113537, "4": 0.2717948717948718, "5": 0.5286885245901639, "6": 0.3076923076923077, "7": 0.5, "8": 0.30272108843537415, "9": 0.4142335766423358, "10": 0.4652777777777778, "11": 0.5279187817258884, "12": 0.6151202749140894, "13": 0.2659279778393352, "14": 0.3402985074626866, "15": 0.4083044982698962, "16": 0.5090439276485789, "17": 0.4815950920245399, "18": 0.35294117647058826, "19": 0.5835294117647059, "20": 0.380764163372859},
  "targets_count": 6423,
  "tp_count": 2774
}