{
  "gt_count": 6900,
  "mean_obj_recall": 0.23645749853189207,
  "mean_scene_recall": 0.22184944701991355,
  "obj_recalls": {"1": 0.13593539703903096, "2": 0.2494331065759637, "3": 0.3255208333333333, "4": 0.19865319865319866, "5": 0.16842105263157894, "6": 0.17346938775510204, "7": 0.216, "8": 0.21333333333333335, "9": 0.4796747967479675, "10": 0.02097902097902098, "11": 0.07428571428571429, "12": 0.1366906474820144, "13": 0.3357142857142857, "14": 0.4178082191780822, "15": 0.4794520547945205, "16": 0.6117021276595744, "17": 0.726027397260274, "18": 0.0547945205479452, "19": 0.05235602094240838, "20": 0.175, "21": 0.045714285714285714, "22": 0.06914893617021277, "23": 0.22983870967741934, "24": 0.2708333333333333, "25": 0.010526315789473684, "26": 0.04040404040404041, "27": 0.25, "28": 0.057291666666666664, "29": 0.3469387755102041, "30": 0.5277777777777778},
  "recall": 0.23057761170792465,
  "scene_recalls": {"1": 0.25888324873096447, "2": 0.1836734693877551, "3": 0.2096069868995633, "4": 0.08205128205128205, "5": 0.20491803278688525, "6": 0.10256410256410256, "7": 0.3324742268041237, "8": 0.1054421768707483, "9": 0.22262773722627738, "10": 0.2465277777777778, "11": 0.25888324873096447, "12": 0.3711340206185567, "13": 0.08587257617728532, "14": 0.12835820895522387, "15": 0.23183391003460208, "16": 0.35658914728682173, "17": 0.24846625766871167, "18": 0.1695501730103806, "19": 0.4188235294117647, "20": 0.21870882740447958},
  "targets_count": 6423,
  "tp_count": 1481
}