{
  "gt_count": 6900,
  "mean_obj_recall": 0.4076990554078212,
  "mean_scene_recall": 0.3972488081723798,
  "obj_recalls": {"1": 0.2812920592193809, "2": 0.40589569160997735, "3": 0.4869791666666667, "4": 0.3552188552188552, "5": 0.3263157894736842, "6": 0.3673469387755102, "7": 0.448, "8": 0.49333333333333335, "9": 0.7154471544715447, "10": 0.23076923076923078, "11": 0.2742857142857143, "12": 0.41007194244604317, "13": 0.5642857142857143, "14": 0.5753424657534246, "15": 0.6301369863013698, "16": 0.6861702127659575, "17": 0.815068493150685, "18": 0.2328767123287671, "19": 0.2513089005235602, "20": 0.3625, "21": 0.19428571428571428, "22": 0.16489361702127658, "23": 0.39919354838709675, "24": 0.4166666666666667, "25": 0.09473684210526316, "26": 0.1414141414141414, "27": 0.5833333333333334, "28": 0.171875, "29": 0.5408163265306123, "30": 0.6111111111111112},
  "recall": 0.39747781410555816,
  "scene_recalls": {"1": 0.4010152284263959, "2": 0.3741496598639456, "3": 0.5152838427947598, "4": 0.22564102564102564, "5": 0.48770491803278687, "6": 0.27350427350427353, "7": 0.47164948453608246, "8": 0.2619047619047619, "9": 0.3722627737226277, "10": 0.4236111111111111, "11": 0.5025380710659898, "12": 0.5910652920962199, "13": 0.22437673130193905, "14": 0.2865671641791045, "15": 0.35294117647058826, "16": 0.49612403100775193, "17": 0.450920245398773, "18": 0.314878892733564, "19": 0.5670588235294117, "20": 0.35177865612648224},
  "targets_count": 6423,
  "tp_count": 2553
}