{
  "gt_count": 6900,
  "mean_obj_recall": 0.4535455043553472,
  "mean_scene_recall": 0.44446535439079904,
  "obj_recalls": {"1": 0.3297442799461642, "2": 0.4603174603174603, "3": 0.5260416666666666, "4": 0.3956228956228956, "5": 0.37894736842105264, "6": 0.3979591836734694, "7": 0.512, "8": 0.5466666666666666, "9": 0.7398373983739838, "10": 0.3006993006993007, "11": 0.29714285714285715, "12": 0.4460431654676259, "13": 0.5642857142857143, "14": 0.5753424657534246, "15": 0.6506849315068494, "16": 0.6861702127659575, "17": 0.8424657534246576, "18": 0.2671232876712329, "19": 0.2931937172774869, "20": 0.42916666666666664, "21": 0.26857142857142857, "22": 0.2393617021276596, "23": 0.4596774193548387, "24": 0.453125, "25": 0.1368421052631579, "26": 0.2222222222222222, "27": 0.6770833333333334, "28": 0.2552083333333333, "29": 0.6020408163265306, "30": 0.6527777777777778},
  "recall": 0.4434065078623696,
  "scene_recalls": {"1": 0.467005076142132, "2": 0.40816326530612246, "3": 0.5589519650655022, "4": 0.27692307692307694, "5": 0.5409836065573771, "6": 0.32051282051282054, "7": 0.5051546391752577, "8": 0.3197278911564626, "9": 0.4306569343065693, "10": 0.4756944444444444, "11": 0.5583756345177665, "12": 0.6254295532646048, "13": 0.28254847645429365, "14": 0.3641791044776119, "15": 0.4186851211072664, "16": 0.5142118863049095, "17": 0.4815950920245399, "18": 0.3633217993079585, "19": 0.5858823529411765, "20": 0.391304347826087},
  "targets_count": 6423,
  "tp_count": 2848
}