{
  "gt_count": 6900,
  "mean_obj_recall": 0.35278287545110093,
  "mean_scene_recall": 0.3403717033186954,
  "obj_recalls": {"1": 0.21668909825033647, "2": 0.34467120181405897, "3": 0.4583333333333333, "4": 0.30976430976430974, "5": 0.2894736842105263, "6": 0.3163265306122449, "7": 0.364, "8": 0.38666666666666666, "9": 0.6544715447154471, "10": 0.1958041958041958, "11": 0.2342857142857143, "12": 0.33093525179856115, "13": 0.5214285714285715, "14": 0.5205479452054794, "15": 0.5958904109589042, "16": 0.6648936170212766, "17": 0.7945205479452054, "18": 0.1506849315068493, "19": 0.17801047120418848, "20": 0.29583333333333334, "21": 0.12, "22": 0.13829787234042554, "23": 0.33064516129032256, "24": 0.375, "25": 0.042105263157894736, "26": 0.08080808080808081, "27": 0.4583333333333333, "28": 0.11458333333333333, "29": 0.5102040816326531, "30": 0.5902777777777778},
  "recall": 0.3428304530593181,
  "scene_recalls": {"1": 0.37055837563451777, "2": 0.3129251700680272, "3": 0.44541484716157204, "4": 0.13333333333333333, "5": 0.39344262295081966, "6": 0.23504273504273504, "7": 0.422680412371134, "8": 0.21768707482993196, "9": 0.3175182481751825, "10": 0.3472222222222222, "11": 0.4416243654822335, "12": 0.5257731958762887, "13": 0.16897506925207756, "14": 0.2298507462686567, "15": 0.314878892733564, "16": 0.45219638242894056, "17": 0.3834355828220859, "18": 0.25951557093425603, "19": 0.5270588235294118, "20": 0.308300395256917},
  "targets_count": 6423,
  "tp_count": 2202
}