{
  "gt_count": 6900,
  "mean_obj_recall": 0.42809579728996483,
  "mean_scene_recall": 0.41785267672202575,
  "obj_recalls": {"1": 0.297442799461642, "2": 0.4308390022675737, "3": 0.5078125, "4": 0.3787878787878788, "5": 0.34210526315789475, "6": 0.37755102040816324, "7": 0.476, "8": 0.5333333333333333, "9": 0.7317073170731707, "10": 0.24475524475524477, "11": 0.2914285714285714, "12": 0.4172661870503597, "13": 0.5642857142857143, "14": 0.5753424657534246, "15": 0.636986301369863, "16": 0.6861702127659575, "17": 0.8287671232876712, "18": 0.2534246575342466, "19": 0.2774869109947644, "20": 0.3958333333333333, "21": 0.2342857142857143, "22": 0.18085106382978725, "23": 0.4153225806451613, "24": 0.4270833333333333, "25": 0.12631578947368421, "26": 0.1919191919191919, "27": 0.6354166666666666, "28": 0.20833333333333334, "29": 0.5510204081632653, "30": 0.625},
  "recall": 0.41771757745601745,
  "scene_recalls": {"1": 0.43147208121827413, "2": 0.38095238095238093, "3": 0.5414847161572053, "4": 0.2564102564102564, "5": 0.5081967213114754, "6": 0.2863247863247863, "7": 0.4896907216494845, "8": 0.2891156462585034, "9": 0.395985401459854, "10": 0.4479166666666667, "11": 0.5177664974619289, "12": 0.6048109965635738, "13": 0.24930747922437674, "14": 0.31343283582089554, "15": 0.3806228373702422, "16": 0.5038759689922481, "17": 0.46932515337423314, "18": 0.3460207612456747, "19": 0.5741176470588235, "20": 0.3702239789196311},
  "targets_count": 6423,
  "tp_count": 2683
}