{
  "gt_count": 6900,
  "mean_obj_recall": 0.30892530727020223,
  "mean_scene_recall": 0.29577871697073754,
  "obj_recalls": {"1": 0.17362045760430686, "2": 0.3219954648526077, "3": 0.4244791666666667, "4": 0.26430976430976433, "5": 0.24736842105263157, "6": 0.2755102040816326, "7": 0.292, "8": 0.30666666666666664, "9": 0.6097560975609756, "10": 0.11188811188811189, "11": 0.16, "12": 0.2517985611510791, "13": 0.45714285714285713, "14": 0.4657534246575342, "15": 0.5342465753424658, "16": 0.648936170212766, "17": 0.7876712328767124, "18": 0.13013698630136986, "19": 0.14659685863874344, "20": 0.2625, "21": 0.09142857142857143, "22": 0.10106382978723404, "23": 0.31451612903225806, "24": 0.3177083333333333, "25": 0.010526315789473684, "26": 0.04040404040404041, "27": 0.3854166666666667, "28": 0.08854166666666667, "29": 0.46938775510204084, "30": 0.5763888888888888},
  "recall": 0.3007940214852872,
  "scene_recalls": {"1": 0.3401015228426396, "2": 0.2789115646258503, "3": 0.3624454148471616, "4": 0.08717948717948718, "5": 0.30327868852459017, "6": 0.18376068376068377, "7": 0.3865979381443299, "8": 0.1870748299319728, "9": 0.29014598540145986, "10": 0.3055555555555556, "11": 0.3604060913705584, "12": 0.47766323024054985, "13": 0.13850415512465375, "14": 0.208955223880597, "15": 0.2837370242214533, "16": 0.42377260981912146, "17": 0.31901840490797545, "18": 0.22837370242214533, "19": 0.48, "20": 0.27009222661396576},
  "targets_count": 6423,
  "tp_count": 1932
}