{
  "gt_count": 6900,
  "mean_obj_recall": 0.023305052697586492,
  "mean_scene_recall": 0.017306116499732134,
  "obj_recalls": {"1": 0.006729475100942127, "2": 0.015873015873015872, "3": 0.013020833333333334, "4": 0.006734006734006734, "5": 0.0, "6": 0.0, "7": 0.004, "8": 0.013333333333333334, "9": 0.008130081300813009, "10": 0.0, "11": 0.0, "12": 0.0, "13": 0.014285714285714285, "14": 0.03424657534246575, "15": 0.07534246575342465, "16": 0.14893617021276595, "17": 0.15753424657534246, "18": 0.0, "19": 0.0, "20": 0.008333333333333333, "21": 0.0, "22": 0.0, "23": 0.012096774193548387, "24": 0.03125, "25": 0.0, "26": 0.0, "27": 0.010416666666666666, "28": 0.0, "29": 0.0, "30": 0.1388888888888889},
  "recall": 0.019772691888525613,
  "scene_recalls": {"1": 0.04568527918781726, "2": 0.0, "3": 0.008733624454148471, "4": 0.0, "5": 0.004098360655737705, "6": 0.0, "7": 0.03350515463917526, "8": 0.01020408163265306, "9": 0.009124087591240875, "10": 0.017361111111111112, "11": 0.0, "12": 0.010309278350515464, "13": 0.002770083102493075, "14": 0.0, "15": 0.02422145328719723, "16": 0.07235142118863049, "17": 0.006134969325153374, "18": 0.0034602076124567475, "19": 0.08235294117647059, "20": 0.015810276679841896},
  "targets_count": 6423,
  "tp_count": 127
}