{
  "gt_count": 6900,
  "mean_obj_recall": 0.385238022878166,
  "mean_scene_recall": 0.3743476720871389,
  "obj_recalls": {"1": 0.2557200538358008, "2": 0.3786848072562358, "3": 0.4791666666666667, "4": 0.3434343434343434, "5": 0.3105263157894737, "6": 0.336734693877551, "7": 0.412, "8": 0.4533333333333333, "9": 0.6951219512195121, "10": 0.22377622377622378, "11": 0.26285714285714284, "12": 0.38848920863309355, "13": 0.5428571428571428, "14": 0.5616438356164384, "15": 0.6164383561643836, "16": 0.6808510638297872, "17": 0.8082191780821918, "18": 0.1917808219178082, "19": 0.21465968586387435, "20": 0.3333333333333333, "21": 0.17142857142857143, "22": 0.1595744680851064, "23": 0.3629032258064516, "24": 0.4010416666666667, "25": 0.07368421052631578, "26": 0.1111111111111111, "27": 0.53125, "28": 0.14583333333333334, "29": 0.5204081632653061, "30": 0.5902777777777778},
  "recall": 0.3758368363692978,
  "scene_recalls": {"1": 0.3756345177664975, "2": 0.3469387755102041, "3": 0.4890829694323144, "4": 0.19487179487179487, "5": 0.45901639344262296, "6": 0.25213675213675213, "7": 0.4536082474226804, "8": 0.24489795918367346, "9": 0.3467153284671533, "10": 0.3819444444444444, "11": 0.47715736040609136, "12": 0.5773195876288659, "13": 0.20221606648199447, "14": 0.2656716417910448, "15": 0.33217993079584773, "16": 0.48578811369509045, "17": 0.4325153374233129, "18": 0.2837370242214533, "19": 0.548235294117647, "20": 0.3372859025032938},
  "targets_count": 6423,
  "tp_count": 2414
}