{
  "gt_count": 6900,
  "mean_obj_recall": 0.1658253343334213,
  "mean_scene_recall": 0.1576739327736421,
  "obj_recalls": {"1": 0.06998654104979811, "2": 0.16326530612244897, "3": 0.21614583333333334, "4": 0.11952861952861953, "5": 0.0, "6": 0.20408163265306123, "7": 0.124, "8": 0.4, "9": 0.483739837398374, "10": 0.3356643356643357, "11": 0.11428571428571428, "12": 0.15827338129496402, "13": 0.10714285714285714, "14": 0.3013698630136986, "15": 0.0684931506849315, "16": 0.2872340425531915, "17": 0.589041095890411, "18": 0.10273972602739725, "19": 0.07853403141361257, "20": 0.020833333333333332, "21": 0.03428571428571429, "22": 0.09574468085106383, "23": 0.1774193548387097, "24": 0.09895833333333333, "25": 0.06315789473684211, "26": 0.2222222222222222, "27": 0.020833333333333332, "28": 0.11979166666666667, "29": 0.16326530612244897, "30": 0.034722222222222224},
  "recall": 0.15615755877315896,
  "scene_recalls": {"1": 0.050761421319796954, "2": 0.1292517006802721, "3": 0.15283842794759825, "4": 0.15897435897435896, "5": 0.1680327868852459, "6": 0.13247863247863248, "7": 0.2551546391752577, "8": 0.04421768707482993, "9": 0.14416058394160583, "10": 0.1875, "11": 0.36548223350253806, "12": 0.24054982817869416, "13": 0.04986149584487535, "14": 0.08059701492537313, "15": 0.11764705882352941, "16": 0.31007751937984496, "17": 0.18098159509202455, "18": 0.13494809688581316, "19": 0.11294117647058824, "20": 0.1370223978919631},
  "targets_count": 6423,
  "tp_count": 1003
}