{
  "gt_count": 6900,
  "mean_obj_recall": 0.18778105274955897,
  "mean_scene_recall": 0.18039442895117458,
  "obj_recalls": {"1": 0.0901749663526245, "2": 0.1836734693877551, "3": 0.234375, "4": 0.14309764309764308, "5": 0.0, "6": 0.21428571428571427, "7": 0.172, "8": 0.4533333333333333, "9": 0.508130081300813, "10": 0.35664335664335667, "11": 0.17714285714285713, "12": 0.2158273381294964, "13": 0.12142857142857143, "14": 0.3150684931506849, "15": 0.0821917808219178, "16": 0.2925531914893617, "17": 0.6027397260273972, "18": 0.10273972602739725, "19": 0.1099476439790576, "20": 0.025, "21": 0.06285714285714286, "22": 0.11702127659574468, "23": 0.23387096774193547, "24": 0.109375, "25": 0.06315789473684211, "26": 0.24242424242424243, "27": 0.041666666666666664, "28": 0.11979166666666667, "29": 0.17346938775510204, "30": 0.06944444444444445},
  "recall": 0.17873267943328663,
  "scene_recalls": {"1": 0.05583756345177665, "2": 0.14965986394557823, "3": 0.18340611353711792, "4": 0.17435897435897435, "5": 0.20491803278688525, "6": 0.19230769230769232, "7": 0.2654639175257732, "8": 0.06802721088435375, "9": 0.16423357664233576, "10": 0.2048611111111111, "11": 0.39593908629441626, "12": 0.24742268041237114, "13": 0.0664819944598338, "14": 0.11940298507462686, "15": 0.12802768166089964, "16": 0.3359173126614987, "17": 0.19938650306748465, "18": 0.15916955017301038, "19": 0.12705882352941175, "20": 0.16600790513833993},
  "targets_count": 6423,
  "tp_count": 1148
}