{
  "gt_count": 6900,
  "mean_obj_recall": 0.15060710826266197,
  "mean_scene_recall": 0.14317497729063045,
  "obj_recalls": {"1": 0.06056527590847914, "2": 0.1383219954648526, "3": 0.19791666666666666, "4": 0.10101010101010101, "5": 0.0, "6": 0.1836734693877551, "7": 0.12, "8": 0.38, "9": 0.46747967479674796, "10": 0.2937062937062937, "11": 0.08571428571428572, "12": 0.1079136690647482, "13": 0.08571428571428572, "14": 0.2945205479452055, "15": 0.0684931506849315, "16": 0.2765957446808511, "17": 0.589041095890411, "18": 0.08904109589041095, "19": 0.05759162303664921, "20": 0.020833333333333332, "21": 0.022857142857142857, "22": 0.07446808510638298, "23": 0.1693548387096774, "24": 0.08333333333333333, "25": 0.042105263157894736, "26": 0.1919191919191919, "27": 0.020833333333333332, "28": 0.10416666666666667, "29": 0.16326530612244897, "30": 0.027777777777777776},
  "recall": 0.14121127199128133,
  "scene_recalls": {"1": 0.04060913705583756, "2": 0.11564625850340136, "3": 0.13537117903930132, "4": 0.14871794871794872, "5": 0.14754098360655737, "6": 0.10683760683760683, "7": 0.2422680412371134, "8": 0.03741496598639456, "9": 0.11861313868613138, "10": 0.16319444444444445, "11": 0.3604060913705584, "12": 0.2268041237113402, "13": 0.038781163434903045, "14": 0.07462686567164178, "15": 0.09688581314878893, "16": 0.2842377260981912, "17": 0.1656441717791411, "18": 0.1314878892733564, "19": 0.10588235294117647, "20": 0.1225296442687747},
  "targets_count": 6423,
  "tp_count": 907
}