{
  "gt_count": 6900,
  "mean_obj_recall": 0.2000007326813753,
  "mean_scene_recall": 0.19109047994421585,
  "obj_recalls": {"1": 0.09825033647375504, "2": 0.1927437641723356, "3": 0.23958333333333334, "4": 0.14814814814814814, "5": 0.0, "6": 0.21428571428571427, "7": 0.18, "8": 0.4666666666666667, "9": 0.524390243902439, "10": 0.38461538461538464, "11": 0.19428571428571428, "12": 0.2517985611510791, "13": 0.12857142857142856, "14": 0.3287671232876712, "15": 0.08904109589041095, "16": 0.2978723404255319, "17": 0.6232876712328768, "18": 0.11643835616438356, "19": 0.12041884816753927, "20": 0.025, "21": 0.06857142857142857, "22": 0.13297872340425532, "23": 0.25806451612903225, "24": 0.125, "25": 0.08421052631578947, "26": 0.25252525252525254, "27": 0.0625, "28": 0.125, "29": 0.1836734693877551, "30": 0.08333333333333333},
  "recall": 0.18947532305776116,
  "scene_recalls": {"1": 0.07106598984771574, "2": 0.14965986394557823, "3": 0.18340611353711792, "4": 0.18974358974358974, "5": 0.21721311475409835, "6": 0.21367521367521367, "7": 0.26804123711340205, "8": 0.08163265306122448, "9": 0.16605839416058393, "10": 0.21180555555555555, "11": 0.41116751269035534, "12": 0.2508591065292096, "13": 0.06925207756232687, "14": 0.14029850746268657, "15": 0.14186851211072665, "16": 0.3643410852713178, "17": 0.19938650306748465, "18": 0.17301038062283736, "19": 0.1388235294117647, "20": 0.18050065876152832},
  "targets_count": 6423,
  "tp_count": 1217
}