{
  "gt_count": 6900,
  "mean_obj_recall": 0.0848136520908271,
  "mean_scene_recall": 0.07647768500730061,
  "obj_recalls": {"1": 0.024226110363391656, "2": 0.08843537414965986, "3": 0.09895833333333333, "4": 0.03198653198653199, "5": 0.0, "6": 0.11224489795918367, "7": 0.036, "8": 0.22666666666666666, "9": 0.34552845528455284, "10": 0.055944055944055944, "11": 0.0, "12": 0.007194244604316547, "13": 0.05714285714285714, "14": 0.273972602739726, "15": 0.04794520547945205, "16": 0.17553191489361702, "17": 0.4863013698630137, "18": 0.0, "19": 0.015706806282722512, "20": 0.004166666666666667, "21": 0.0, "22": 0.026595744680851064, "23": 0.07661290322580645, "24": 0.041666666666666664, "25": 0.010526315789473684, "26": 0.1111111111111111, "27": 0.010416666666666666, "28": 0.046875, "29": 0.1326530612244898, "30": 0.0},
  "recall": 0.07659971975712283,
  "scene_recalls": {"1": 0.005076142131979695, "2": 0.07482993197278912, "3": 0.06986899563318777, "4": 0.07692307692307693, "5": 0.040983606557377046, "6": 0.01282051282051282, "7": 0.16237113402061856, "8": 0.006802721088435374, "9": 0.06569343065693431, "10": 0.07291666666666667, "11": 0.2131979695431472, "12": 0.13058419243986255, "13": 0.0110803324099723, "14": 0.029850746268656716, "15": 0.06920415224913495, "16": 0.19121447028423771, "17": 0.0705521472392638, "18": 0.08996539792387544, "19": 0.07764705882352942, "20": 0.057971014492753624},
  "targets_count": 6423,
  "tp_count": 492
}