{
  "gt_count": 6900,
  "mean_obj_recall": 0.17787411504143016,
  "mean_scene_recall": 0.16998336393014718,
  "obj_recalls": {"1": 0.08075370121130551, "2": 0.17006802721088435, "3": 0.23177083333333334, "4": 0.132996632996633, "5": 0.0, "6": 0.21428571428571427, "7": 0.156, "8": 0.43333333333333335, "9": 0.4959349593495935, "10": 0.34965034965034963, "11": 0.14857142857142858, "12": 0.2014388489208633, "13": 0.11428571428571428, "14": 0.3082191780821918, "15": 0.07534246575342465, "16": 0.2925531914893617, "17": 0.5958904109589042, "18": 0.10273972602739725, "19": 0.08900523560209424, "20": 0.020833333333333332, "21": 0.05142857142857143, "22": 0.10638297872340426, "23": 0.2056451612903226, "24": 0.10416666666666667, "25": 0.06315789473684211, "26": 0.23232323232323232, "27": 0.020833333333333332, "28": 0.11979166666666667, "29": 0.16326530612244897, "30": 0.05555555555555555},
  "recall": 0.168612797758057,
  "scene_recalls": {"1": 0.050761421319796954, "2": 0.1360544217687075, "3": 0.17467248908296942, "4": 0.1641025641025641, "5": 0.18442622950819673, "6": 0.18376068376068377, "7": 0.26288659793814434, "8": 0.05782312925170068, "9": 0.15328467153284672, "10": 0.2013888888888889, "11": 0.3756345177664975, "12": 0.24398625429553264, "13": 0.05817174515235457, "14": 0.08955223880597014, "15": 0.1245674740484429, "16": 0.32558139534883723, "17": 0.19325153374233128, "18": 0.1453287197231834, "19": 0.11764705882352941, "20": 0.15678524374176547},
  "targets_count": 6423,
  "tp_count": 1083
}