{
  "gt_count": 6900,
  "mean_obj_recall": 0.04374525255959914,
  "mean_scene_recall": 0.03746520155612209,
  "obj_recalls": {"1": 0.005383580080753701, "2": 0.031746031746031744, "3": 0.049479166666666664, "4": 0.010101010101010102, "5": 0.0, "6": 0.05102040816326531, "7": 0.016, "8": 0.14, "9": 0.2032520325203252, "10": 0.0, "11": 0.0, "12": 0.0, "13": 0.0, "14": 0.15753424657534246, "15": 0.0136986301369863, "16": 0.10638297872340426, "17": 0.3356164383561644, "18": 0.0, "19": 0.0, "20": 0.0, "21": 0.0, "22": 0.005319148936170213, "23": 0.028225806451612902, "24": 0.015625, "25": 0.0, "26": 0.030303030303030304, "27": 0.0, "28": 0.020833333333333332, "29": 0.09183673469387756, "30": 0.0},
  "recall": 0.03798847890393897,
  "scene_recalls": {"1": 0.005076142131979695, "2": 0.034013605442176874, "3": 0.043668122270742356, "4": 0.02564102564102564, "5": 0.020491803278688523, "6": 0.0, "7": 0.09020618556701031, "8": 0.0, "9": 0.029197080291970802, "10": 0.024305555555555556, "11": 0.1116751269035533, "12": 0.048109965635738834, "13": 0.0, "14": 0.011940298507462687, "15": 0.03806228373702422, "16": 0.1111111111111111, "17": 0.04294478527607362, "18": 0.04152249134948097, "19": 0.042352941176470586, "20": 0.028985507246376812},
  "targets_count": 6423,
  "tp_count": 244
}