{
  "gt_count": 6900,
  "mean_obj_recall": 0.11205732587836903,
  "mean_scene_recall": 0.10492605731178806,
  "obj_recalls": {"1": 0.04172274562584118, "2": 0.11564625850340136, "3": 0.15364583333333334, "4": 0.058922558922558925, "5": 0.0, "6": 0.1326530612244898, "7": 0.076, "8": 0.30666666666666664, "9": 0.4146341463414634, "10": 0.11888111888111888, "11": 0.005714285714285714, "12": 0.04316546762589928, "13": 0.08571428571428572, "14": 0.2808219178082192, "15": 0.0684931506849315, "16": 0.22872340425531915, "17": 0.5342465753424658, "18": 0.0273972602739726, "19": 0.031413612565445025, "20": 0.020833333333333332, "21": 0.005714285714285714, "22": 0.047872340425531915, "23": 0.10483870967741936, "24": 0.046875, "25": 0.031578947368421054, "26": 0.1414141414141414, "27": 0.010416666666666666, "28": 0.06770833333333333, "29": 0.15306122448979592, "30": 0.006944444444444444},
  "recall": 0.10446831698583217,
  "scene_recalls": {"1": 0.030456852791878174, "2": 0.09523809523809523, "3": 0.09170305676855896, "4": 0.10256410256410256, "5": 0.0778688524590164, "6": 0.04700854700854701, "7": 0.20876288659793815, "8": 0.027210884353741496, "9": 0.08941605839416059, "10": 0.09722222222222222, "11": 0.27918781725888325, "12": 0.18213058419243985, "13": 0.027700831024930747, "14": 0.03582089552238806, "15": 0.07958477508650519, "16": 0.2248062015503876, "17": 0.12269938650306748, "18": 0.10380622837370242, "19": 0.08705882352941176, "20": 0.08827404479578392},
  "targets_count": 6423,
  "tp_count": 671
}