{
  "gt_count": 6900,
  "mean_obj_recall": 0.1330355713736801,
  "mean_scene_recall": 0.125523848555327,
  "obj_recalls": {"1": 0.04979811574697174, "2": 0.13151927437641722, "3": 0.17708333333333334, "4": 0.08249158249158249, "5": 0.0, "6": 0.17346938775510204, "7": 0.112, "8": 0.35333333333333333, "9": 0.44308943089430897, "10": 0.2097902097902098, "11": 0.05142857142857143, "12": 0.06474820143884892, "13": 0.08571428571428572, "14": 0.2876712328767123, "15": 0.0684931506849315, "16": 0.24468085106382978, "17": 0.5616438356164384, "18": 0.0547945205479452, "19": 0.04712041884816754, "20": 0.020833333333333332, "21": 0.011428571428571429, "22": 0.05851063829787234, "23": 0.125, "24": 0.07291666666666667, "25": 0.042105263157894736, "26": 0.18181818181818182, "27": 0.010416666666666666, "28": 0.078125, "29": 0.16326530612244897, "30": 0.027777777777777776},
  "recall": 0.12408531838704655,
  "scene_recalls": {"1": 0.04060913705583756, "2": 0.10884353741496598, "3": 0.11353711790393013, "4": 0.11794871794871795, "5": 0.11475409836065574, "6": 0.0811965811965812, "7": 0.22422680412371135, "8": 0.027210884353741496, "9": 0.10948905109489052, "10": 0.13194444444444445, "11": 0.3350253807106599, "12": 0.19931271477663232, "13": 0.036011080332409975, "14": 0.050746268656716415, "15": 0.09342560553633218, "16": 0.2532299741602067, "17": 0.15337423312883436, "18": 0.12110726643598616, "19": 0.09176470588235294, "20": 0.1067193675889328},
  "targets_count": 6423,
  "tp_count": 797
}