{
  "gt_count": 6900,
  "mean_obj_recall": 0.13529237339454553,
  "mean_scene_recall": 0.12759031052693795,
  "obj_recalls": {"1": 0.05383580080753701, "2": 0.15192743764172337, "3": 0.17708333333333334, "4": 0.07744107744107744, "5": 0.0, "6": 0.15306122448979592, "7": 0.1, "8": 0.36, "9": 0.483739837398374, "10": 0.1888111888111888, "11": 0.017142857142857144, "12": 0.050359712230215826, "13": 0.08571428571428572, "14": 0.3219178082191781, "15": 0.0821917808219178, "16": 0.3191489361702128, "17": 0.5958904109589042, "18": 0.04794520547945205, "19": 0.04712041884816754, "20": 0.020833333333333332, "21": 0.005714285714285714, "22": 0.05319148936170213, "23": 0.125, "24": 0.078125, "25": 0.031578947368421054, "26": 0.16161616161616163, "27": 0.010416666666666666, "28": 0.078125, "29": 0.15306122448979592, "30": 0.027777777777777776},
  "recall": 0.12782189008251596,
  "scene_recalls": {"1": 0.03553299492385787, "2": 0.10884353741496598, "3": 0.1091703056768559, "4": 0.12307692307692308, "5": 0.10655737704918032, "6": 0.05982905982905983, "7": 0.24742268041237114, "8": 0.030612244897959183, "9": 0.11313868613138686, "10": 0.13194444444444445, "11": 0.3350253807106599, "12": 0.21305841924398625, "13": 0.030470914127423823, "14": 0.04776119402985075, "15": 0.08650519031141868, "16": 0.25839793281653745, "17": 0.147239263803681, "18": 0.13494809688581316, "19": 0.11764705882352941, "20": 0.11462450592885376},
  "targets_count": 6423,
  "tp_count": 821
}