{
  "gt_count": 6900,
  "mean_obj_recall": 0.22457515276693615,
  "mean_scene_recall": 0.2151362860897827,
  "obj_recalls": {"1": 0.1117092866756393, "2": 0.2199546485260771, "3": 0.2708333333333333, "4": 0.16835016835016836, "5": 0.0, "6": 0.23469387755102042, "7": 0.212, "8": 0.5, "9": 0.573170731707317, "10": 0.45454545454545453, "11": 0.2, "12": 0.2733812949640288, "13": 0.14285714285714285, "14": 0.3767123287671233, "15": 0.0958904109589041, "16": 0.35638297872340424, "17": 0.6712328767123288, "18": 0.136986301369863, "19": 0.14659685863874344, "20": 0.03333333333333333, "21": 0.08571428571428572, "22": 0.14361702127659576, "23": 0.28225806451612906, "24": 0.15625, "25": 0.10526315789473684, "26": 0.2828282828282828, "27": 0.052083333333333336, "28": 0.13541666666666666, "29": 0.20408163265306123, "30": 0.1111111111111111},
  "recall": 0.21345165810368985,
  "scene_recalls": {"1": 0.09137055837563451, "2": 0.16326530612244897, "3": 0.20087336244541484, "4": 0.21025641025641026, "5": 0.2459016393442623, "6": 0.2264957264957265, "7": 0.30670103092783507, "8": 0.09863945578231292, "9": 0.1843065693430657, "10": 0.24305555555555555, "11": 0.45685279187817257, "12": 0.28865979381443296, "13": 0.08033240997229917, "14": 0.15522388059701492, "15": 0.15570934256055363, "16": 0.39276485788113696, "17": 0.2331288343558282, "18": 0.19377162629757785, "19": 0.17647058823529413, "20": 0.19894598155467721},
  "targets_count": 6423,
  "tp_count": 1371
}