{
  "gt_count": 6900,
  "mean_obj_recall": 0.23620530994209846,
  "mean_scene_recall": 0.2269172443170294,
  "obj_recalls": {"1": 0.11709286675639301, "2": 0.23356009070294784, "3": 0.2786458333333333, "4": 0.17845117845117844, "5": 0.0, "6": 0.25510204081632654, "7": 0.232, "8": 0.52, "9": 0.5853658536585366, "10": 0.46853146853146854, "11": 0.22857142857142856, "12": 0.28776978417266186, "13": 0.15, "14": 0.3835616438356164, "15": 0.0958904109589041, "16": 0.35638297872340424, "17": 0.678082191780822, "18": 0.14383561643835616, "19": 0.16230366492146597, "20": 0.0375, "21": 0.09714285714285714, "22": 0.1595744680851064, "23": 0.3225806451612903, "24": 0.16145833333333334, "25": 0.10526315789473684, "26": 0.29292929292929293, "27": 0.07291666666666667, "28": 0.15625, "29": 0.21428571428571427, "30": 0.1111111111111111},
  "recall": 0.2248170636774093,
  "scene_recalls": {"1": 0.09644670050761421, "2": 0.17006802721088435, "3": 0.2183406113537118, "4": 0.2205128205128205, "5": 0.25, "6": 0.25213675213675213, "7": 0.30670103092783507, "8": 0.11224489795918367, "9": 0.19708029197080293, "10": 0.2569444444444444, "11": 0.467005076142132, "12": 0.3024054982817869, "13": 0.0997229916897507, "14": 0.17313432835820897, "15": 0.17301038062283736, "16": 0.4005167958656331, "17": 0.24539877300613497, "18": 0.20761245674740483, "19": 0.18352941176470589, "20": 0.20553359683794467},
  "targets_count": 6423,
  "tp_count": 1444
}