{
  "gt_count": 6900,
  "mean_obj_recall": 0.21058235684145457,
  "mean_scene_recall": 0.20147266798246605,
  "obj_recalls": {"1": 0.1063257065948856, "2": 0.20408163265306123, "3": 0.2604166666666667, "4": 0.15656565656565657, "5": 0.0, "6": 0.23469387755102042, "7": 0.192, "8": 0.48, "9": 0.5528455284552846, "10": 0.43356643356643354, "11": 0.18857142857142858, "12": 0.23741007194244604, "13": 0.1357142857142857, "14": 0.363013698630137, "15": 0.08904109589041095, "16": 0.35638297872340424, "17": 0.6506849315068494, "18": 0.1232876712328767, "19": 0.13612565445026178, "20": 0.029166666666666667, "21": 0.08571428571428572, "22": 0.12234042553191489, "23": 0.25806451612903225, "24": 0.14583333333333334, "25": 0.09473684210526316, "26": 0.26262626262626265, "27": 0.041666666666666664, "28": 0.11979166666666667, "29": 0.17346938775510204, "30": 0.08333333333333333},
  "recall": 0.20052934765685818,
  "scene_recalls": {"1": 0.07106598984771574, "2": 0.14965986394557823, "3": 0.1965065502183406, "4": 0.18461538461538463, "5": 0.22950819672131148, "6": 0.2094017094017094, "7": 0.29896907216494845, "8": 0.08843537414965986, "9": 0.17518248175182483, "10": 0.2361111111111111, "11": 0.43147208121827413, "12": 0.2852233676975945, "13": 0.07479224376731301, "14": 0.13134328358208955, "15": 0.13494809688581316, "16": 0.3798449612403101, "17": 0.22085889570552147, "18": 0.18339100346020762, "19": 0.1623529411764706, "20": 0.1857707509881423},
  "targets_count": 6423,
  "tp_count": 1288
}