{
  "gt_count": 6900,
  "mean_obj_recall": 0.05233759059161705,
  "mean_scene_recall": 0.046205769895895615,
  "obj_recalls": {"1": 0.009421265141318977, "2": 0.03854875283446712, "3": 0.0546875, "4": 0.016835016835016835, "5": 0.0, "6": 0.061224489795918366, "7": 0.016, "8": 0.14, "9": 0.26422764227642276, "10": 0.006993006993006993, "11": 0.0, "12": 0.0, "13": 0.007142857142857143, "14": 0.1643835616438356, "15": 0.0136986301369863, "16": 0.1595744680851064, "17": 0.3767123287671233, "18": 0.0, "19": 0.015706806282722512, "20": 0.0, "21": 0.0, "22": 0.010638297872340425, "23": 0.04032258064516129, "24": 0.015625, "25": 0.0, "26": 0.030303030303030304, "27": 0.0, "28": 0.026041666666666668, "29": 0.10204081632653061, "30": 0.0},
  "recall": 0.046707146193367584,
  "scene_recalls": {"1": 0.005076142131979695, "2": 0.04081632653061224, "3": 0.043668122270742356, "4": 0.03076923076923077, "5": 0.028688524590163935, "6": 0.0, "7": 0.10824742268041238, "8": 0.003401360544217687, "9": 0.03467153284671533, "10": 0.041666666666666664, "11": 0.14213197969543148, "12": 0.06872852233676977, "13": 0.0, "14": 0.014925373134328358, "15": 0.04152249134948097, "16": 0.12919896640826872, "17": 0.05828220858895705, "18": 0.04498269896193772, "19": 0.05176470588235294, "20": 0.03557312252964427},
  "targets_count": 6423,
  "tp_count": 300
}