{
  "gt_count": 6900,
  "mean_obj_recall": 0.10204343771330528,
  "mean_scene_recall": 0.09354094564324335,
  "obj_recalls": {"1": 0.03230148048452221, "2": 0.1111111111111111, "3": 0.12239583333333333, "4": 0.04713804713804714, "5": 0.0, "6": 0.1326530612244898, "7": 0.052, "8": 0.24666666666666667, "9": 0.42276422764227645, "10": 0.06993006993006994, "11": 0.0, "12": 0.014388489208633094, "13": 0.07142857142857142, "14": 0.2808219178082192, "15": 0.0547945205479452, "16": 0.26063829787234044, "17": 0.541095890410959, "18": 0.00684931506849315, "19": 0.031413612565445025, "20": 0.016666666666666666, "21": 0.0, "22": 0.03723404255319149, "23": 0.10483870967741936, "24": 0.046875, "25": 0.010526315789473684, "26": 0.1414141414141414, "27": 0.010416666666666666, "28": 0.052083333333333336, "29": 0.14285714285714285, "30": 0.0},
  "recall": 0.09450412579791374,
  "scene_recalls": {"1": 0.01015228426395939, "2": 0.08843537414965986, "3": 0.07423580786026202, "4": 0.09230769230769231, "5": 0.06147540983606557, "6": 0.01282051282051282, "7": 0.19845360824742267, "8": 0.013605442176870748, "9": 0.08576642335766424, "10": 0.09722222222222222, "11": 0.24873096446700507, "12": 0.15120274914089346, "13": 0.0221606648199446, "14": 0.041791044776119404, "15": 0.0726643598615917, "16": 0.21188630490956073, "17": 0.10429447852760736, "18": 0.11072664359861592, "19": 0.09647058823529411, "20": 0.0764163372859025},
  "targets_count": 6423,
  "tp_count": 607
}