{
  "gt_count": 6900,
  "mean_obj_recall": 0.1978567835026533,
  "mean_scene_recall": 0.18853470019610244,
  "obj_recalls": {"1": 0.09421265141318977, "2": 0.19954648526077098, "3": 0.25, "4": 0.14814814814814814, "5": 0.0, "6": 0.21428571428571427, "7": 0.164, "8": 0.4533333333333333, "9": 0.540650406504065, "10": 0.42657342657342656, "11": 0.15428571428571428, "12": 0.20863309352517986, "13": 0.1357142857142857, "14": 0.3493150684931507, "15": 0.08904109589041095, "16": 0.34574468085106386, "17": 0.6301369863013698, "18": 0.1232876712328767, "19": 0.09947643979057591, "20": 0.020833333333333332, "21": 0.06857142857142857, "22": 0.12234042553191489, "23": 0.22983870967741934, "24": 0.13020833333333334, "25": 0.07368421052631578, "26": 0.25252525252525254, "27": 0.041666666666666664, "28": 0.11979166666666667, "29": 0.17346938775510204, "30": 0.0763888888888889},
  "recall": 0.18807410867196014,
  "scene_recalls": {"1": 0.06091370558375635, "2": 0.1360544217687075, "3": 0.17903930131004367, "4": 0.17435897435897435, "5": 0.22540983606557377, "6": 0.18376068376068377, "7": 0.28865979381443296, "8": 0.07142857142857142, "9": 0.1678832116788321, "10": 0.2222222222222222, "11": 0.4213197969543147, "12": 0.27835051546391754, "13": 0.05817174515235457, "14": 0.11343283582089553, "15": 0.1314878892733564, "16": 0.3643410852713178, "17": 0.2085889570552147, "18": 0.15916955017301038, "19": 0.14823529411764705, "20": 0.17786561264822134},
  "targets_count": 6423,
  "tp_count": 1208
}