{
  "gt_count": 6900,
  "mean_obj_recall": 0.004552935100176425,
  "mean_scene_recall": 0.0037171554456381624,
  "obj_recalls": {"1": 0.0, "2": 0.0045351473922902496, "3": 0.0026041666666666665, "4": 0.003367003367003367, "5": 0.0, "6": 0.0, "7": 0.004, "8": 0.013333333333333334, "9": 0.02032520325203252, "10": 0.0, "11": 0.0, "12": 0.0, "13": 0.0, "14": 0.02054794520547945, "15": 0.0, "16": 0.031914893617021274, "17": 0.02054794520547945, "18": 0.0, "19": 0.0, "20": 0.0, "21": 0.0, "22": 0.0, "23": 0.0, "24": 0.0, "25": 0.0, "26": 0.0, "27": 0.0, "28": 0.005208333333333333, "29": 0.01020408163265306, "30": 0.0},
  "recall": 0.004203643157403083,
  "scene_recalls": {"1": 0.0, "2": 0.0, "3": 0.004366812227074236, "4": 0.0, "5": 0.004098360655737705, "6": 0.0, "7": 0.007731958762886598, "8": 0.0, "9": 0.0018248175182481751, "10": 0.0, "11": 0.005076142131979695, "12": 0.003436426116838488, "13": 0.0, "14": 0.0, "15": 0.006920415224913495, "16": 0.015503875968992248, "17": 0.006134969325153374, "18": 0.006920415224913495, "19": 0.007058823529411765, "20": 0.005270092226613966},
  "targets_count": 6423,
  "tp_count": 27
}