{
  "gt_count": 6900,
  "mean_obj_recall": 0.1608835283676604,
  "mean_scene_recall": 0.1520144699336396,
  "obj_recalls": {"1": 0.06191117092866756, "2": 0.15873015873015872, "3": 0.22135416666666666, "4": 0.10774410774410774, "5": 0.0, "6": 0.20408163265306123, "7": 0.136, "8": 0.3933333333333333, "9": 0.5040650406504065, "10": 0.32167832167832167, "11": 0.06857142857142857, "12": 0.10071942446043165, "13": 0.08571428571428572, "14": 0.3287671232876712, "15": 0.0821917808219178, "16": 0.3351063829787234, "17": 0.6164383561643836, "18": 0.0684931506849315, "19": 0.05759162303664921, "20": 0.020833333333333332, "21": 0.017142857142857144, "22": 0.0797872340425532, "23": 0.16129032258064516, "24": 0.09375, "25": 0.06315789473684211, "26": 0.2222222222222222, "27": 0.020833333333333332, "28": 0.09375, "29": 0.17346938775510204, "30": 0.027777777777777776},
  "recall": 0.15101977269188852,
  "scene_recalls": {"1": 0.04568527918781726, "2": 0.1292517006802721, "3": 0.13537117903930132, "4": 0.14871794871794872, "5": 0.1598360655737705, "6": 0.10256410256410256, "7": 0.2603092783505155, "8": 0.03741496598639456, "9": 0.1386861313868613, "10": 0.16666666666666666, "11": 0.3756345177664975, "12": 0.24054982817869416, "13": 0.036011080332409975, "14": 0.07164179104477612, "15": 0.11418685121107267, "16": 0.3049095607235142, "17": 0.17791411042944785, "18": 0.14186851211072665, "19": 0.12, "20": 0.13306982872200263},
  "targets_count": 6423,
  "tp_count": 970
}