{
  "gt_count": 6900,
  "mean_obj_recall": 0.18029403791922508,
  "mean_scene_recall": 0.17169260735085523,
  "obj_recalls": {"1": 0.08344549125168237, "2": 0.17913832199546487, "3": 0.234375, "4": 0.12457912457912458, "5": 0.0, "6": 0.21428571428571427, "7": 0.156, "8": 0.41333333333333333, "9": 0.524390243902439, "10": 0.3776223776223776, "11": 0.12, "12": 0.15827338129496402, "13": 0.1, "14": 0.3493150684931507, "15": 0.0821917808219178, "16": 0.3404255319148936, "17": 0.6301369863013698, "18": 0.0958904109589041, "19": 0.07853403141361257, "20": 0.020833333333333332, "21": 0.03428571428571429, "22": 0.09574468085106383, "23": 0.20967741935483872, "24": 0.11458333333333333, "25": 0.06315789473684211, "26": 0.24242424242424243, "27": 0.03125, "28": 0.11979166666666667, "29": 0.17346938775510204, "30": 0.041666666666666664},
  "recall": 0.17079246458041414,
  "scene_recalls": {"1": 0.050761421319796954, "2": 0.1360544217687075, "3": 0.1572052401746725, "4": 0.16923076923076924, "5": 0.18442622950819673, "6": 0.15384615384615385, "7": 0.2706185567010309, "8": 0.047619047619047616, "9": 0.15145985401459855, "10": 0.19791666666666666, "11": 0.41116751269035534, "12": 0.2646048109965636, "13": 0.04986149584487535, "14": 0.09850746268656717, "15": 0.12110726643598616, "16": 0.32558139534883723, "17": 0.20245398773006135, "18": 0.14186851211072665, "19": 0.1388235294117647, "20": 0.16073781291172595},
  "targets_count": 6423,
  "tp_count": 1097
}