{
  "gt_count": 6900,
  "mean_obj_recall": 0.007922276721489338,
  "mean_scene_recall": 0.005996641491499587,
  "obj_recalls": {"1": 0.004037685060565276, "2": 0.006802721088435374, "3": 0.010416666666666666, "4": 0.005050505050505051, "5": 0.0, "6": 0.0, "7": 0.0, "8": 0.0, "9": 0.0, "10": 0.0, "11": 0.0, "12": 0.0, "13": 0.02142857142857143, "14": 0.0, "15": 0.0, "16": 0.026595744680851064, "17": 0.0684931506849315, "18": 0.0, "19": 0.005235602094240838, "20": 0.0, "21": 0.005714285714285714, "22": 0.0, "23": 0.004032258064516129, "24": 0.0, "25": 0.0, "26": 0.0, "27": 0.03125, "28": 0.0, "29": 0.0, "30": 0.04861111111111111},
  "recall": 0.006850381441693912,
  "scene_recalls": {"1": 0.01015228426395939, "2": 0.0, "3": 0.0, "4": 0.0, "5": 0.012295081967213115, "6": 0.0, "7": 0.007731958762886598, "8": 0.003401360544217687, "9": 0.0072992700729927005, "10": 0.0, "11": 0.0, "12": 0.003436426116838488, "13": 0.002770083102493075, "14": 0.0029850746268656717, "15": 0.01730103806228374, "16": 0.012919896640826873, "17": 0.006134969325153374, "18": 0.0, "19": 0.02823529411764706, "20": 0.005270092226613966},
  "targets_count": 6423,
  "tp_count": 44
}