{
  "gt_count": 6900,
  "mean_obj_recall": 0.017880169917461244,
  "mean_scene_recall": 0.015365217371973305,
  "obj_recalls": {"1": 0.02288021534320323, "2": 0.022675736961451247, "3": 0.0234375, "4": 0.016835016835016835, "5": 0.0, "6": 0.0, "7": 0.0, "8": 0.0, "9": 0.0040650406504065045, "10": 0.0, "11": 0.0, "12": 0.0, "13": 0.02857142857142857, "14": 0.02054794520547945, "15": 0.0136986301369863, "16": 0.06914893617021277, "17": 0.14383561643835616, "18": 0.00684931506849315, "19": 0.005235602094240838, "20": 0.004166666666666667, "21": 0.005714285714285714, "22": 0.0, "23": 0.020161290322580645, "24": 0.020833333333333332, "25": 0.010526315789473684, "26": 0.0, "27": 0.03125, "28": 0.010416666666666666, "29": 0.0, "30": 0.05555555555555555},
  "recall": 0.01821578701541336,
  "scene_recalls": {"1": 0.01015228426395939, "2": 0.0, "3": 0.004366812227074236, "4": 0.0, "5": 0.020491803278688523, "6": 0.0, "7": 0.02577319587628866, "8": 0.006802721088435374, "9": 0.020072992700729927, "10": 0.010416666666666666, "11": 0.0, "12": 0.01718213058419244, "13": 0.008310249307479225, "14": 0.008955223880597015, "15": 0.02768166089965398, "16": 0.03359173126614987, "17": 0.024539877300613498, "18": 0.010380622837370242, "19": 0.058823529411764705, "20": 0.019762845849802372},
  "targets_count": 6423,
  "tp_count": 117
}