{
  "gt_count": 6900,
  "mean_obj_recall": 0.010356518752491856,
  "mean_scene_recall": 0.008290923354145777,
  "obj_recalls": {"1": 0.010767160161507403, "2": 0.009070294784580499, "3": 0.010416666666666666, "4": 0.010101010101010102, "5": 0.0, "6": 0.0, "7": 0.0, "8": 0.0, "9": 0.0, "10": 0.0, "11": 0.0, "12": 0.0, "13": 0.02142857142857143, "14": 0.0, "15": 0.0, "16": 0.0425531914893617, "17": 0.0958904109589041, "18": 0.0, "19": 0.005235602094240838, "20": 0.0, "21": 0.005714285714285714, "22": 0.0, "23": 0.004032258064516129, "24": 0.015625, "25": 0.0, "26": 0.0, "27": 0.03125, "28": 0.0, "29": 0.0, "30": 0.04861111111111111},
  "recall": 0.009808500700607193,
  "scene_recalls": {"1": 0.01015228426395939, "2": 0.0, "3": 0.0, "4": 0.0, "5": 0.01639344262295082, "6": 0.0, "7": 0.010309278350515464, "8": 0.003401360544217687, "9": 0.009124087591240875, "10": 0.006944444444444444, "11": 0.0, "12": 0.003436426116838488, "13": 0.002770083102493075, "14": 0.0029850746268656717, "15": 0.01730103806228374, "16": 0.01808785529715762, "17": 0.006134969325153374, "18": 0.006920415224913495, "19": 0.04, "20": 0.011857707509881422},
  "targets_count": 6423,
  "tp_count": 63
}