{
  "gt_count": 6900,
  "mean_obj_recall": 0.01350940583032656,
  "mean_scene_recall": 0.011002039462611673,
  "obj_recalls": {"1": 0.017496635262449527, "2": 0.011337868480725623, "3": 0.015625, "4": 0.010101010101010102, "5": 0.0, "6": 0.0, "7": 0.0, "8": 0.0, "9": 0.0, "10": 0.0, "11": 0.0, "12": 0.0, "13": 0.02857142857142857, "14": 0.00684931506849315, "15": 0.00684931506849315, "16": 0.05851063829787234, "17": 0.1232876712328767, "18": 0.0, "19": 0.005235602094240838, "20": 0.0, "21": 0.005714285714285714, "22": 0.0, "23": 0.008064516129032258, "24": 0.015625, "25": 0.0, "26": 0.0, "27": 0.03125, "28": 0.005208333333333333, "29": 0.0, "30": 0.05555555555555555},
  "recall": 0.013078000934142924,
  "scene_recalls": {"1": 0.01015228426395939, "2": 0.0, "3": 0.0, "4": 0.0, "5": 0.01639344262295082, "6": 0.0, "7": 0.023195876288659795, "8": 0.003401360544217687, "9": 0.012773722627737226, "10": 0.010416666666666666, "11": 0.0, "12": 0.003436426116838488, "13": 0.002770083102493075, "14": 0.0029850746268656717, "15": 0.02422145328719723, "16": 0.020671834625323, "17": 0.015337423312883436, "18": 0.010380622837370242, "19": 0.04941176470588235, "20": 0.014492753623188406},
  "targets_count": 6423,
  "tp_count": 84
}