{
  "gt_count": 6900,
  "mean_obj_recall": 0.022980886379843826,
  "mean_scene_recall": 0.02074071848374617,
  "obj_recalls": {"1": 0.02826379542395693, "2": 0.031746031746031744, "3": 0.036458333333333336, "4": 0.020202020202020204, "5": 0.015789473684210527, "6": 0.0, "7": 0.004, "8": 0.0, "9": 0.008130081300813009, "10": 0.0, "11": 0.0, "12": 0.0, "13": 0.02857142857142857, "14": 0.02054794520547945, "15": 0.0136986301369863, "16": 0.0797872340425532, "17": 0.15753424657534246, "18": 0.00684931506849315, "19": 0.015706806282722512, "20": 0.004166666666666667, "21": 0.005714285714285714, "22": 0.0, "23": 0.028225806451612902, "24": 0.020833333333333332, "25": 0.021052631578947368, "26": 0.0, "27": 0.041666666666666664, "28": 0.020833333333333332, "29": 0.01020408163265306, "30": 0.06944444444444445},
  "recall": 0.023664954071306244,
  "scene_recalls": {"1": 0.025380710659898477, "2": 0.006802721088435374, "3": 0.013100436681222707, "4": 0.005128205128205128, "5": 0.028688524590163935, "6": 0.0, "7": 0.02577319587628866, "8": 0.006802721088435374, "9": 0.032846715328467155, "10": 0.017361111111111112, "11": 0.005076142131979695, "12": 0.020618556701030927, "13": 0.0110803324099723, "14": 0.014925373134328358, "15": 0.03460207612456748, "16": 0.03875968992248062, "17": 0.027607361963190184, "18": 0.010380622837370242, "19": 0.06352941176470588, "20": 0.026350461133069828},
  "targets_count": 6423,
  "tp_count": 152
}