{
  "gt_count": 6900,
  "mean_obj_recall": 0.005097011870340566,
  "mean_scene_recall": 0.0036831815837795453,
  "obj_recalls": {"1": 0.0013458950201884253, "2": 0.0045351473922902496, "3": 0.0026041666666666665, "4": 0.003367003367003367, "5": 0.0, "6": 0.0, "7": 0.0, "8": 0.0, "9": 0.0, "10": 0.0, "11": 0.0, "12": 0.0, "13": 0.014285714285714285, "14": 0.0, "15": 0.0, "16": 0.015957446808510637, "17": 0.06164383561643835, "18": 0.0, "19": 0.0, "20": 0.0, "21": 0.0, "22": 0.0, "23": 0.004032258064516129, "24": 0.0, "25": 0.0, "26": 0.0, "27": 0.010416666666666666, "28": 0.0, "29": 0.0, "30": 0.034722222222222224},
  "recall": 0.004203643157403083,
  "scene_recalls": {"1": 0.01015228426395939, "2": 0.0, "3": 0.0, "4": 0.0, "5": 0.004098360655737705, "6": 0.0, "7": 0.002577319587628866, "8": 0.0, "9": 0.005474452554744526, "10": 0.0, "11": 0.0, "12": 0.003436426116838488, "13": 0.0, "14": 0.0029850746268656717, "15": 0.006920415224913495, "16": 0.007751937984496124, "17": 0.003067484662576687, "18": 0.0, "19": 0.02588235294117647, "20": 0.0013175230566534915},
  "targets_count": 6423,
  "tp_count": 27
}