{
  "gt_count": 6900,
  "mean_obj_recall": 0.031164472625462403,
  "mean_scene_recall": 0.02826278789182664,
  "obj_recalls": {"1": 0.03095558546433378, "2": 0.03854875283446712, "3": 0.0625, "4": 0.025252525252525252, "5": 0.021052631578947368, "6": 0.01020408163265306, "7": 0.012, "8": 0.0, "9": 0.02032520325203252, "10": 0.0, "11": 0.005714285714285714, "12": 0.007194244604316547, "13": 0.02857142857142857, "14": 0.02054794520547945, "15": 0.02054794520547945, "16": 0.09042553191489362, "17": 0.18493150684931506, "18": 0.00684931506849315, "19": 0.015706806282722512, "20": 0.004166666666666667, "21": 0.005714285714285714, "22": 0.0, "23": 0.03225806451612903, "24": 0.036458333333333336, "25": 0.031578947368421054, "26": 0.010101010101010102, "27": 0.08333333333333333, "28": 0.036458333333333336, "29": 0.01020408163265306, "30": 0.08333333333333333},
  "recall": 0.031293787949556284,
  "scene_recalls": {"1": 0.030456852791878174, "2": 0.013605442176870748, "3": 0.017467248908296942, "4": 0.010256410256410256, "5": 0.045081967213114756, "6": 0.017094017094017096, "7": 0.03865979381443299, "8": 0.01020408163265306, "9": 0.043795620437956206, "10": 0.020833333333333332, "11": 0.01015228426395939, "12": 0.027491408934707903, "13": 0.019390581717451522, "14": 0.01791044776119403, "15": 0.04498269896193772, "16": 0.041343669250646, "17": 0.03680981595092025, "18": 0.01384083044982699, "19": 0.07294117647058823, "20": 0.03293807641633729},
  "targets_count": 6423,
  "tp_count": 201
}