{
  "gt_count": 1517,
  "mean_obj_recall": 0.9751488095238096,
  "mean_scene_recall": 0.9764705882352941,
  "obj_recalls": {"1": 0.9828571428571429, "5": 1.0, "6": 1.0, "8": 1.0, "9": 0.9777777777777777, "10": 0.9055555555555556, "11": 0.95, "12": 0.985},
  "recall": 0.9764705882352941,
  "scene_recalls": {"2": 0.9764705882352941},
  "targets_count": 1445,
  "tp_count": 1411
}