{
  "gt_count": 6900,
  "mean_obj_recall": 0.17780403964001928,
  "mean_scene_recall": 0.1815698494821912,
  "obj_recalls": {"1": 0.05787348586810229, "2": 0.2018140589569161, "3": 0.15364583333333334, "4": 0.132996632996633, "5": 0.4473684210526316, "6": 0.3163265306122449, "7": 0.244, "8": 0.44, "9": 0.47560975609756095, "10": 0.32167832167832167, "11": 0.06857142857142857, "12": 0.2014388489208633, "13": 0.05, "14": 0.22602739726027396, "15": 0.0273972602739726, "16": 0.5, "17": 0.5205479452054794, "18": 0.2054794520547945, "19": 0.041884816753926704, "20": 0.008333333333333333, "21": 0.02857142857142857, "22": 0.0797872340425532, "23": 0.11290322580645161, "24": 0.10416666666666667, "25": 0.08421052631578947, "26": 0.13131313131313133, "27": 0.0, "28": 0.026041666666666668, "29": 0.11224489795918367, "30": 0.013888888888888888},
  "recall": 0.16767865483418964,
  "scene_recalls": {"1": 0.050761421319796954, "2": 0.3741496598639456, "3": 0.29694323144104806, "4": 0.2358974358974359, "5": 0.1598360655737705, "6": 0.1452991452991453, "7": 0.19845360824742267, "8": 0.04081632653061224, "9": 0.12956204379562045, "10": 0.11805555555555555, "11": 0.5329949238578681, "12": 0.2542955326460481, "13": 0.027700831024930747, "14": 0.056716417910447764, "15": 0.0726643598615917, "16": 0.268733850129199, "17": 0.20552147239263804, "18": 0.11072664359861592, "19": 0.20470588235294118, "20": 0.14756258234519104},
  "targets_count": 6423,
  "tp_count": 1077
}