{
  "gt_count": 6900,
  "mean_obj_recall": 0.24846951359558567,
  "mean_scene_recall": 0.25612672567938816,
  "obj_recalls": {"1": 0.09959623149394348, "2": 0.2766439909297052, "3": 0.20833333333333334, "4": 0.18518518518518517, "5": 0.5105263157894737, "6": 0.41836734693877553, "7": 0.396, "8": 0.6066666666666667, "9": 0.573170731707317, "10": 0.46853146853146854, "11": 0.16, "12": 0.2949640287769784, "13": 0.1, "14": 0.2602739726027397, "15": 0.04794520547945205, "16": 0.5425531914893617, "17": 0.5821917808219178, "18": 0.2602739726027397, "19": 0.1099476439790576, "20": 0.05416666666666667, "21": 0.09714285714285714, "22": 0.13297872340425532, "23": 0.24193548387096775, "24": 0.16145833333333334, "25": 0.16842105263157894, "26": 0.2222222222222222, "27": 0.052083333333333336, "28": 0.041666666666666664, "29": 0.15306122448979592, "30": 0.027777777777777776},
  "recall": 0.23540401681457263,
  "scene_recalls": {"1": 0.116751269035533, "2": 0.4965986394557823, "3": 0.40611353711790393, "4": 0.35384615384615387, "5": 0.25, "6": 0.2264957264957265, "7": 0.23969072164948454, "8": 0.12244897959183673, "9": 0.18065693430656934, "10": 0.19444444444444445, "11": 0.6345177664974619, "12": 0.3436426116838488, "13": 0.06371191135734072, "14": 0.14328358208955225, "15": 0.12110726643598616, "16": 0.3359173126614987, "17": 0.2883435582822086, "18": 0.16262975778546712, "19": 0.2447058823529412, "20": 0.1976284584980237},
  "targets_count": 6423,
  "tp_count": 1512
}