{
  "gt_count": 6900,
  "mean_obj_recall": 0.11408614839725374,
  "mean_scene_recall": 0.11541146170485102,
  "obj_recalls": {"1": 0.024226110363391656, "2": 0.1360544217687075, "3": 0.0859375, "4": 0.06902356902356903, "5": 0.3526315789473684, "6": 0.23469387755102042, "7": 0.124, "8": 0.26, "9": 0.3902439024390244, "10": 0.09090909090909091, "11": 0.005714285714285714, "12": 0.10071942446043165, "13": 0.02142857142857143, "14": 0.1643835616438356, "15": 0.02054794520547945, "16": 0.42021276595744683, "17": 0.4452054794520548, "18": 0.06164383561643835, "19": 0.020942408376963352, "20": 0.0, "21": 0.017142857142857144, "22": 0.03723404255319149, "23": 0.06048387096774194, "24": 0.036458333333333336, "25": 0.05263157894736842, "26": 0.09090909090909091, "27": 0.0, "28": 0.020833333333333332, "29": 0.07142857142857142, "30": 0.006944444444444444},
  "recall": 0.10602522185894442,
  "scene_recalls": {"1": 0.030456852791878174, "2": 0.24489795918367346, "3": 0.1572052401746725, "4": 0.15384615384615385, "5": 0.07377049180327869, "6": 0.07264957264957266, "7": 0.13144329896907217, "8": 0.017006802721088437, "9": 0.06934306569343066, "10": 0.0625, "11": 0.38578680203045684, "12": 0.18900343642611683, "13": 0.008310249307479225, "14": 0.029850746268656716, "15": 0.04498269896193772, "16": 0.19638242894056848, "17": 0.13190184049079753, "18": 0.0726643598615917, "19": 0.15058823529411763, "20": 0.08563899868247694},
  "targets_count": 6423,
  "tp_count": 681
}