{
  "gt_count": 6900,
  "mean_obj_recall": 0.05880979337218364,
  "mean_scene_recall": 0.057618231840662226,
  "obj_recalls": {"1": 0.010767160161507403, "2": 0.06349206349206349, "3": 0.036458333333333336, "4": 0.04040404040404041, "5": 0.1631578947368421, "6": 0.07142857142857142, "7": 0.056, "8": 0.12, "9": 0.23983739837398374, "10": 0.006993006993006993, "11": 0.0, "12": 0.03597122302158273, "13": 0.007142857142857143, "14": 0.0821917808219178, "15": 0.00684931506849315, "16": 0.35638297872340424, "17": 0.2808219178082192, "18": 0.0136986301369863, "19": 0.005235602094240838, "20": 0.0, "21": 0.005714285714285714, "22": 0.005319148936170213, "23": 0.03225806451612903, "24": 0.020833333333333332, "25": 0.042105263157894736, "26": 0.020202020202020204, "27": 0.0, "28": 0.010416666666666666, "29": 0.030612244897959183, "30": 0.0},
  "recall": 0.055892884944729875,
  "scene_recalls": {"1": 0.01015228426395939, "2": 0.10204081632653061, "3": 0.06550218340611354, "4": 0.05128205128205128, "5": 0.020491803278688523, "6": 0.017094017094017096, "7": 0.09536082474226804, "8": 0.006802721088435374, "9": 0.040145985401459854, "10": 0.024305555555555556, "11": 0.19289340101522842, "12": 0.10309278350515463, "13": 0.002770083102493075, "14": 0.014925373134328358, "15": 0.020761245674740483, "16": 0.1111111111111111, "17": 0.0736196319018405, "18": 0.04152249134948097, "19": 0.11764705882352941, "20": 0.04084321475625823},
  "targets_count": 6423,
  "tp_count": 359
}