{
  "gt_count": 6900,
  "mean_obj_recall": 0.2264094458967642,
  "mean_scene_recall": 0.23225297615337182,
  "obj_recalls": {"1": 0.08613728129205922, "2": 0.2471655328798186, "3": 0.1953125, "4": 0.17003367003367004, "5": 0.5, "6": 0.3877551020408163, "7": 0.348, "8": 0.56, "9": 0.5528455284552846, "10": 0.4125874125874126, "11": 0.12, "12": 0.28776978417266186, "13": 0.09285714285714286, "14": 0.23972602739726026, "15": 0.0410958904109589, "16": 0.5212765957446809, "17": 0.5753424657534246, "18": 0.2534246575342466, "19": 0.08900523560209424, "20": 0.020833333333333332, "21": 0.06857142857142857, "22": 0.10106382978723404, "23": 0.1935483870967742, "24": 0.15625, "25": 0.1368421052631579, "26": 0.21212121212121213, "27": 0.020833333333333332, "28": 0.03125, "29": 0.14285714285714285, "30": 0.027777777777777776},
  "recall": 0.21376303907831232,
  "scene_recalls": {"1": 0.10152284263959391, "2": 0.46258503401360546, "3": 0.37554585152838427, "4": 0.3282051282051282, "5": 0.20491803278688525, "6": 0.20085470085470086, "7": 0.2268041237113402, "8": 0.09183673469387756, "9": 0.16058394160583941, "10": 0.16666666666666666, "11": 0.5989847715736041, "12": 0.31958762886597936, "13": 0.0443213296398892, "14": 0.10746268656716418, "15": 0.09688581314878893, "16": 0.32299741602067183, "17": 0.26993865030674846, "18": 0.1453287197231834, "19": 0.23294117647058823, "20": 0.18708827404479578},
  "targets_count": 6423,
  "tp_count": 1373
}