{
  "gt_count": 6900,
  "mean_obj_recall": 0.009912422232721405,
  "mean_scene_recall": 0.00807523609404855,
  "obj_recalls": {"1": 0.0013458950201884253, "2": 0.009070294784580499, "3": 0.005208333333333333, "4": 0.0, "5": 0.010526315789473684, "6": 0.0, "7": 0.004, "8": 0.006666666666666667, "9": 0.028455284552845527, "10": 0.0, "11": 0.0, "12": 0.0, "13": 0.0, "14": 0.0273972602739726, "15": 0.0, "16": 0.1595744680851064, "17": 0.0410958904109589, "18": 0.0, "19": 0.0, "20": 0.0, "21": 0.0, "22": 0.0, "23": 0.004032258064516129, "24": 0.0, "25": 0.0, "26": 0.0, "27": 0.0, "28": 0.0, "29": 0.0, "30": 0.0},
  "recall": 0.009185738751362292,
  "scene_recalls": {"1": 0.0, "2": 0.006802721088435374, "3": 0.0, "4": 0.0, "5": 0.0, "6": 0.0, "7": 0.030927835051546393, "8": 0.0, "9": 0.0072992700729927005, "10": 0.003472222222222222, "11": 0.02030456852791878, "12": 0.003436426116838488, "13": 0.0, "14": 0.0, "15": 0.0, "16": 0.041343669250646, "17": 0.012269938650306749, "18": 0.0034602076124567475, "19": 0.02823529411764706, "20": 0.003952569169960474},
  "targets_count": 6423,
  "tp_count": 59
}