{
  "gt_count": 6900,
  "mean_obj_recall": 0.15410808176255233,
  "mean_scene_recall": 0.15628780414717308,
  "obj_recalls": {"1": 0.04306864064602961, "2": 0.17913832199546487, "3": 0.11979166666666667, "4": 0.10437710437710437, "5": 0.43157894736842106, "6": 0.29591836734693877, "7": 0.208, "8": 0.37333333333333335, "9": 0.43902439024390244, "10": 0.26573426573426573, "11": 0.03428571428571429, "12": 0.15827338129496402, "13": 0.04285714285714286, "14": 0.19863013698630136, "15": 0.02054794520547945, "16": 0.4946808510638298, "17": 0.5, "18": 0.13013698630136986, "19": 0.03664921465968586, "20": 0.0, "21": 0.02857142857142857, "22": 0.047872340425531915, "23": 0.07661290322580645, "24": 0.0625, "25": 0.07368421052631578, "26": 0.12121212121212122, "27": 0.0, "28": 0.020833333333333332, "29": 0.10204081632653061, "30": 0.013888888888888888},
  "recall": 0.14354662930094972,
  "scene_recalls": {"1": 0.04568527918781726, "2": 0.3197278911564626, "3": 0.24017467248908297, "4": 0.21025641025641026, "5": 0.13524590163934427, "6": 0.1111111111111111, "7": 0.17525773195876287, "8": 0.030612244897959183, "9": 0.10036496350364964, "10": 0.08680555555555555, "11": 0.49746192893401014, "12": 0.23024054982817868, "13": 0.0110803324099723, "14": 0.03582089552238806, "15": 0.06228373702422145, "16": 0.24806201550387597, "17": 0.17791411042944785, "18": 0.09688581314878893, "19": 0.18823529411764706, "20": 0.1225296442687747},
  "targets_count": 6423,
  "tp_count": 922
}