{
  "gt_count": 6900,
  "mean_obj_recall": 0.19822025584211225,
  "mean_scene_recall": 0.20159653661813706,
  "obj_recalls": {"1": 0.07267833109017496, "2": 0.21768707482993196, "3": 0.171875, "4": 0.14814814814814814, "5": 0.4631578947368421, "6": 0.35714285714285715, "7": 0.288, "8": 0.48, "9": 0.491869918699187, "10": 0.3776223776223776, "11": 0.09714285714285714, "12": 0.2517985611510791, "13": 0.07142857142857142, "14": 0.2328767123287671, "15": 0.0273972602739726, "16": 0.5106382978723404, "17": 0.547945205479452, "18": 0.2328767123287671, "19": 0.06282722513089005, "20": 0.0125, "21": 0.05142857142857143, "22": 0.09042553191489362, "23": 0.125, "24": 0.11979166666666667, "25": 0.08421052631578947, "26": 0.1717171717171717, "27": 0.020833333333333332, "28": 0.03125, "29": 0.12244897959183673, "30": 0.013888888888888888},
  "recall": 0.1865172037988479,
  "scene_recalls": {"1": 0.050761421319796954, "2": 0.40816326530612246, "3": 0.32751091703056767, "4": 0.26153846153846155, "5": 0.1762295081967213, "6": 0.18803418803418803, "7": 0.21649484536082475, "8": 0.05782312925170068, "9": 0.1386861313868613, "10": 0.13541666666666666, "11": 0.5634517766497462, "12": 0.281786941580756, "13": 0.036011080332409975, "14": 0.06567164179104477, "15": 0.08996539792387544, "16": 0.2997416020671835, "17": 0.2331288343558282, "18": 0.12110726643598616, "19": 0.21176470588235294, "20": 0.1686429512516469},
  "targets_count": 6423,
  "tp_count": 1198
}