{
  "gt_count": 6900,
  "mean_obj_recall": 0.2156598036419958,
  "mean_scene_recall": 0.22031104888520306,
  "obj_recalls": {"1": 0.08075370121130551, "2": 0.24036281179138322, "3": 0.18489583333333334, "4": 0.1632996632996633, "5": 0.48947368421052634, "6": 0.3877551020408163, "7": 0.324, "8": 0.52, "9": 0.524390243902439, "10": 0.40559440559440557, "11": 0.10285714285714286, "12": 0.28776978417266186, "13": 0.07857142857142857, "14": 0.23972602739726026, "15": 0.03424657534246575, "16": 0.5106382978723404, "17": 0.5684931506849316, "18": 0.2534246575342466, "19": 0.07853403141361257, "20": 0.016666666666666666, "21": 0.06285714285714286, "22": 0.09574468085106383, "23": 0.15725806451612903, "24": 0.13541666666666666, "25": 0.12631578947368421, "26": 0.1919191919191919, "27": 0.020833333333333332, "28": 0.03125, "29": 0.14285714285714285, "30": 0.013888888888888888},
  "recall": 0.20302039545383777,
  "scene_recalls": {"1": 0.08629441624365482, "2": 0.4489795918367347, "3": 0.3537117903930131, "4": 0.30256410256410254, "5": 0.18442622950819673, "6": 0.20085470085470086, "7": 0.2268041237113402, "8": 0.07142857142857142, "9": 0.15145985401459855, "10": 0.15625, "11": 0.5888324873096447, "12": 0.30584192439862545, "13": 0.04155124653739612, "14": 0.08358208955223881, "15": 0.09688581314878893, "16": 0.3152454780361757, "17": 0.254601226993865, "18": 0.13494809688581316, "19": 0.2188235294117647, "20": 0.1831357048748353},
  "targets_count": 6423,
  "tp_count": 1304
}