{
  "gt_count": 6900,
  "mean_obj_recall": 0.23665798661808649,
  "mean_scene_recall": 0.24349562977824837,
  "obj_recalls": {"1": 0.09286675639300135, "2": 0.26303854875283444, "3": 0.20052083333333334, "4": 0.1750841750841751, "5": 0.5052631578947369, "6": 0.3877551020408163, "7": 0.364, "8": 0.5733333333333334, "9": 0.5609756097560976, "10": 0.43356643356643354, "11": 0.14285714285714285, "12": 0.2949640287769784, "13": 0.09285714285714286, "14": 0.2465753424657534, "15": 0.04794520547945205, "16": 0.526595744680851, "17": 0.5821917808219178, "18": 0.2602739726027397, "19": 0.09947643979057591, "20": 0.0375, "21": 0.08, "22": 0.1276595744680851, "23": 0.22983870967741934, "24": 0.16145833333333334, "25": 0.14736842105263157, "26": 0.2222222222222222, "27": 0.03125, "28": 0.041666666666666664, "29": 0.14285714285714285, "30": 0.027777777777777776},
  "recall": 0.2241943017281644,
  "scene_recalls": {"1": 0.1065989847715736, "2": 0.46938775510204084, "3": 0.3930131004366812, "4": 0.3435897435897436, "5": 0.21721311475409835, "6": 0.2094017094017094, "7": 0.23195876288659795, "8": 0.10884353741496598, "9": 0.17335766423357665, "10": 0.1840277777777778, "11": 0.6142131979695431, "12": 0.3333333333333333, "13": 0.05817174515235457, "14": 0.13134328358208955, "15": 0.10726643598615918, "16": 0.330749354005168, "17": 0.2791411042944785, "18": 0.1522491349480969, "19": 0.2376470588235294, "20": 0.18840579710144928},
  "targets_count": 6423,
  "tp_count": 1440
}