{
  "gt_count": 1517,
  "mean_obj_recall": 0.04577082624903968,
  "mean_scene_recall": 0.047058823529411764,
  "obj_recalls": {"1": 0.011428571428571429, "5": 0.09547738693467336, "6": 0.005847953216374269, "8": 0.02, "9": 0.09444444444444444, "10": 0.011111111111111112, "11": 0.04285714285714286, "12": 0.085},
  "recall": 0.047058823529411764,
  "scene_recalls": {"2": 0.047058823529411764},
  "targets_count": 1445,
  "tp_count": 68
}