{
  "gt_count": 1517,
  "mean_obj_recall": 0.009238753290260828,
  "mean_scene_recall": 0.009688581314878892,
  "obj_recalls": {"1": 0.0, "5": 0.020100502512562814, "6": 0.0, "8": 0.0, "9": 0.016666666666666666, "10": 0.0, "11": 0.007142857142857143, "12": 0.03},
  "recall": 0.009688581314878892,
  "scene_recalls": {"2": 0.009688581314878892},
  "targets_count": 1445,
  "tp_count": 14
}