{
  "gt_count": 1517,
  "mean_obj_recall": 0.027400310869300552,
  "mean_scene_recall": 0.02837370242214533,
  "obj_recalls": {"1": 0.011428571428571429, "5": 0.02512562814070352, "6": 0.011695906432748537, "8": 0.025, "9": 0.03333333333333333, "10": 0.03333333333333333, "11": 0.014285714285714285, "12": 0.065},
  "recall": 0.02837370242214533,
  "scene_recalls": {"2": 0.02837370242214533},
  "targets_count": 1445,
  "tp_count": 41
}