{
  "gt_count": 1517,
  "mean_obj_recall": 0.01852811467529796,
  "mean_scene_recall": 0.019377162629757784,
  "obj_recalls": {"1": 0.005714285714285714, "5": 0.01507537688442211, "6": 0.005847953216374269, "8": 0.01, "9": 0.022222222222222223, "10": 0.022222222222222223, "11": 0.007142857142857143, "12": 0.06},
  "recall": 0.019377162629757784,
  "scene_recalls": {"2": 0.019377162629757784},
  "targets_count": 1445,
  "tp_count": 28
}