{
  "gt_count": 1517,
  "mean_obj_recall": 0.011940805216558985,
  "mean_scene_recall": 0.01245674740484429,
  "obj_recalls": {"1": 0.0, "5": 0.010050251256281407, "6": 0.0, "8": 0.005, "9": 0.016666666666666666, "10": 0.016666666666666666, "11": 0.007142857142857143, "12": 0.04},
  "recall": 0.01245674740484429,
  "scene_recalls": {"2": 0.01245674740484429},
  "targets_count": 1445,
  "tp_count": 18
}