{
  "gt_count": 1517,
  "mean_obj_recall": 0.03141615817181144,
  "mean_scene_recall": 0.032525951557093424,
  "obj_recalls": {"1": 0.005714285714285714, "5": 0.07537688442211055, "6": 0.0, "8": 0.005, "9": 0.05555555555555555, "10": 0.011111111111111112, "11": 0.02857142857142857, "12": 0.07},
  "recall": 0.032525951557093424,
  "scene_recalls": {"2": 0.032525951557093424},
  "targets_count": 1445,
  "tp_count": 47
}