{
  "gt_count": 1517,
  "mean_obj_recall": 0.05642824607582608,
  "mean_scene_recall": 0.05813148788927336,
  "obj_recalls": {"1": 0.017142857142857144, "5": 0.12562814070351758, "6": 0.017543859649122806, "8": 0.025, "9": 0.1, "10": 0.011111111111111112, "11": 0.05, "12": 0.105},
  "recall": 0.05813148788927336,
  "scene_recalls": {"2": 0.05813148788927336},
  "targets_count": 1445,
  "tp_count": 84
}