{
  "gt_count": 1517,
  "mean_obj_recall": 0.06881812991440074,
  "mean_scene_recall": 0.07128027681660899,
  "obj_recalls": {"1": 0.02857142857142857, "5": 0.16080402010050251, "6": 0.023391812865497075, "8": 0.04, "9": 0.11666666666666667, "10": 0.011111111111111112, "11": 0.05, "12": 0.12},
  "recall": 0.07128027681660899,
  "scene_recalls": {"2": 0.07128027681660899},
  "targets_count": 1445,
  "tp_count": 103
}