{
  "gt_count": 1517,
  "mean_obj_recall": 0.014636085082891485,
  "mean_scene_recall": 0.01522491349480969,
  "obj_recalls": {"1": 0.005714285714285714, "5": 0.010050251256281407, "6": 0.005847953216374269, "8": 0.005, "9": 0.016666666666666666, "10": 0.016666666666666666, "11": 0.007142857142857143, "12": 0.05},
  "recall": 0.01522491349480969,
  "scene_recalls": {"2": 0.01522491349480969},
  "targets_count": 1445,
  "tp_count": 22
}