{
  "gt_count": 1517,
  "mean_obj_recall": 0.02455986857848138,
  "mean_scene_recall": 0.02560553633217993,
  "obj_recalls": {"1": 0.011428571428571429, "5": 0.020100502512562814, "6": 0.011695906432748537, "8": 0.025, "9": 0.03333333333333333, "10": 0.027777777777777776, "11": 0.007142857142857143, "12": 0.06},
  "recall": 0.02560553633217993,
  "scene_recalls": {"2": 0.02560553633217993},
  "targets_count": 1445,
  "tp_count": 37
}