{
  "gt_count": 1517,
  "mean_obj_recall": 0.006458333333333332,
  "mean_scene_recall": 0.006920415224913495,
  "obj_recalls": {"1": 0.0, "5": 0.0, "6": 0.0, "8": 0.005, "9": 0.011111111111111112, "10": 0.005555555555555556, "11": 0.0, "12": 0.03},
  "recall": 0.006920415224913495,
  "scene_recalls": {"2": 0.006920415224913495},
  "targets_count": 1445,
  "tp_count": 10
}