{
  "gt_count": 1517,
  "mean_obj_recall": 0.014985941612826036,
  "mean_scene_recall": 0.01522491349480969,
  "obj_recalls": {"1": 0.0, "5": 0.02512562814070352, "6": 0.0, "8": 0.0, "9": 0.03333333333333333, "10": 0.0, "11": 0.02142857142857143, "12": 0.04},
  "recall": 0.01522491349480969,
  "scene_recalls": {"2": 0.01522491349480969},
  "targets_count": 1445,
  "tp_count": 22
}