{
  "gt_count": 1517,
  "mean_obj_recall": 0.01944294887134083,
  "mean_scene_recall": 0.020069204152249134,
  "obj_recalls": {"1": 0.0, "5": 0.04522613065326633, "6": 0.0, "8": 0.005, "9": 0.03888888888888889, "10": 0.0, "11": 0.02142857142857143, "12": 0.045},
  "recall": 0.020069204152249134,
  "scene_recalls": {"2": 0.020069204152249134},
  "targets_count": 1445,
  "tp_count": 29
}