{
  "gt_count": 6900,
  "mean_obj_recall": 0.0010426550840850874,
  "mean_scene_recall": 0.0008140813994198029,
  "obj_recalls": {"1": 0.0, "2": 0.0, "3": 0.0, "4": 0.0, "5": 0.0, "6": 0.0, "7": 0.0, "8": 0.006666666666666667, "9": 0.0040650406504065045, "10": 0.0, "11": 0.0, "12": 0.0, "13": 0.0, "14": 0.00684931506849315, "15": 0.0, "16": 0.0, "17": 0.0136986301369863, "18": 0.0, "19": 0.0, "20": 0.0, "21": 0.0, "22": 0.0, "23": 0.0, "24": 0.0, "25": 0.0, "26": 0.0, "27": 0.0, "28": 0.0, "29": 0.0, "30": 0.0},
  "recall": 0.0007784524365561264,
  "scene_recalls": {"1": 0.0, "2": 0.0, "3": 0.0, "4": 0.0, "5": 0.0, "6": 0.0, "7": 0.002577319587628866, "8": 0.0, "9": 0.0, "10": 0.0, "11": 0.005076142131979695, "12": 0.0, "13": 0.0, "14": 0.0, "15": 0.0, "16": 0.00516795865633075, "17": 0.0, "18": 0.0034602076124567475, "19": 0.0, "20": 0.0},
  "targets_count": 6423,
  "tp_count": 5
}