{
  "gt_count": 6900,
  "mean_obj_recall": 0.026828225147163813,
  "mean_scene_recall": 0.024794194974697266,
  "obj_recalls": {"1": 0.010767160161507403, "2": 0.022675736961451247, "3": 0.046875, "4": 0.016835016835016835, "5": 0.0, "6": 0.04081632653061224, "7": 0.012, "8": 0.08666666666666667, "9": 0.1016260162601626, "10": 0.027972027972027972, "11": 0.0, "12": 0.007194244604316547, "13": 0.007142857142857143, "14": 0.0547945205479452, "15": 0.00684931506849315, "16": 0.03723404255319149, "17": 0.1780821917808219, "18": 0.02054794520547945, "19": 0.010471204188481676, "20": 0.0, "21": 0.0, "22": 0.0, "23": 0.004032258064516129, "24": 0.020833333333333332, "25": 0.0, "26": 0.06060606060606061, "27": 0.0, "28": 0.010416666666666666, "29": 0.02040816326530612, "30": 0.0},
  "recall": 0.02475478748248482,
  "scene_recalls": {"1": 0.0, "2": 0.034013605442176874, "3": 0.034934497816593885, "4": 0.020512820512820513, "5": 0.01639344262295082, "6": 0.0, "7": 0.06958762886597938, "8": 0.006802721088435374, "9": 0.03467153284671533, "10": 0.017361111111111112, "11": 0.06598984771573604, "12": 0.030927835051546393, "13": 0.0, "14": 0.0, "15": 0.020761245674740483, "16": 0.046511627906976744, "17": 0.049079754601226995, "18": 0.020761245674740483, "19": 0.011764705882352941, "20": 0.015810276679841896},
  "targets_count": 6423,
  "tp_count": 159
}