{
  "gt_count": 6900,
  "mean_obj_recall": 0.020961083843751158,
  "mean_scene_recall": 0.019912136985661213,
  "obj_recalls": {"1": 0.009421265141318977, "2": 0.011337868480725623, "3": 0.041666666666666664, "4": 0.015151515151515152, "5": 0.0, "6": 0.030612244897959183, "7": 0.012, "8": 0.07333333333333333, "9": 0.08943089430894309, "10": 0.006993006993006993, "11": 0.0, "12": 0.007194244604316547, "13": 0.0, "14": 0.04794520547945205, "15": 0.00684931506849315, "16": 0.026595744680851064, "17": 0.15753424657534246, "18": 0.00684931506849315, "19": 0.005235602094240838, "20": 0.0, "21": 0.0, "22": 0.0, "23": 0.004032258064516129, "24": 0.020833333333333332, "25": 0.0, "26": 0.04040404040404041, "27": 0.0, "28": 0.005208333333333333, "29": 0.01020408163265306, "30": 0.0},
  "recall": 0.019772691888525613,
  "scene_recalls": {"1": 0.0, "2": 0.027210884353741496, "3": 0.026200873362445413, "4": 0.015384615384615385, "5": 0.00819672131147541, "6": 0.0, "7": 0.061855670103092786, "8": 0.003401360544217687, "9": 0.023722627737226276, "10": 0.017361111111111112, "11": 0.05583756345177665, "12": 0.030927835051546393, "13": 0.0, "14": 0.0, "15": 0.010380622837370242, "16": 0.03617571059431524, "17": 0.04294478527607362, "18": 0.020761245674740483, "19": 0.004705882352941176, "20": 0.013175230566534914},
  "targets_count": 6423,
  "tp_count": 127
}