{
  "gt_count": 6900,
  "mean_obj_recall": 0.01427222863416997,
  "mean_scene_recall": 0.013288065108282763,
  "obj_recalls": {"1": 0.005383580080753701, "2": 0.0045351473922902496, "3": 0.018229166666666668, "4": 0.010101010101010102, "5": 0.0, "6": 0.02040816326530612, "7": 0.008, "8": 0.04666666666666667, "9": 0.07723577235772358, "10": 0.0, "11": 0.0, "12": 0.0, "13": 0.0, "14": 0.0410958904109589, "15": 0.00684931506849315, "16": 0.02127659574468085, "17": 0.14383561643835616, "18": 0.0, "19": 0.0, "20": 0.0, "21": 0.0, "22": 0.0, "23": 0.004032258064516129, "24": 0.010416666666666666, "25": 0.0, "26": 0.010101010101010102, "27": 0.0, "28": 0.0, "29": 0.0, "30": 0.0},
  "recall": 0.01323369142145415,
  "scene_recalls": {"1": 0.0, "2": 0.02040816326530612, "3": 0.013100436681222707, "4": 0.005128205128205128, "5": 0.0, "6": 0.0, "7": 0.04896907216494845, "8": 0.0, "9": 0.012773722627737226, "10": 0.010416666666666666, "11": 0.04060913705583756, "12": 0.020618556701030927, "13": 0.0, "14": 0.0, "15": 0.0, "16": 0.031007751937984496, "17": 0.03067484662576687, "18": 0.020761245674740483, "19": 0.004705882352941176, "20": 0.006587615283267457},
  "targets_count": 6423,
  "tp_count": 85
}