{
  "gt_count": 6900,
  "mean_obj_recall": 0.009314120191639737,
  "mean_scene_recall": 0.007790944909512173,
  "obj_recalls": {"1": 0.0013458950201884253, "2": 0.0, "3": 0.0026041666666666665, "4": 0.0, "5": 0.0, "6": 0.01020408163265306, "7": 0.0, "8": 0.04, "9": 0.044715447154471545, "10": 0.0, "11": 0.0, "12": 0.0, "13": 0.0, "14": 0.03424657534246575, "15": 0.0, "16": 0.005319148936170213, "17": 0.11643835616438356, "18": 0.0, "19": 0.0, "20": 0.0, "21": 0.0, "22": 0.0, "23": 0.004032258064516129, "24": 0.010416666666666666, "25": 0.0, "26": 0.010101010101010102, "27": 0.0, "28": 0.0, "29": 0.0, "30": 0.0},
  "recall": 0.007317452903627588,
  "scene_recalls": {"1": 0.0, "2": 0.006802721088435374, "3": 0.008733624454148471, "4": 0.005128205128205128, "5": 0.0, "6": 0.0, "7": 0.028350515463917526, "8": 0.0, "9": 0.0018248175182481751, "10": 0.010416666666666666, "11": 0.030456852791878174, "12": 0.013745704467353952, "13": 0.0, "14": 0.0, "15": 0.0, "16": 0.028423772609819122, "17": 0.009202453987730062, "18": 0.010380622837370242, "19": 0.002352941176470588, "20": 0.0},
  "targets_count": 6423,
  "tp_count": 47
}