{
  "gt_count": 6900,
  "mean_obj_recall": 0.011118749823613031,
  "mean_scene_recall": 0.009447329021970659,
  "obj_recalls": {"1": 0.0013458950201884253, "2": 0.0, "3": 0.010416666666666666, "4": 0.006734006734006734, "5": 0.0, "6": 0.01020408163265306, "7": 0.0, "8": 0.04, "9": 0.056910569105691054, "10": 0.0, "11": 0.0, "12": 0.0, "13": 0.0, "14": 0.03424657534246575, "15": 0.00684931506849315, "16": 0.005319148936170213, "17": 0.136986301369863, "18": 0.0, "19": 0.0, "20": 0.0, "21": 0.0, "22": 0.0, "23": 0.004032258064516129, "24": 0.010416666666666666, "25": 0.0, "26": 0.010101010101010102, "27": 0.0, "28": 0.0, "29": 0.0, "30": 0.0},
  "recall": 0.009497119725984743,
  "scene_recalls": {"1": 0.0, "2": 0.006802721088435374, "3": 0.008733624454148471, "4": 0.005128205128205128, "5": 0.0, "6": 0.0, "7": 0.041237113402061855, "8": 0.0, "9": 0.005474452554744526, "10": 0.010416666666666666, "11": 0.030456852791878174, "12": 0.01718213058419244, "13": 0.0, "14": 0.0, "15": 0.0, "16": 0.028423772609819122, "17": 0.018404907975460124, "18": 0.010380622837370242, "19": 0.002352941176470588, "20": 0.003952569169960474},
  "targets_count": 6423,
  "tp_count": 61
}