{
  "gt_count": 6900,
  "mean_obj_recall": 0.00622301799546629,
  "mean_scene_recall": 0.005176405538620075,
  "obj_recalls": {"1": 0.0, "2": 0.0, "3": 0.0, "4": 0.0, "5": 0.0, "6": 0.01020408163265306, "7": 0.0, "8": 0.02666666666666667, "9": 0.032520325203252036, "10": 0.0, "11": 0.0, "12": 0.0, "13": 0.0, "14": 0.0273972602739726, "15": 0.0, "16": 0.005319148936170213, "17": 0.07534246575342465, "18": 0.0, "19": 0.0, "20": 0.0, "21": 0.0, "22": 0.0, "23": 0.004032258064516129, "24": 0.005208333333333333, "25": 0.0, "26": 0.0, "27": 0.0, "28": 0.0, "29": 0.0, "30": 0.0},
  "recall": 0.004826405106647984,
  "scene_recalls": {"1": 0.0, "2": 0.006802721088435374, "3": 0.0, "4": 0.0, "5": 0.0, "6": 0.0, "7": 0.020618556701030927, "8": 0.0, "9": 0.0, "10": 0.006944444444444444, "11": 0.025380710659898477, "12": 0.013745704467353952, "13": 0.0, "14": 0.0, "15": 0.0, "16": 0.01808785529715762, "17": 0.006134969325153374, "18": 0.0034602076124567475, "19": 0.002352941176470588, "20": 0.0},
  "targets_count": 6423,
  "tp_count": 31
}