{
  "gt_count": 6900,
  "mean_obj_recall": 0.018037225488575774,
  "mean_scene_recall": 0.01651678699663487,
  "obj_recalls": {"1": 0.008075370121130552, "2": 0.006802721088435374, "3": 0.0234375, "4": 0.011784511784511785, "5": 0.0, "6": 0.02040816326530612, "7": 0.008, "8": 0.06, "9": 0.08130081300813008, "10": 0.006993006993006993, "11": 0.0, "12": 0.0, "13": 0.0, "14": 0.0410958904109589, "15": 0.00684931506849315, "16": 0.02127659574468085, "17": 0.15753424657534246, "18": 0.00684931506849315, "19": 0.005235602094240838, "20": 0.0, "21": 0.0, "22": 0.0, "23": 0.004032258064516129, "24": 0.020833333333333332, "25": 0.0, "26": 0.04040404040404041, "27": 0.0, "28": 0.0, "29": 0.01020408163265306, "30": 0.0},
  "recall": 0.016347501167678656,
  "scene_recalls": {"1": 0.0, "2": 0.02040816326530612, "3": 0.021834061135371178, "4": 0.015384615384615385, "5": 0.004098360655737705, "6": 0.0, "7": 0.05412371134020619, "8": 0.003401360544217687, "9": 0.012773722627737226, "10": 0.017361111111111112, "11": 0.04568527918781726, "12": 0.020618556701030927, "13": 0.0, "14": 0.0, "15": 0.006920415224913495, "16": 0.03359173126614987, "17": 0.03680981595092025, "18": 0.020761245674740483, "19": 0.004705882352941176, "20": 0.011857707509881422},
  "targets_count": 6423,
  "tp_count": 105
}