{
  "bop19_average_recall": 0.0,
  "bop19_average_recall_ad": 0.0006920415224913495,
  "bop19_average_recall_mspd": 0.0,
  "bop19_average_recall_mssd": 0.0,
  "bop19_average_recall_vsd": 0.0,
  "bop19_average_time_per_image": 2.691937084197998
}