{
  "gt_count": 6900,
  "mean_obj_recall": 0.09684973214581596,
  "mean_scene_recall": 0.08595522770858181,
  "obj_recalls": {"1": 0.06998654104979811, "2": 0.14058956916099774, "3": 0.16666666666666666, "4": 0.07575757575757576, "5": 0.05263157894736842, "6": 0.01020408163265306, "7": 0.024, "8": 0.05333333333333334, "9": 0.08130081300813008, "10": 0.006993006993006993, "11": 0.03428571428571429, "12": 0.04316546762589928, "13": 0.12857142857142856, "14": 0.136986301369863, "15": 0.0958904109589041, "16": 0.2978723404255319, "17": 0.3904109589041096, "18": 0.0958904109589041, "19": 0.05235602094240838, "20": 0.029166666666666667, "21": 0.03428571428571429, "22": 0.010638297872340425, "23": 0.08870967741935484, "24": 0.08854166666666667, "25": 0.10526315789473684, "26": 0.050505050505050504, "27": 0.15625, "28": 0.078125, "29": 0.09183673469387756, "30": 0.2152777777777778},
  "recall": 0.0948155067725362,
  "scene_recalls": {"1": 0.1116751269035533, "2": 0.02040816326530612, "3": 0.08733624454148471, "4": 0.041025641025641026, "5": 0.09016393442622951, "6": 0.029914529914529916, "7": 0.13402061855670103, "8": 0.047619047619047616, "9": 0.12408759124087591, "10": 0.06597222222222222, "11": 0.04060913705583756, "12": 0.1134020618556701, "13": 0.05817174515235457, "14": 0.04776119402985075, "15": 0.12110726643598616, "16": 0.16020671834625322, "17": 0.08895705521472393, "18": 0.04152249134948097, "19": 0.1976470588235294, "20": 0.09749670619235837},
  "targets_count": 6423,
  "tp_count": 609
}