{
  "gt_count": 6900,
  "mean_obj_recall": 0.16818277438367846,
  "mean_scene_recall": 0.15509265522161547,
  "obj_recalls": {"1": 0.12382234185733512, "2": 0.1836734693877551, "3": 0.234375, "4": 0.11447811447811448, "5": 0.10526315789473684, "6": 0.14285714285714285, "7": 0.104, "8": 0.16666666666666666, "9": 0.16260162601626016, "10": 0.1258741258741259, "11": 0.08571428571428572, "12": 0.1223021582733813, "13": 0.18571428571428572, "14": 0.1917808219178082, "15": 0.15753424657534246, "16": 0.34574468085106386, "17": 0.4383561643835616, "18": 0.18493150684931506, "19": 0.16230366492146597, "20": 0.0875, "21": 0.07428571428571429, "22": 0.0851063829787234, "23": 0.1774193548387097, "24": 0.171875, "25": 0.16842105263157894, "26": 0.10101010101010101, "27": 0.2708333333333333, "28": 0.11979166666666667, "29": 0.17346938775510204, "30": 0.2777777777777778},
  "recall": 0.16020551144325082,
  "scene_recalls": {"1": 0.17766497461928935, "2": 0.08843537414965986, "3": 0.14847161572052403, "4": 0.11794871794871795, "5": 0.20491803278688525, "6": 0.11538461538461539, "7": 0.19845360824742267, "8": 0.11224489795918367, "9": 0.16970802919708028, "10": 0.14930555555555555, "11": 0.14720812182741116, "12": 0.15807560137457044, "13": 0.11357340720221606, "14": 0.13432835820895522, "15": 0.18685121107266436, "16": 0.21963824289405684, "17": 0.1656441717791411, "18": 0.08996539792387544, "19": 0.2564705882352941, "20": 0.14756258234519104},
  "targets_count": 6423,
  "tp_count": 1029
}