{
  "gt_count": 6900,
  "mean_obj_recall": 0.07619182317133695,
  "mean_scene_recall": 0.06691434686305288,
  "obj_recalls": {"1": 0.059219380888290714, "2": 0.10884353741496598, "3": 0.13802083333333334, "4": 0.06565656565656566, "5": 0.03684210526315789, "6": 0.0, "7": 0.012, "8": 0.02, "9": 0.06504065040650407, "10": 0.0, "11": 0.011428571428571429, "12": 0.02877697841726619, "13": 0.10714285714285714, "14": 0.11643835616438356, "15": 0.0821917808219178, "16": 0.26595744680851063, "17": 0.363013698630137, "18": 0.07534246575342465, "19": 0.020942408376963352, "20": 0.016666666666666666, "21": 0.017142857142857144, "22": 0.005319148936170213, "23": 0.07258064516129033, "24": 0.06770833333333333, "25": 0.07368421052631578, "26": 0.04040404040404041, "27": 0.09375, "28": 0.052083333333333336, "29": 0.061224489795918366, "30": 0.20833333333333334},
  "recall": 0.07566557683325549,
  "scene_recalls": {"1": 0.09137055837563451, "2": 0.013605442176870748, "3": 0.056768558951965066, "4": 0.02564102564102564, "5": 0.06557377049180328, "6": 0.008547008547008548, "7": 0.11855670103092783, "8": 0.03741496598639456, "9": 0.10766423357664233, "10": 0.04513888888888889, "11": 0.030456852791878174, "12": 0.07903780068728522, "13": 0.038781163434903045, "14": 0.023880597014925373, "15": 0.09342560553633218, "16": 0.1343669250645995, "17": 0.07668711656441718, "18": 0.031141868512110725, "19": 0.1811764705882353, "20": 0.07905138339920949},
  "targets_count": 6423,
  "tp_count": 486
}