{
  "gt_count": 6900,
  "mean_obj_recall": 0.11840598428403057,
  "mean_scene_recall": 0.10714502853140002,
  "obj_recalls": {"1": 0.08748317631224764, "2": 0.1473922902494331, "3": 0.1953125, "4": 0.09259259259259259, "5": 0.06315789473684211, "6": 0.01020408163265306, "7": 0.044, "8": 0.10666666666666667, "9": 0.11382113821138211, "10": 0.04195804195804196, "11": 0.05714285714285714, "12": 0.07194244604316546, "13": 0.14285714285714285, "14": 0.14383561643835616, "15": 0.11643835616438356, "16": 0.31382978723404253, "17": 0.3972602739726027, "18": 0.136986301369863, "19": 0.11518324607329843, "20": 0.05, "21": 0.05142857142857143, "22": 0.015957446808510637, "23": 0.10887096774193548, "24": 0.11458333333333333, "25": 0.1368421052631579, "26": 0.0707070707070707, "27": 0.1875, "28": 0.08333333333333333, "29": 0.09183673469387756, "30": 0.24305555555555555},
  "recall": 0.11552234158492916,
  "scene_recalls": {"1": 0.1218274111675127, "2": 0.04081632653061224, "3": 0.11353711790393013, "4": 0.05641025641025641, "5": 0.11885245901639344, "6": 0.05555555555555555, "7": 0.15721649484536082, "8": 0.06462585034013606, "9": 0.13686131386861314, "10": 0.10069444444444445, "11": 0.07614213197969544, "12": 0.12714776632302405, "13": 0.08033240997229917, "14": 0.06567164179104477, "15": 0.1453287197231834, "16": 0.17829457364341086, "17": 0.10736196319018405, "18": 0.058823529411764705, "19": 0.2188235294117647, "20": 0.11857707509881422},
  "targets_count": 6423,
  "tp_count": 742
}