{
  "gt_count": 6900,
  "mean_obj_recall": 0.02199409314126937,
  "mean_scene_recall": 0.016557866766466412,
  "obj_recalls": {"1": 0.010767160161507403, "2": 0.024943310657596373, "3": 0.033854166666666664, "4": 0.013468013468013467, "5": 0.005263157894736842, "6": 0.0, "7": 0.0, "8": 0.0, "9": 0.0040650406504065045, "10": 0.0, "11": 0.0, "12": 0.0, "13": 0.02142857142857143, "14": 0.0136986301369863, "15": 0.0136986301369863, "16": 0.1595744680851064, "17": 0.2054794520547945, "18": 0.0, "19": 0.0, "20": 0.0, "21": 0.0, "22": 0.0, "23": 0.008064516129032258, "24": 0.010416666666666666, "25": 0.0, "26": 0.010101010101010102, "27": 0.020833333333333332, "28": 0.0, "29": 0.0, "30": 0.10416666666666667},
  "recall": 0.020395453837770514,
  "scene_recalls": {"1": 0.025380710659898477, "2": 0.0, "3": 0.004366812227074236, "4": 0.0, "5": 0.00819672131147541, "6": 0.0, "7": 0.03608247422680412, "8": 0.006802721088435374, "9": 0.0364963503649635, "10": 0.003472222222222222, "11": 0.0, "12": 0.003436426116838488, "13": 0.0, "14": 0.0029850746268656717, "15": 0.03806228373702422, "16": 0.04392764857881137, "17": 0.006134969325153374, "18": 0.006920415224913495, "19": 0.09176470588235294, "20": 0.017127799736495388},
  "targets_count": 6423,
  "tp_count": 131
}