{
  "gt_count": 6900,
  "mean_obj_recall": 0.05645730177906159,
  "mean_scene_recall": 0.04816120347943378,
  "obj_recalls": {"1": 0.04845222072678331, "2": 0.08390022675736962, "3": 0.09635416666666667, "4": 0.04040404040404041, "5": 0.021052631578947368, "6": 0.0, "7": 0.008, "8": 0.013333333333333334, "9": 0.024390243902439025, "10": 0.0, "11": 0.0, "12": 0.014388489208633094, "13": 0.07142857142857142, "14": 0.0958904109589041, "15": 0.07534246575342465, "16": 0.2393617021276596, "17": 0.3082191780821918, "18": 0.0547945205479452, "19": 0.015706806282722512, "20": 0.008333333333333333, "21": 0.005714285714285714, "22": 0.0, "23": 0.04435483870967742, "24": 0.0625, "25": 0.031578947368421054, "26": 0.010101010101010102, "27": 0.08333333333333333, "28": 0.026041666666666668, "29": 0.05102040816326531, "30": 0.1597222222222222},
  "recall": 0.05558150397010743,
  "scene_recalls": {"1": 0.06091370558375635, "2": 0.013605442176870748, "3": 0.03056768558951965, "4": 0.010256410256410256, "5": 0.045081967213114756, "6": 0.004273504273504274, "7": 0.09536082474226804, "8": 0.034013605442176874, "9": 0.07846715328467153, "10": 0.03819444444444445, "11": 0.015228426395939087, "12": 0.058419243986254296, "13": 0.01662049861495845, "14": 0.005970149253731343, "15": 0.06920415224913495, "16": 0.1111111111111111, "17": 0.04294478527607362, "18": 0.020761245674740483, "19": 0.15294117647058825, "20": 0.05928853754940711},
  "targets_count": 6423,
  "tp_count": 357
}