{
  "gt_count": 6900,
  "mean_obj_recall": 0.012820177418211709,
  "mean_scene_recall": 0.008364294087689917,
  "obj_recalls": {"1": 0.0, "2": 0.0045351473922902496, "3": 0.0078125, "4": 0.006734006734006734, "5": 0.0, "6": 0.0, "7": 0.0, "8": 0.0, "9": 0.0, "10": 0.0, "11": 0.0, "12": 0.0, "13": 0.02142857142857143, "14": 0.0136986301369863, "15": 0.00684931506849315, "16": 0.11702127659574468, "17": 0.13013698630136986, "18": 0.0, "19": 0.0, "20": 0.0, "21": 0.0, "22": 0.0, "23": 0.0, "24": 0.0, "25": 0.0, "26": 0.0, "27": 0.020833333333333332, "28": 0.0, "29": 0.0, "30": 0.05555555555555555},
  "recall": 0.010275572162540868,
  "scene_recalls": {"1": 0.015228426395939087, "2": 0.0, "3": 0.0, "4": 0.0, "5": 0.0, "6": 0.0, "7": 0.023195876288659795, "8": 0.0, "9": 0.010948905109489052, "10": 0.0, "11": 0.0, "12": 0.0, "13": 0.0, "14": 0.0, "15": 0.01730103806228374, "16": 0.028423772609819122, "17": 0.0, "18": 0.0, "19": 0.06823529411764706, "20": 0.003952569169960474},
  "targets_count": 6423,
  "tp_count": 66
}