{
  "gt_count": 6900,
  "mean_obj_recall": 0.14100990893841514,
  "mean_scene_recall": 0.12801483699602553,
  "obj_recalls": {"1": 0.1009421265141319, "2": 0.1655328798185941, "3": 0.21614583333333334, "4": 0.09595959595959595, "5": 0.07894736842105263, "6": 0.05102040816326531, "7": 0.072, "8": 0.12666666666666668, "9": 0.13414634146341464, "10": 0.06293706293706294, "11": 0.07428571428571429, "12": 0.10071942446043165, "13": 0.17142857142857143, "14": 0.15753424657534246, "15": 0.1232876712328767, "16": 0.32978723404255317, "17": 0.4246575342465753, "18": 0.15753424657534246, "19": 0.13089005235602094, "20": 0.075, "21": 0.06285714285714286, "22": 0.0425531914893617, "23": 0.15725806451612903, "24": 0.140625, "25": 0.16842105263157894, "26": 0.08080808080808081, "27": 0.25, "28": 0.09895833333333333, "29": 0.12244897959183673, "30": 0.2569444444444444},
  "recall": 0.135450723960766,
  "scene_recalls": {"1": 0.13705583756345177, "2": 0.061224489795918366, "3": 0.13537117903930132, "4": 0.08205128205128205, "5": 0.1598360655737705, "6": 0.0811965811965812, "7": 0.18814432989690721, "8": 0.0782312925170068, "9": 0.15145985401459855, "10": 0.1284722222222222, "11": 0.09644670050761421, "12": 0.140893470790378, "13": 0.09141274238227147, "14": 0.11044776119402985, "15": 0.1695501730103806, "16": 0.1937984496124031, "17": 0.12883435582822086, "18": 0.058823529411764705, "19": 0.23529411764705882, "20": 0.13175230566534915},
  "targets_count": 6423,
  "tp_count": 870
}