{
  "gt_count": 6900,
  "mean_obj_recall": 0.039866156451788565,
  "mean_scene_recall": 0.031877196986560566,
  "obj_recalls": {"1": 0.02557200538358008, "2": 0.05668934240362812, "3": 0.07552083333333333, "4": 0.021885521885521887, "5": 0.015789473684210527, "6": 0.0, "7": 0.0, "8": 0.006666666666666667, "9": 0.016260162601626018, "10": 0.0, "11": 0.0, "12": 0.007194244604316547, "13": 0.05714285714285714, "14": 0.07534246575342465, "15": 0.06164383561643835, "16": 0.18617021276595744, "17": 0.2602739726027397, "18": 0.0136986301369863, "19": 0.005235602094240838, "20": 0.004166666666666667, "21": 0.005714285714285714, "22": 0.0, "23": 0.024193548387096774, "24": 0.026041666666666668, "25": 0.0, "26": 0.010101010101010102, "27": 0.07291666666666667, "28": 0.005208333333333333, "29": 0.030612244897959183, "30": 0.13194444444444445},
  "recall": 0.037832788416627745,
  "scene_recalls": {"1": 0.04060913705583756, "2": 0.0, "3": 0.017467248908296942, "4": 0.0, "5": 0.028688524590163935, "6": 0.004273504273504274, "7": 0.07216494845360824, "8": 0.02040816326530612, "9": 0.05656934306569343, "10": 0.017361111111111112, "11": 0.005076142131979695, "12": 0.037800687285223365, "13": 0.008310249307479225, "14": 0.0029850746268656717, "15": 0.05190311418685121, "16": 0.082687338501292, "17": 0.012269938650306749, "18": 0.020761245674740483, "19": 0.12, "20": 0.03820816864295125},
  "targets_count": 6423,
  "tp_count": 243
}