{
  "gt_count": 1517,
  "mean_obj_recall": 0.12357142857142857,
  "mean_scene_recall": 0.11972318339100346,
  "obj_recalls": {"1": 0.9885714285714285, "5": 0.0, "6": 0.0, "8": 0.0, "9": 0.0, "10": 0.0, "11": 0.0, "12": 0.0},
  "recall": 0.11972318339100346,
  "scene_recalls": {"2": 0.11972318339100346},
  "targets_count": 1445,
  "tp_count": 173
}