{
  "bop19_average_recall": 0.08082567855104053,
  "bop19_average_recall_ad": 0.5206289895687374,
  "bop19_average_recall_mspd": 0.16950023353573096,
  "bop19_average_recall_mssd": 0.030780009341429236,
  "bop19_average_recall_vsd": 0.04219679277596139,
  "bop19_average_time_per_image": 0.20000000000000004
}