{
  "gt_count": 6900,
  "mean_obj_recall": 0.29798249774464486,
  "mean_scene_recall": 0.30215813614854325,
  "obj_recalls": {"1": 0.1117092866756393, "2": 0.3378684807256236, "3": 0.3359375, "4": 0.24579124579124578, "5": 0.6157894736842106, "6": 0.5510204081632653, "7": 0.48, "8": 0.54, "9": 0.6869918699186992, "10": 0.5034965034965035, "11": 0.15428571428571428, "12": 0.41007194244604317, "13": 0.17142857142857143, "14": 0.4589041095890411, "15": 0.136986301369863, "16": 0.648936170212766, "17": 0.7328767123287672, "18": 0.3219178082191781, "19": 0.1256544502617801, "20": 0.029166666666666667, "21": 0.10857142857142857, "22": 0.13297872340425532, "23": 0.22580645161290322, "24": 0.21875, "25": 0.14736842105263157, "26": 0.25252525252525254, "27": 0.010416666666666666, "28": 0.036458333333333336, "29": 0.19387755102040816, "30": 0.013888888888888888},
  "recall": 0.2852249727541647,
  "scene_recalls": {"1": 0.1116751269035533, "2": 0.6054421768707483, "3": 0.47161572052401746, "4": 0.3333333333333333, "5": 0.28688524590163933, "6": 0.2863247863247863, "7": 0.36855670103092786, "8": 0.11224489795918367, "9": 0.24817518248175183, "10": 0.2465277777777778, "11": 0.6802030456852792, "12": 0.43986254295532645, "13": 0.06925207756232687, "14": 0.11940298507462686, "15": 0.11418685121107267, "16": 0.40310077519379844, "17": 0.34355828220858897, "18": 0.2179930795847751, "19": 0.32, "20": 0.2648221343873518},
  "targets_count": 6423,
  "tp_count": 1832
}