{
  "gt_count": 6900,
  "mean_obj_recall": 0.36678650359697873,
  "mean_scene_recall": 0.37713232021419685,
  "obj_recalls": {"1": 0.16689098250336473, "2": 0.4126984126984127, "3": 0.4296875, "4": 0.31313131313131315, "5": 0.6631578947368421, "6": 0.6020408163265306, "7": 0.58, "8": 0.7533333333333333, "9": 0.7439024390243902, "10": 0.6363636363636364, "11": 0.2342857142857143, "12": 0.49640287769784175, "13": 0.20714285714285716, "14": 0.5136986301369864, "15": 0.1643835616438356, "16": 0.6648936170212766, "17": 0.7671232876712328, "18": 0.3835616438356164, "19": 0.18848167539267016, "20": 0.10416666666666667, "21": 0.18857142857142858, "22": 0.19148936170212766, "23": 0.3790322580645161, "24": 0.2916666666666667, "25": 0.2, "26": 0.29292929292929293, "27": 0.07291666666666667, "28": 0.08854166666666667, "29": 0.22448979591836735, "30": 0.04861111111111111},
  "recall": 0.355908453993461,
  "scene_recalls": {"1": 0.17258883248730963, "2": 0.6938775510204082, "3": 0.6026200873362445, "4": 0.441025641025641, "5": 0.38114754098360654, "6": 0.3717948717948718, "7": 0.39690721649484534, "8": 0.21428571428571427, "9": 0.3193430656934307, "10": 0.3090277777777778, "11": 0.7360406091370558, "12": 0.5395189003436426, "13": 0.11911357340720222, "14": 0.23283582089552238, "15": 0.1695501730103806, "16": 0.4470284237726098, "17": 0.43558282208588955, "18": 0.2629757785467128, "19": 0.3811764705882353, "20": 0.31620553359683795},
  "targets_count": 6423,
  "tp_count": 2286
}