{
  "gt_count": 6900,
  "mean_obj_recall": 0.32315799108783955,
  "mean_scene_recall": 0.33043293245877947,
  "obj_recalls": {"1": 0.13728129205921938, "2": 0.3673469387755102, "3": 0.390625, "4": 0.2777777777777778, "5": 0.6210526315789474, "6": 0.5816326530612245, "7": 0.528, "8": 0.6133333333333333, "9": 0.7154471544715447, "10": 0.5524475524475524, "11": 0.18285714285714286, "12": 0.4316546762589928, "13": 0.17857142857142858, "14": 0.4794520547945205, "15": 0.1506849315068493, "16": 0.6595744680851063, "17": 0.7465753424657534, "18": 0.3356164383561644, "19": 0.16230366492146597, "20": 0.05, "21": 0.12, "22": 0.14361702127659576, "23": 0.2661290322580645, "24": 0.23958333333333334, "25": 0.15789473684210525, "26": 0.2727272727272727, "27": 0.041666666666666664, "28": 0.052083333333333336, "29": 0.20408163265306123, "30": 0.034722222222222224},
  "recall": 0.3126264985209404,
  "scene_recalls": {"1": 0.14213197969543148, "2": 0.6462585034013606, "3": 0.5109170305676856, "4": 0.3641025641025641, "5": 0.3319672131147541, "6": 0.31196581196581197, "7": 0.37628865979381443, "8": 0.14625850340136054, "9": 0.2864963503649635, "10": 0.2638888888888889, "11": 0.700507614213198, "12": 0.4948453608247423, "13": 0.08033240997229917, "14": 0.14626865671641792, "15": 0.13494809688581316, "16": 0.42118863049095606, "17": 0.3803680981595092, "18": 0.23183391003460208, "19": 0.34823529411764703, "20": 0.2898550724637681},
  "targets_count": 6423,
  "tp_count": 2008
}