{
  "gt_count": 6900,
  "mean_obj_recall": 0.34144909106867427,
  "mean_scene_recall": 0.3505403204418923,
  "obj_recalls": {"1": 0.15208613728129206, "2": 0.3854875283446712, "3": 0.4140625, "4": 0.29124579124579125, "5": 0.6421052631578947, "6": 0.5816326530612245, "7": 0.548, "8": 0.6866666666666666, "9": 0.7317073170731707, "10": 0.5664335664335665, "11": 0.21142857142857144, "12": 0.460431654676259, "13": 0.19285714285714287, "14": 0.5, "15": 0.15753424657534246, "16": 0.6648936170212766, "17": 0.7534246575342466, "18": 0.3493150684931507, "19": 0.16230366492146597, "20": 0.058333333333333334, "21": 0.15428571428571428, "22": 0.1595744680851064, "23": 0.32661290322580644, "24": 0.265625, "25": 0.18947368421052632, "26": 0.2828282828282828, "27": 0.052083333333333336, "28": 0.057291666666666664, "29": 0.20408163265306123, "30": 0.041666666666666664},
  "recall": 0.33115366651097616,
  "scene_recalls": {"1": 0.15736040609137056, "2": 0.673469387755102, "3": 0.5502183406113537, "4": 0.4, "5": 0.3483606557377049, "6": 0.32905982905982906, "7": 0.38917525773195877, "8": 0.17687074829931973, "9": 0.29927007299270075, "10": 0.2777777777777778, "11": 0.7157360406091371, "12": 0.5189003436426117, "13": 0.09141274238227147, "14": 0.18507462686567164, "15": 0.14878892733564014, "16": 0.4289405684754522, "17": 0.41411042944785276, "18": 0.2422145328719723, "19": 0.3623529411764706, "20": 0.30171277997364954},
  "targets_count": 6423,
  "tp_count": 2127
}