{
  "gt_count": 6900,
  "mean_obj_recall": 0.2560574498150392,
  "mean_scene_recall": 0.2581030918465349,
  "obj_recalls": {"1": 0.07133243606998654, "2": 0.2857142857142857, "3": 0.2786458333333333, "4": 0.2037037037037037, "5": 0.5894736842105263, "6": 0.5, "7": 0.38, "8": 0.48, "9": 0.6626016260162602, "10": 0.3986013986013986, "11": 0.08571428571428572, "12": 0.30935251798561153, "13": 0.14285714285714285, "14": 0.4315068493150685, "15": 0.10273972602739725, "16": 0.6329787234042553, "17": 0.7054794520547946, "18": 0.273972602739726, "19": 0.08376963350785341, "20": 0.016666666666666666, "21": 0.07428571428571429, "22": 0.10106382978723404, "23": 0.17338709677419356, "24": 0.15625, "25": 0.11578947368421053, "26": 0.20202020202020202, "27": 0.010416666666666666, "28": 0.026041666666666668, "29": 0.17346938775510204, "30": 0.013888888888888888},
  "recall": 0.24194301728164408,
  "scene_recalls": {"1": 0.08629441624365482, "2": 0.5238095238095238, "3": 0.4017467248908297, "4": 0.29743589743589743, "5": 0.2459016393442623, "6": 0.2222222222222222, "7": 0.33505154639175255, "8": 0.0782312925170068, "9": 0.1897810218978102, "10": 0.1840277777777778, "11": 0.649746192893401, "12": 0.3745704467353952, "13": 0.04709141274238227, "14": 0.08656716417910448, "15": 0.09342560553633218, "16": 0.35917312661498707, "17": 0.2883435582822086, "18": 0.18685121107266436, "19": 0.2917647058823529, "20": 0.22002635046113306},
  "targets_count": 6423,
  "tp_count": 1554
}