{
  "gt_count": 6900,
  "mean_obj_recall": 0.09342978899427341,
  "mean_scene_recall": 0.09168448687825971,
  "obj_recalls": {"1": 0.02288021534320323, "2": 0.11564625850340136, "3": 0.07291666666666667, "4": 0.058922558922558925, "5": 0.26842105263157895, "6": 0.14285714285714285, "7": 0.08, "8": 0.13333333333333333, "9": 0.36585365853658536, "10": 0.03496503496503497, "11": 0.005714285714285714, "12": 0.07913669064748201, "13": 0.014285714285714285, "14": 0.18493150684931506, "15": 0.02054794520547945, "16": 0.4946808510638298, "17": 0.3972602739726027, "18": 0.02054794520547945, "19": 0.005235602094240838, "20": 0.0, "21": 0.005714285714285714, "22": 0.010638297872340425, "23": 0.07258064516129033, "24": 0.03125, "25": 0.05263157894736842, "26": 0.050505050505050504, "27": 0.0, "28": 0.010416666666666666, "29": 0.05102040816326531, "30": 0.0},
  "recall": 0.08936633971664332,
  "scene_recalls": {"1": 0.01015228426395939, "2": 0.1564625850340136, "3": 0.1091703056768559, "4": 0.08717948717948718, "5": 0.06147540983606557, "6": 0.04700854700854701, "7": 0.13144329896907217, "8": 0.006802721088435374, "9": 0.06204379562043796, "10": 0.034722222222222224, "11": 0.29949238578680204, "12": 0.14776632302405499, "13": 0.008310249307479225, "14": 0.03880597014925373, "15": 0.031141868512110725, "16": 0.17829457364341086, "17": 0.10429447852760736, "18": 0.06228373702422145, "19": 0.17647058823529413, "20": 0.08036890645586298},
  "targets_count": 6423,
  "tp_count": 574
}