{
  "gt_count": 6900,
  "mean_obj_recall": 0.18727042515040462,
  "mean_scene_recall": 0.18934256227618265,
  "obj_recalls": {"1": 0.04306864064602961, "2": 0.23129251700680273, "3": 0.1953125, "4": 0.12457912457912458, "5": 0.5052631578947369, "6": 0.37755102040816324, "7": 0.256, "8": 0.3466666666666667, "9": 0.5772357723577236, "10": 0.23076923076923078, "11": 0.04, "12": 0.19424460431654678, "13": 0.06428571428571428, "14": 0.3561643835616438, "15": 0.0684931506849315, "16": 0.5957446808510638, "17": 0.6027397260273972, "18": 0.15753424657534246, "19": 0.041884816753926704, "20": 0.004166666666666667, "21": 0.04, "22": 0.05851063829787234, "23": 0.10887096774193548, "24": 0.08333333333333333, "25": 0.06315789473684211, "26": 0.12121212121212122, "27": 0.010416666666666666, "28": 0.020833333333333332, "29": 0.09183673469387756, "30": 0.006944444444444444},
  "recall": 0.1771757745601744,
  "scene_recalls": {"1": 0.050761421319796954, "2": 0.4013605442176871, "3": 0.2794759825327511, "4": 0.20512820512820512, "5": 0.16393442622950818, "6": 0.14102564102564102, "7": 0.25773195876288657, "8": 0.03741496598639456, "9": 0.12956204379562045, "10": 0.11458333333333333, "11": 0.5532994923857868, "12": 0.29553264604810997, "13": 0.01662049861495845, "14": 0.05970149253731343, "15": 0.058823529411764705, "16": 0.2868217054263566, "17": 0.2085889570552147, "18": 0.1314878892733564, "19": 0.23294117647058823, "20": 0.16205533596837945},
  "targets_count": 6423,
  "tp_count": 1138
}