{
  "gt_count": 6900,
  "mean_obj_recall": 0.354817729326511,
  "mean_scene_recall": 0.36535804743131767,
  "obj_recalls": {"1": 0.16150740242261102, "2": 0.4013605442176871, "3": 0.4244791666666667, "4": 0.30303030303030304, "5": 0.6526315789473685, "6": 0.5918367346938775, "7": 0.564, "8": 0.7133333333333334, "9": 0.7398373983739838, "10": 0.6153846153846154, "11": 0.22857142857142856, "12": 0.4892086330935252, "13": 0.20714285714285716, "14": 0.5, "15": 0.15753424657534246, "16": 0.6648936170212766, "17": 0.7534246575342466, "18": 0.3698630136986301, "19": 0.16753926701570682, "20": 0.08333333333333333, "21": 0.16, "22": 0.18085106382978725, "23": 0.3629032258064516, "24": 0.2760416666666667, "25": 0.18947368421052632, "26": 0.2828282828282828, "27": 0.0625, "28": 0.078125, "29": 0.21428571428571427, "30": 0.04861111111111111},
  "recall": 0.34469873890705277,
  "scene_recalls": {"1": 0.16751269035532995, "2": 0.6870748299319728, "3": 0.5807860262008734, "4": 0.4205128205128205, "5": 0.36885245901639346, "6": 0.3504273504273504, "7": 0.3917525773195876, "8": 0.19387755102040816, "9": 0.3102189781021898, "10": 0.2951388888888889, "11": 0.7309644670050761, "12": 0.5326460481099656, "13": 0.0997229916897507, "14": 0.21492537313432836, "15": 0.15916955017301038, "16": 0.43669250645994834, "17": 0.4294478527607362, "18": 0.2560553633217993, "19": 0.37176470588235294, "20": 0.3096179183135705},
  "targets_count": 6423,
  "tp_count": 2214
}