{
  "gt_count": 6900,
  "mean_obj_recall": 0.3780652301857125,
  "mean_scene_recall": 0.3892527401861884,
  "obj_recalls": {"1": 0.17631224764468373, "2": 0.42403628117913833, "3": 0.4401041666666667, "4": 0.32996632996632996, "5": 0.6684210526315789, "6": 0.6020408163265306, "7": 0.596, "8": 0.7733333333333333, "9": 0.7642276422764228, "10": 0.6643356643356644, "11": 0.2571428571428571, "12": 0.5035971223021583, "13": 0.22857142857142856, "14": 0.5136986301369864, "15": 0.17123287671232876, "16": 0.6702127659574468, "17": 0.7671232876712328, "18": 0.3904109589041096, "19": 0.193717277486911, "20": 0.13333333333333333, "21": 0.2057142857142857, "22": 0.20212765957446807, "23": 0.3951612903225806, "24": 0.296875, "25": 0.21052631578947367, "26": 0.29292929292929293, "27": 0.09375, "28": 0.09375, "29": 0.23469387755102042, "30": 0.04861111111111111},
  "recall": 0.3678966215164253,
  "scene_recalls": {"1": 0.17766497461928935, "2": 0.6938775510204082, "3": 0.62882096069869, "4": 0.4461538461538462, "5": 0.38934426229508196, "6": 0.38461538461538464, "7": 0.4020618556701031, "8": 0.23129251700680273, "9": 0.3302919708029197, "10": 0.3229166666666667, "11": 0.7563451776649747, "12": 0.563573883161512, "13": 0.12742382271468145, "14": 0.2507462686567164, "15": 0.17993079584775087, "16": 0.45478036175710596, "17": 0.450920245398773, "18": 0.2837370242214533, "19": 0.3811764705882353, "20": 0.32938076416337286},
  "targets_count": 6423,
  "tp_count": 2363
}