{
  "gt_count": 6900,
  "mean_obj_recall": 0.014514973345325012,
  "mean_scene_recall": 0.012175975717415025,
  "obj_recalls": {"1": 0.0026917900403768506, "2": 0.015873015873015872, "3": 0.005208333333333333, "4": 0.003367003367003367, "5": 0.021052631578947368, "6": 0.0, "7": 0.008, "8": 0.006666666666666667, "9": 0.04065040650406504, "10": 0.0, "11": 0.0, "12": 0.007194244604316547, "13": 0.0, "14": 0.0273972602739726, "15": 0.00684931506849315, "16": 0.2074468085106383, "17": 0.0684931506849315, "18": 0.0, "19": 0.0, "20": 0.0, "21": 0.0, "22": 0.0, "23": 0.004032258064516129, "24": 0.0, "25": 0.010526315789473684, "26": 0.0, "27": 0.0, "28": 0.0, "29": 0.0, "30": 0.0},
  "recall": 0.0135450723960766,
  "scene_recalls": {"1": 0.005076142131979695, "2": 0.006802721088435374, "3": 0.008733624454148471, "4": 0.005128205128205128, "5": 0.004098360655737705, "6": 0.0, "7": 0.04896907216494845, "8": 0.0, "9": 0.012773722627737226, "10": 0.003472222222222222, "11": 0.025380710659898477, "12": 0.006872852233676976, "13": 0.0, "14": 0.0, "15": 0.0, "16": 0.05167958656330749, "17": 0.012269938650306749, "18": 0.010380622837370242, "19": 0.03529411764705882, "20": 0.006587615283267457},
  "targets_count": 6423,
  "tp_count": 87
}