{
  "gt_count": 6900,
  "mean_obj_recall": 0.009396986457134169,
  "mean_scene_recall": 0.007748528640443393,
  "obj_recalls": {"1": 0.013458950201884253, "2": 0.011337868480725623, "3": 0.0078125, "4": 0.008417508417508417, "5": 0.0, "6": 0.0, "7": 0.0, "8": 0.0, "9": 0.0, "10": 0.0, "11": 0.0, "12": 0.0, "13": 0.02857142857142857, "14": 0.0, "15": 0.0, "16": 0.026595744680851064, "17": 0.0821917808219178, "18": 0.0, "19": 0.005235602094240838, "20": 0.0, "21": 0.005714285714285714, "22": 0.0, "23": 0.004032258064516129, "24": 0.010416666666666666, "25": 0.0, "26": 0.0, "27": 0.03125, "28": 0.005208333333333333, "29": 0.0, "30": 0.041666666666666664},
  "recall": 0.009185738751362292,
  "scene_recalls": {"1": 0.005076142131979695, "2": 0.0, "3": 0.0, "4": 0.0, "5": 0.012295081967213115, "6": 0.0, "7": 0.01804123711340206, "8": 0.003401360544217687, "9": 0.009124087591240875, "10": 0.003472222222222222, "11": 0.0, "12": 0.006872852233676976, "13": 0.002770083102493075, "14": 0.0029850746268656717, "15": 0.020761245674740483, "16": 0.012919896640826873, "17": 0.009202453987730062, "18": 0.006920415224913495, "19": 0.03058823529411765, "20": 0.010540184453227932},
  "targets_count": 6423,
  "tp_count": 59
}