{
  "gt_count": 6900,
  "mean_obj_recall": 0.004473529395669695,
  "mean_scene_recall": 0.003507346719300453,
  "obj_recalls": {"1": 0.004037685060565276, "2": 0.0045351473922902496, "3": 0.005208333333333333, "4": 0.003367003367003367, "5": 0.0, "6": 0.0, "7": 0.0, "8": 0.0, "9": 0.0, "10": 0.0, "11": 0.0, "12": 0.0, "13": 0.02142857142857143, "14": 0.0, "15": 0.0, "16": 0.010638297872340425, "17": 0.04794520547945205, "18": 0.0, "19": 0.005235602094240838, "20": 0.0, "21": 0.0, "22": 0.0, "23": 0.004032258064516129, "24": 0.0, "25": 0.0, "26": 0.0, "27": 0.0, "28": 0.0, "29": 0.0, "30": 0.027777777777777776},
  "recall": 0.004203643157403083,
  "scene_recalls": {"1": 0.005076142131979695, "2": 0.0, "3": 0.0, "4": 0.0, "5": 0.0, "6": 0.0, "7": 0.005154639175257732, "8": 0.003401360544217687, "9": 0.005474452554744526, "10": 0.0, "11": 0.0, "12": 0.003436426116838488, "13": 0.0, "14": 0.0029850746268656717, "15": 0.006920415224913495, "16": 0.007751937984496124, "17": 0.006134969325153374, "18": 0.0, "19": 0.021176470588235293, "20": 0.002635046113306983},
  "targets_count": 6423,
  "tp_count": 27
}