{
  "gt_count": 6900,
  "mean_obj_recall": 0.002061118780684175,
  "mean_scene_recall": 0.0013922766653784045,
  "obj_recalls": {"1": 0.0, "2": 0.0022675736961451248, "3": 0.0026041666666666665, "4": 0.0016835016835016834, "5": 0.0, "6": 0.0, "7": 0.0, "8": 0.0, "9": 0.0, "10": 0.0, "11": 0.0, "12": 0.0, "13": 0.007142857142857143, "14": 0.0, "15": 0.0, "16": 0.0, "17": 0.03424657534246575, "18": 0.0, "19": 0.0, "20": 0.0, "21": 0.0, "22": 0.0, "23": 0.0, "24": 0.0, "25": 0.0, "26": 0.0, "27": 0.0, "28": 0.0, "29": 0.0, "30": 0.013888888888888888},
  "recall": 0.001712595360423478,
  "scene_recalls": {"1": 0.005076142131979695, "2": 0.0, "3": 0.0, "4": 0.0, "5": 0.0, "6": 0.0, "7": 0.002577319587628866, "8": 0.0, "9": 0.0036496350364963502, "10": 0.0, "11": 0.0, "12": 0.0, "13": 0.0, "14": 0.0, "15": 0.0034602076124567475, "16": 0.0, "17": 0.0, "18": 0.0, "19": 0.011764705882352941, "20": 0.0013175230566534915},
  "targets_count": 6423,
  "tp_count": 11
}