{
  "gt_count": 6900,
  "mean_obj_recall": 0.011200750026361958,
  "mean_scene_recall": 0.009722996102406628,
  "obj_recalls": {"1": 0.018842530282637954, "2": 0.011337868480725623, "3": 0.010416666666666666, "4": 0.011784511784511785, "5": 0.0, "6": 0.0, "7": 0.0, "8": 0.0, "9": 0.0, "10": 0.0, "11": 0.0, "12": 0.0, "13": 0.02857142857142857, "14": 0.0, "15": 0.0, "16": 0.026595744680851064, "17": 0.0958904109589041, "18": 0.0, "19": 0.010471204188481676, "20": 0.004166666666666667, "21": 0.005714285714285714, "22": 0.0, "23": 0.008064516129032258, "24": 0.020833333333333332, "25": 0.0, "26": 0.0, "27": 0.03125, "28": 0.010416666666666666, "29": 0.0, "30": 0.041666666666666664},
  "recall": 0.011521096061030672,
  "scene_recalls": {"1": 0.005076142131979695, "2": 0.0, "3": 0.0, "4": 0.0, "5": 0.012295081967213115, "6": 0.0, "7": 0.01804123711340206, "8": 0.003401360544217687, "9": 0.010948905109489052, "10": 0.010416666666666666, "11": 0.0, "12": 0.006872852233676976, "13": 0.008310249307479225, "14": 0.005970149253731343, "15": 0.020761245674740483, "16": 0.015503875968992248, "17": 0.02147239263803681, "18": 0.006920415224913495, "19": 0.03529411764705882, "20": 0.013175230566534914},
  "targets_count": 6423,
  "tp_count": 74
}