{
  "gt_count": 6900,
  "mean_obj_recall": 0.0024742424615019198,
  "mean_scene_recall": 0.0018134483424902825,
  "obj_recalls": {"1": 0.0, "2": 0.0022675736961451248, "3": 0.0026041666666666665, "4": 0.003367003367003367, "5": 0.0, "6": 0.0, "7": 0.0, "8": 0.0, "9": 0.0, "10": 0.0, "11": 0.0, "12": 0.0, "13": 0.014285714285714285, "14": 0.0, "15": 0.0, "16": 0.0, "17": 0.0273972602739726, "18": 0.0, "19": 0.0, "20": 0.0, "21": 0.0, "22": 0.0, "23": 0.0, "24": 0.0, "25": 0.0, "26": 0.0, "27": 0.010416666666666666, "28": 0.0, "29": 0.0, "30": 0.013888888888888888},
  "recall": 0.0020239763350459287,
  "scene_recalls": {"1": 0.0, "2": 0.0, "3": 0.0, "4": 0.0, "5": 0.00819672131147541, "6": 0.0, "7": 0.002577319587628866, "8": 0.0, "9": 0.0018248175182481751, "10": 0.0, "11": 0.0, "12": 0.003436426116838488, "13": 0.0, "14": 0.0, "15": 0.006920415224913495, "16": 0.002583979328165375, "17": 0.0, "18": 0.0, "19": 0.009411764705882352, "20": 0.0013175230566534915},
  "targets_count": 6423,
  "tp_count": 13
}