{
  "gt_count": 6900,
  "mean_obj_recall": 0.40005085376115423,
  "mean_scene_recall": 0.4135844066182862,
  "obj_recalls": {"1": 0.5881561238223418, "2": 0.6031746031746031, "3": 0.6484375, "4": 0.6784511784511784, "5": 0.0, "6": 0.42857142857142855, "7": 0.2, "8": 0.38, "9": 0.7032520325203252, "10": 0.6643356643356644, "11": 0.29714285714285715, "12": 0.2805755395683453, "13": 0.7571428571428571, "14": 0.7876712328767124, "15": 0.815068493150685, "16": 0.7819148936170213, "17": 0.815068493150685, "18": 0.13013698630136986, "19": 0.225130890052356, "20": 0.1125, "21": 0.14285714285714285, "22": 0.2127659574468085, "23": 0.4032258064516129, "24": 0.4479166666666667, "25": 0.18947368421052632, "26": 0.36363636363636365, "27": 0.020833333333333332, "28": 0.109375, "29": 0.19387755102040816, "30": 0.020833333333333332},
  "recall": 0.4527479371010431,
  "scene_recalls": {"1": 0.24873096446700507, "2": 0.2925170068027211, "3": 0.2838427947598253, "4": 0.2, "5": 0.569672131147541, "6": 0.2222222222222222, "7": 0.7216494845360825, "8": 0.1598639455782313, "9": 0.677007299270073, "10": 0.4861111111111111, "11": 0.47715736040609136, "12": 0.6426116838487973, "13": 0.12742382271468145, "14": 0.22686567164179106, "15": 0.15570934256055363, "16": 0.6459948320413437, "17": 0.5920245398773006, "18": 0.4359861591695502, "19": 0.52, "20": 0.5862977602108037},
  "targets_count": 6423,
  "tp_count": 2908
}