{
  "gt_count": 6900,
  "mean_obj_recall": 0.06304228469843329,
  "mean_scene_recall": 0.052061933495344236,
  "obj_recalls": {"1": 0.052489905787348586, "2": 0.1383219954648526, "3": 0.11979166666666667, "4": 0.050505050505050504, "5": 0.0, "6": 0.0, "7": 0.0, "8": 0.006666666666666667, "9": 0.04878048780487805, "10": 0.013986013986013986, "11": 0.0, "12": 0.0, "13": 0.15714285714285714, "14": 0.363013698630137, "15": 0.1643835616438356, "16": 0.44680851063829785, "17": 0.21232876712328766, "18": 0.0, "19": 0.005235602094240838, "20": 0.0, "21": 0.0, "22": 0.005319148936170213, "23": 0.008064516129032258, "24": 0.07291666666666667, "25": 0.0, "26": 0.010101010101010102, "27": 0.0, "28": 0.005208333333333333, "29": 0.01020408163265306, "30": 0.0},
  "recall": 0.06632414759458197,
  "scene_recalls": {"1": 0.015228426395939087, "2": 0.0, "3": 0.0, "4": 0.005128205128205128, "5": 0.01639344262295082, "6": 0.0, "7": 0.2757731958762887, "8": 0.0, "9": 0.10948905109489052, "10": 0.059027777777777776, "11": 0.01015228426395939, "12": 0.09621993127147767, "13": 0.0, "14": 0.0029850746268656717, "15": 0.006920415224913495, "16": 0.18604651162790697, "17": 0.046012269938650305, "18": 0.02768166089965398, "19": 0.1011764705882353, "20": 0.08300395256916997},
  "targets_count": 6423,
  "tp_count": 426
}