{
  "gt_count": 6900,
  "mean_obj_recall": 0.19412701011743944,
  "mean_scene_recall": 0.18366180830074103,
  "obj_recalls": {"1": 0.2732166890982503, "2": 0.34467120181405897, "3": 0.3697916666666667, "4": 0.26936026936026936, "5": 0.0, "6": 0.08163265306122448, "7": 0.012, "8": 0.06666666666666667, "9": 0.3780487804878049, "10": 0.32167832167832167, "11": 0.03428571428571429, "12": 0.014388489208633094, "13": 0.55, "14": 0.6301369863013698, "15": 0.589041095890411, "16": 0.6914893617021277, "17": 0.5684931506849316, "18": 0.0136986301369863, "19": 0.03664921465968586, "20": 0.020833333333333332, "21": 0.011428571428571429, "22": 0.05319148936170213, "23": 0.08870967741935484, "24": 0.18229166666666666, "25": 0.031578947368421054, "26": 0.050505050505050504, "27": 0.0, "28": 0.020833333333333332, "29": 0.11224489795918367, "30": 0.006944444444444444},
  "recall": 0.2179666822357154,
  "scene_recalls": {"1": 0.06598984771573604, "2": 0.05442176870748299, "3": 0.039301310043668124, "4": 0.03076923076923077, "5": 0.19672131147540983, "6": 0.01282051282051282, "7": 0.5541237113402062, "8": 0.027210884353741496, "9": 0.35036496350364965, "10": 0.1736111111111111, "11": 0.2233502538071066, "12": 0.3436426116838488, "13": 0.01662049861495845, "14": 0.04477611940298507, "15": 0.058823529411764705, "16": 0.4186046511627907, "17": 0.2392638036809816, "18": 0.17993079584775087, "19": 0.3411764705882353, "20": 0.30171277997364954},
  "targets_count": 6423,
  "tp_count": 1400
}