{
  "gt_count": 6900,
  "mean_obj_recall": 0.5384005163708474,
  "mean_scene_recall": 0.5571320291105157,
  "obj_recalls": {"1": 0.775235531628533, "2": 0.7573696145124716, "3": 0.7708333333333334, "4": 0.8114478114478114, "5": 0.0, "6": 0.5714285714285714, "7": 0.396, "8": 0.68, "9": 0.8495934959349594, "10": 0.7762237762237763, "11": 0.68, "12": 0.5467625899280576, "13": 0.9214285714285714, "14": 0.8835616438356164, "15": 0.863013698630137, "16": 0.8351063829787234, "17": 0.8767123287671232, "18": 0.2945205479452055, "19": 0.3717277486910995, "20": 0.24583333333333332, "21": 0.2742857142857143, "22": 0.324468085106383, "23": 0.532258064516129, "24": 0.5677083333333334, "25": 0.35789473684210527, "26": 0.5656565656565656, "27": 0.07291666666666667, "28": 0.20833333333333334, "29": 0.2653061224489796, "30": 0.0763888888888889},
  "recall": 0.5956718044527479,
  "scene_recalls": {"1": 0.350253807106599, "2": 0.36054421768707484, "3": 0.5109170305676856, "4": 0.3641025641025641, "5": 0.7049180327868853, "6": 0.48717948717948717, "7": 0.8195876288659794, "8": 0.3197278911564626, "9": 0.8266423357664233, "10": 0.5798611111111112, "11": 0.5989847715736041, "12": 0.8109965635738832, "13": 0.24653739612188366, "14": 0.3492537313432836, "15": 0.2906574394463668, "16": 0.7829457364341085, "17": 0.7730061349693251, "18": 0.6020761245674741, "19": 0.6305882352941177, "20": 0.7338603425559947},
  "targets_count": 6423,
  "tp_count": 3826
}