{
  "gt_count": 6900,
  "mean_obj_recall": 0.46380974932503066,
  "mean_scene_recall": 0.48212802446350284,
  "obj_recalls": {"1": 0.6716016150740243, "2": 0.6802721088435374, "3": 0.703125, "4": 0.7575757575757576, "5": 0.0, "6": 0.45918367346938777, "7": 0.304, "8": 0.5066666666666667, "9": 0.7723577235772358, "10": 0.7412587412587412, "11": 0.4685714285714286, "12": 0.43884892086330934, "13": 0.8, "14": 0.8424657534246576, "15": 0.8356164383561644, "16": 0.7925531914893617, "17": 0.8493150684931506, "18": 0.21232876712328766, "19": 0.3089005235602094, "20": 0.15416666666666667, "21": 0.21714285714285714, "22": 0.26063829787234044, "23": 0.47580645161290325, "24": 0.4947916666666667, "25": 0.28421052631578947, "26": 0.42424242424242425, "27": 0.041666666666666664, "28": 0.140625, "29": 0.23469387755102042, "30": 0.041666666666666664},
  "recall": 0.5201619181068037,
  "scene_recalls": {"1": 0.3248730964467005, "2": 0.30612244897959184, "3": 0.4017467248908297, "4": 0.26153846153846155, "5": 0.639344262295082, "6": 0.3418803418803419, "7": 0.7551546391752577, "8": 0.24489795918367346, "9": 0.7572992700729927, "10": 0.5381944444444444, "11": 0.5380710659898477, "12": 0.7353951890034365, "13": 0.17174515235457063, "14": 0.27761194029850744, "15": 0.2041522491349481, "16": 0.7080103359173127, "17": 0.7085889570552147, "18": 0.5155709342560554, "19": 0.5694117647058824, "20": 0.6429512516469038},
  "targets_count": 6423,
  "tp_count": 3341
}