{
  "gt_count": 6900,
  "mean_obj_recall": 0.2919907780821403,
  "mean_scene_recall": 0.29233586349948976,
  "obj_recalls": {"1": 0.4360699865410498, "2": 0.46485260770975056, "3": 0.53125, "4": 0.468013468013468, "5": 0.0, "6": 0.2755102040816326, "7": 0.064, "8": 0.14666666666666667, "9": 0.5853658536585366, "10": 0.5384615384615384, "11": 0.10857142857142857, "12": 0.12949640287769784, "13": 0.6928571428571428, "14": 0.7397260273972602, "15": 0.7671232876712328, "16": 0.75, "17": 0.6917808219178082, "18": 0.04794520547945205, "19": 0.12041884816753927, "20": 0.04583333333333333, "21": 0.06857142857142857, "22": 0.10638297872340426, "23": 0.2217741935483871, "24": 0.2864583333333333, "25": 0.07368421052631578, "26": 0.20202020202020202, "27": 0.0, "28": 0.057291666666666664, "29": 0.1326530612244898, "30": 0.006944444444444444},
  "recall": 0.3313093569982874,
  "scene_recalls": {"1": 0.1319796954314721, "2": 0.19727891156462585, "3": 0.14410480349344978, "4": 0.10256410256410256, "5": 0.39344262295081966, "6": 0.0641025641025641, "7": 0.654639175257732, "8": 0.09523809523809523, "9": 0.5200729927007299, "10": 0.3055555555555556, "11": 0.350253807106599, "12": 0.4948453608247423, "13": 0.055401662049861494, "14": 0.10746268656716418, "15": 0.08996539792387544, "16": 0.5529715762273901, "17": 0.44171779141104295, "18": 0.25951557093425603, "19": 0.4376470588235294, "20": 0.4479578392621871},
  "targets_count": 6423,
  "tp_count": 2128
}