{
  "gt_count": 6900,
  "mean_obj_recall": 0.5153877691980916,
  "mean_scene_recall": 0.5352630736354314,
  "obj_recalls": {"1": 0.7550471063257066, "2": 0.7324263038548753, "3": 0.7526041666666666, "4": 0.8047138047138047, "5": 0.0, "6": 0.5408163265306123, "7": 0.352, "8": 0.6133333333333333, "9": 0.8373983739837398, "10": 0.7692307692307693, "11": 0.6285714285714286, "12": 0.5107913669064749, "13": 0.8714285714285714, "14": 0.8767123287671232, "15": 0.8561643835616438, "16": 0.8191489361702128, "17": 0.8561643835616438, "18": 0.2602739726027397, "19": 0.35602094240837695, "20": 0.22083333333333333, "21": 0.25142857142857145, "22": 0.30851063829787234, "23": 0.5161290322580645, "24": 0.5416666666666666, "25": 0.3263157894736842, "26": 0.5050505050505051, "27": 0.07291666666666667, "28": 0.20833333333333334, "29": 0.25510204081632654, "30": 0.0625},
  "recall": 0.5744978981784213,
  "scene_recalls": {"1": 0.3401015228426396, "2": 0.3333333333333333, "3": 0.4890829694323144, "4": 0.31794871794871793, "5": 0.6967213114754098, "6": 0.44871794871794873, "7": 0.7912371134020618, "8": 0.2925170068027211, "9": 0.8065693430656934, "10": 0.5659722222222222, "11": 0.5786802030456852, "12": 0.7938144329896907, "13": 0.2409972299168975, "14": 0.3253731343283582, "15": 0.2629757785467128, "16": 0.7596899224806202, "17": 0.7576687116564417, "18": 0.5847750865051903, "19": 0.6023529411764705, "20": 0.7167325428194994},
  "targets_count": 6423,
  "tp_count": 3690
}