{
  "gt_count": 6900,
  "mean_obj_recall": 0.4337014070326584,
  "mean_scene_recall": 0.4487259168618108,
  "obj_recalls": {"1": 0.6258411843876177, "2": 0.6530612244897959, "3": 0.6640625, "4": 0.7255892255892256, "5": 0.0, "6": 0.45918367346938777, "7": 0.248, "8": 0.44, "9": 0.7398373983739838, "10": 0.6993006993006993, "11": 0.38285714285714284, "12": 0.3669064748201439, "13": 0.7785714285714286, "14": 0.8287671232876712, "15": 0.8287671232876712, "16": 0.7925531914893617, "17": 0.8356164383561644, "18": 0.17123287671232876, "19": 0.27225130890052357, "20": 0.12916666666666668, "21": 0.16, "22": 0.2393617021276596, "23": 0.4475806451612903, "24": 0.484375, "25": 0.2631578947368421, "26": 0.40404040404040403, "27": 0.03125, "28": 0.125, "29": 0.19387755102040816, "30": 0.020833333333333332},
  "recall": 0.4877782967460688,
  "scene_recalls": {"1": 0.29441624365482233, "2": 0.30612244897959184, "3": 0.33624454148471616, "4": 0.2205128205128205, "5": 0.6065573770491803, "6": 0.29914529914529914, "7": 0.7422680412371134, "8": 0.19727891156462585, "9": 0.7281021897810219, "10": 0.5138888888888888, "11": 0.5076142131979695, "12": 0.6701030927835051, "13": 0.14681440443213298, "14": 0.25970149253731345, "15": 0.18339100346020762, "16": 0.6795865633074936, "17": 0.6625766871165644, "18": 0.4532871972318339, "19": 0.5529411764705883, "20": 0.613965744400527},
  "targets_count": 6423,
  "tp_count": 3133
}