{
  "gt_count": 6900,
  "mean_obj_recall": 0.49032101349702145,
  "mean_scene_recall": 0.5094556684380024,
  "obj_recalls": {"1": 0.7039030955585465, "2": 0.7142857142857143, "3": 0.7213541666666666, "4": 0.7895622895622896, "5": 0.0, "6": 0.5102040816326531, "7": 0.324, "8": 0.5933333333333334, "9": 0.8048780487804879, "10": 0.7482517482517482, "11": 0.5485714285714286, "12": 0.4748201438848921, "13": 0.8357142857142857, "14": 0.8561643835616438, "15": 0.8424657534246576, "16": 0.8031914893617021, "17": 0.8561643835616438, "18": 0.23972602739726026, "19": 0.34554973821989526, "20": 0.19166666666666668, "21": 0.22857142857142856, "22": 0.2765957446808511, "23": 0.5080645161290323, "24": 0.5052083333333334, "25": 0.3157894736842105, "26": 0.47474747474747475, "27": 0.041666666666666664, "28": 0.171875, "29": 0.23469387755102042, "30": 0.04861111111111111},
  "recall": 0.5477191343608906,
  "scene_recalls": {"1": 0.3401015228426396, "2": 0.3197278911564626, "3": 0.4497816593886463, "4": 0.29743589743589743, "5": 0.6557377049180327, "6": 0.405982905982906, "7": 0.7731958762886598, "8": 0.2653061224489796, "9": 0.7791970802919708, "10": 0.5486111111111112, "11": 0.5634517766497462, "12": 0.7697594501718213, "13": 0.2188365650969529, "14": 0.29253731343283584, "15": 0.22837370242214533, "16": 0.7260981912144703, "17": 0.7423312883435583, "18": 0.5432525951557093, "19": 0.5882352941176471, "20": 0.6811594202898551},
  "targets_count": 6423,
  "tp_count": 3518
}