{
  "gt_count": 6900,
  "mean_obj_recall": 0.354734081469276,
  "mean_scene_recall": 0.3623905354661968,
  "obj_recalls": {"1": 0.5329744279946165, "2": 0.54421768707483, "3": 0.6119791666666666, "4": 0.5942760942760943, "5": 0.0, "6": 0.37755102040816324, "7": 0.088, "8": 0.29333333333333333, "9": 0.6341463414634146, "10": 0.6153846153846154, "11": 0.22285714285714286, "12": 0.20863309352517986, "13": 0.7428571428571429, "14": 0.773972602739726, "15": 0.7876712328767124, "16": 0.7659574468085106, "17": 0.7671232876712328, "18": 0.0958904109589041, "19": 0.16753926701570682, "20": 0.0875, "21": 0.10285714285714286, "22": 0.18617021276595744, "23": 0.3225806451612903, "24": 0.3854166666666667, "25": 0.1368421052631579, "26": 0.30303030303030304, "27": 0.0, "28": 0.09895833333333333, "29": 0.17346938775510204, "30": 0.020833333333333332},
  "recall": 0.4021485287248949,
  "scene_recalls": {"1": 0.19289340101522842, "2": 0.2585034013605442, "3": 0.21397379912663755, "4": 0.15897435897435896, "5": 0.48360655737704916, "6": 0.15384615384615385, "7": 0.7036082474226805, "8": 0.1326530612244898, "9": 0.6186131386861314, "10": 0.4027777777777778, "11": 0.4416243654822335, "12": 0.570446735395189, "13": 0.0997229916897507, "14": 0.18208955223880596, "15": 0.13494809688581316, "16": 0.6020671834625323, "17": 0.5276073619631901, "18": 0.3494809688581315, "19": 0.4894117647058824, "20": 0.530961791831357},
  "targets_count": 6423,
  "tp_count": 2583
}