{
  "gt_count": 6900,
  "mean_obj_recall": 0.763213253095868,
  "mean_scene_recall": 0.7607992432721885,
  "obj_recalls": {"1": 0.639300134589502, "2": 0.7936507936507936, "3": 0.8020833333333334, "4": 0.7575757575757576, "5": 0.7631578947368421, "6": 0.7653061224489796, "7": 0.896, "8": 0.8466666666666667, "9": 0.926829268292683, "10": 0.7132867132867133, "11": 0.5828571428571429, "12": 0.8273381294964028, "13": 0.85, "14": 0.8424657534246576, "15": 0.9041095890410958, "16": 0.898936170212766, "17": 0.9452054794520548, "18": 0.5821917808219178, "19": 0.7068062827225131, "20": 0.775, "21": 0.68, "22": 0.6648936170212766, "23": 0.8185483870967742, "24": 0.7552083333333334, "25": 0.4105263157894737, "26": 0.5959595959595959, "27": 0.8854166666666666, "28": 0.5520833333333334, "29": 0.8469387755102041, "30": 0.8680555555555556},
  "recall": 0.7593025066168457,
  "scene_recalls": {"1": 0.7309644670050761, "2": 0.7687074829931972, "3": 0.8209606986899564, "4": 0.6820512820512821, "5": 0.7786885245901639, "6": 0.7051282051282052, "7": 0.7757731958762887, "8": 0.7244897959183674, "9": 0.7208029197080292, "10": 0.8020833333333334, "11": 0.8578680203045685, "12": 0.872852233676976, "13": 0.6537396121883656, "14": 0.7492537313432835, "15": 0.6678200692041523, "16": 0.8113695090439277, "17": 0.7975460122699386, "18": 0.71280276816609, "19": 0.84, "20": 0.7430830039525692},
  "targets_count": 6423,
  "tp_count": 4877
}