{
  "gt_count": 6900,
  "mean_obj_recall": 0.3562708085502848,
  "mean_scene_recall": 0.34760619139911136,
  "obj_recalls": {"1": 0.21130551816958276, "2": 0.35600907029478457, "3": 0.3958333333333333, "4": 0.29292929292929293, "5": 0.0, "6": 0.37755102040816324, "7": 0.432, "8": 0.6933333333333334, "9": 0.7032520325203252, "10": 0.6573426573426573, "11": 0.37714285714285717, "12": 0.43884892086330934, "13": 0.30714285714285716, "14": 0.6164383561643836, "15": 0.14383561643835616, "16": 0.5372340425531915, "17": 0.7808219178082192, "18": 0.2808219178082192, "19": 0.2513089005235602, "20": 0.13333333333333333, "21": 0.17142857142857143, "22": 0.2925531914893617, "23": 0.4879032258064516, "24": 0.2552083333333333, "25": 0.17894736842105263, "26": 0.494949494949495, "27": 0.09375, "28": 0.22916666666666666, "29": 0.2755102040816326, "30": 0.2222222222222222},
  "recall": 0.34345321500856296,
  "scene_recalls": {"1": 0.20812182741116753, "2": 0.3197278911564626, "3": 0.36681222707423583, "4": 0.39487179487179486, "5": 0.38524590163934425, "6": 0.3717948717948718, "7": 0.44587628865979384, "8": 0.2108843537414966, "9": 0.3102189781021898, "10": 0.3958333333333333, "11": 0.5431472081218274, "12": 0.4639175257731959, "13": 0.18559556786703602, "14": 0.2835820895522388, "15": 0.24567474048442905, "16": 0.5555555555555556, "17": 0.3588957055214724, "18": 0.28719723183391005, "19": 0.30823529411764705, "20": 0.310935441370224},
  "targets_count": 6423,
  "tp_count": 2206
}