{
  "gt_count": 6900,
  "mean_obj_recall": 0.32597006490032093,
  "mean_scene_recall": 0.31781005286228936,
  "obj_recalls": {"1": 0.19650067294751009, "2": 0.3401360544217687, "3": 0.3802083333333333, "4": 0.27104377104377103, "5": 0.0, "6": 0.3673469387755102, "7": 0.368, "8": 0.6066666666666667, "9": 0.6951219512195121, "10": 0.6153846153846154, "11": 0.3485714285714286, "12": 0.381294964028777, "13": 0.2857142857142857, "14": 0.6164383561643836, "15": 0.1232876712328767, "16": 0.526595744680851, "17": 0.7602739726027398, "18": 0.2328767123287671, "19": 0.225130890052356, "20": 0.10416666666666667, "21": 0.13714285714285715, "22": 0.21808510638297873, "23": 0.43548387096774194, "24": 0.22916666666666666, "25": 0.16842105263157894, "26": 0.43434343434343436, "27": 0.0625, "28": 0.19270833333333334, "29": 0.25510204081632654, "30": 0.2013888888888889},
  "recall": 0.31574030826716487,
  "scene_recalls": {"1": 0.19289340101522842, "2": 0.29931972789115646, "3": 0.31877729257641924, "4": 0.3128205128205128, "5": 0.36885245901639346, "6": 0.33760683760683763, "7": 0.4381443298969072, "8": 0.14625850340136054, "9": 0.291970802919708, "10": 0.3715277777777778, "11": 0.5329949238578681, "12": 0.4329896907216495, "13": 0.1634349030470914, "14": 0.23880597014925373, "15": 0.20761245674740483, "16": 0.5271317829457365, "17": 0.34049079754601225, "18": 0.2560553633217993, "19": 0.2847058823529412, "20": 0.2938076416337286},
  "targets_count": 6423,
  "tp_count": 2028
}