{
  "gt_count": 6900,
  "mean_obj_recall": 0.303491125076708,
  "mean_scene_recall": 0.2955074664164844,
  "obj_recalls": {"1": 0.18304172274562583, "2": 0.3197278911564626, "3": 0.3619791666666667, "4": 0.2558922558922559, "5": 0.0, "6": 0.336734693877551, "7": 0.32, "8": 0.56, "9": 0.6829268292682927, "10": 0.6083916083916084, "11": 0.29714285714285715, "12": 0.35251798561151076, "13": 0.2785714285714286, "14": 0.5958904109589042, "15": 0.1095890410958904, "16": 0.5106382978723404, "17": 0.7534246575342466, "18": 0.19863013698630136, "19": 0.17801047120418848, "20": 0.07916666666666666, "21": 0.12, "22": 0.20212765957446807, "23": 0.4032258064516129, "24": 0.21354166666666666, "25": 0.1368421052631579, "26": 0.40404040404040403, "27": 0.041666666666666664, "28": 0.19270833333333334, "29": 0.23469387755102042, "30": 0.1736111111111111},
  "recall": 0.29472209248014947,
  "scene_recalls": {"1": 0.16243654822335024, "2": 0.272108843537415, "3": 0.2838427947598253, "4": 0.27692307692307694, "5": 0.36065573770491804, "6": 0.2948717948717949, "7": 0.422680412371134, "8": 0.12585034013605442, "9": 0.2718978102189781, "10": 0.3472222222222222, "11": 0.5177664974619289, "12": 0.422680412371134, "13": 0.13850415512465375, "14": 0.208955223880597, "15": 0.1903114186851211, "16": 0.5090439276485789, "17": 0.3159509202453988, "18": 0.2422145328719723, "19": 0.26823529411764707, "20": 0.2779973649538867},
  "targets_count": 6423,
  "tp_count": 1893
}