{
  "gt_count": 6900,
  "mean_obj_recall": 0.2495890034192788,
  "mean_scene_recall": 0.23952589518497197,
  "obj_recalls": {"1": 0.1386271870794078, "2": 0.2834467120181406, "3": 0.3177083333333333, "4": 0.18686868686868688, "5": 0.0, "6": 0.29591836734693877, "7": 0.228, "8": 0.4866666666666667, "9": 0.6260162601626016, "10": 0.5314685314685315, "11": 0.14285714285714285, "12": 0.17985611510791366, "13": 0.22857142857142856, "14": 0.5616438356164384, "15": 0.10273972602739725, "16": 0.48936170212765956, "17": 0.7397260273972602, "18": 0.14383561643835616, "19": 0.10471204188481675, "20": 0.05, "21": 0.05714285714285714, "22": 0.15425531914893617, "23": 0.29435483870967744, "24": 0.18229166666666666, "25": 0.12631578947368421, "26": 0.3434343434343434, "27": 0.03125, "28": 0.14583333333333334, "29": 0.22448979591836735, "30": 0.09027777777777778},
  "recall": 0.23991904094659816,
  "scene_recalls": {"1": 0.1319796954314721, "2": 0.2108843537414966, "3": 0.2183406113537118, "4": 0.2153846153846154, "5": 0.29098360655737704, "6": 0.1752136752136752, "7": 0.3788659793814433, "8": 0.0782312925170068, "9": 0.2208029197080292, "10": 0.2777777777777778, "11": 0.47715736040609136, "12": 0.3711340206185567, "13": 0.08310249307479224, "14": 0.14328358208955225, "15": 0.16262975778546712, "16": 0.4470284237726098, "17": 0.254601226993865, "18": 0.1972318339100346, "19": 0.23058823529411765, "20": 0.22529644268774704},
  "targets_count": 6423,
  "tp_count": 1541
}