{
  "gt_count": 6900,
  "mean_obj_recall": 0.3416099313372291,
  "mean_scene_recall": 0.33286051695371427,
  "obj_recalls": {"1": 0.20861372812920592, "2": 0.3469387755102041, "3": 0.3828125, "4": 0.2828282828282828, "5": 0.0, "6": 0.3673469387755102, "7": 0.4, "8": 0.6466666666666666, "9": 0.7032520325203252, "10": 0.6293706293706294, "11": 0.37714285714285717, "12": 0.41007194244604317, "13": 0.30714285714285716, "14": 0.6164383561643836, "15": 0.136986301369863, "16": 0.5372340425531915, "17": 0.773972602739726, "18": 0.2465753424657534, "19": 0.2356020942408377, "20": 0.10416666666666667, "21": 0.15428571428571428, "22": 0.25, "23": 0.45564516129032256, "24": 0.24479166666666666, "25": 0.16842105263157894, "26": 0.494949494949495, "27": 0.08333333333333333, "28": 0.203125, "29": 0.2653061224489796, "30": 0.2152777777777778},
  "recall": 0.3297524521251752,
  "scene_recalls": {"1": 0.19289340101522842, "2": 0.30612244897959184, "3": 0.34497816593886466, "4": 0.358974358974359, "5": 0.38114754098360654, "6": 0.36324786324786323, "7": 0.44072164948453607, "8": 0.16326530612244897, "9": 0.29927007299270075, "10": 0.375, "11": 0.5380710659898477, "12": 0.45017182130584193, "13": 0.1745152354570637, "14": 0.25970149253731345, "15": 0.23875432525951557, "16": 0.5400516795865633, "17": 0.35276073619631904, "18": 0.27335640138408307, "19": 0.30117647058823527, "20": 0.30303030303030304},
  "targets_count": 6423,
  "tp_count": 2118
}