{
  "gt_count": 6900,
  "mean_obj_recall": 0.20594653324931184,
  "mean_scene_recall": 0.19533465160636812,
  "obj_recalls": {"1": 0.09690444145356662, "2": 0.2562358276643991, "3": 0.2604166666666667, "4": 0.1414141414141414, "5": 0.0, "6": 0.25510204081632654, "7": 0.192, "8": 0.38666666666666666, "9": 0.5813008130081301, "10": 0.38461538461538464, "11": 0.06285714285714286, "12": 0.08633093525179857, "13": 0.17857142857142858, "14": 0.5273972602739726, "15": 0.0958904109589041, "16": 0.4787234042553192, "17": 0.7123287671232876, "18": 0.0821917808219178, "19": 0.07853403141361257, "20": 0.041666666666666664, "21": 0.03428571428571429, "22": 0.1276595744680851, "23": 0.21774193548387097, "24": 0.16145833333333334, "25": 0.07368421052631578, "26": 0.2828282828282828, "27": 0.020833333333333332, "28": 0.11458333333333333, "29": 0.1836734693877551, "30": 0.0625},
  "recall": 0.1975712283979449,
  "scene_recalls": {"1": 0.08629441624365482, "2": 0.1836734693877551, "3": 0.14410480349344978, "4": 0.18974358974358974, "5": 0.19672131147540983, "6": 0.11538461538461539, "7": 0.33762886597938147, "8": 0.05782312925170068, "9": 0.19160583941605838, "10": 0.25, "11": 0.39593908629441626, "12": 0.32646048109965636, "13": 0.05817174515235457, "14": 0.08955223880597014, "15": 0.12802768166089964, "16": 0.37467700258397935, "17": 0.2116564417177914, "18": 0.17301038062283736, "19": 0.21176470588235294, "20": 0.1844532279314888},
  "targets_count": 6423,
  "tp_count": 1269
}