{
  "gt_count": 6900,
  "mean_obj_recall": 0.07944828379621674,
  "mean_scene_recall": 0.07203894611872501,
  "obj_recalls": {"1": 0.018842530282637954, "2": 0.09750566893424037, "3": 0.08333333333333333, "4": 0.037037037037037035, "5": 0.0, "6": 0.09183673469387756, "7": 0.028, "8": 0.17333333333333334, "9": 0.4065040650406504, "10": 0.006993006993006993, "11": 0.0, "12": 0.0, "13": 0.014285714285714285, "14": 0.23972602739726026, "15": 0.02054794520547945, "16": 0.3191489361702128, "17": 0.5, "18": 0.0, "19": 0.020942408376963352, "20": 0.008333333333333333, "21": 0.0, "22": 0.026595744680851064, "23": 0.08064516129032258, "24": 0.026041666666666668, "25": 0.0, "26": 0.050505050505050504, "27": 0.0, "28": 0.03125, "29": 0.10204081632653061, "30": 0.0},
  "recall": 0.07535419585863304,
  "scene_recalls": {"1": 0.015228426395939087, "2": 0.05442176870748299, "3": 0.048034934497816595, "4": 0.035897435897435895, "5": 0.045081967213114756, "6": 0.008547008547008548, "7": 0.16494845360824742, "8": 0.006802721088435374, "9": 0.07664233576642336, "10": 0.06597222222222222, "11": 0.19796954314720813, "12": 0.09965635738831616, "13": 0.00554016620498615, "14": 0.03880597014925373, "15": 0.04844290657439446, "16": 0.17054263565891473, "17": 0.09202453987730061, "18": 0.09342560553633218, "19": 0.10823529411764705, "20": 0.06455862977602109},
  "targets_count": 6423,
  "tp_count": 484
}