{
  "gt_count": 6900,
  "mean_obj_recall": 0.2814129740469421,
  "mean_scene_recall": 0.27223700189091943,
  "obj_recalls": {"1": 0.16689098250336473, "2": 0.31519274376417233, "3": 0.3489583333333333, "4": 0.23232323232323232, "5": 0.0, "6": 0.3163265306122449, "7": 0.268, "8": 0.52, "9": 0.6544715447154471, "10": 0.5734265734265734, "11": 0.25142857142857145, "12": 0.26618705035971224, "13": 0.2714285714285714, "14": 0.589041095890411, "15": 0.1095890410958904, "16": 0.5053191489361702, "17": 0.7465753424657534, "18": 0.1780821917808219, "19": 0.1518324607329843, "20": 0.06666666666666667, "21": 0.08571428571428572, "22": 0.19148936170212766, "23": 0.3588709677419355, "24": 0.1875, "25": 0.12631578947368421, "26": 0.3838383838383838, "27": 0.041666666666666664, "28": 0.171875, "29": 0.22448979591836735, "30": 0.1388888888888889},
  "recall": 0.27323680523120036,
  "scene_recalls": {"1": 0.14720812182741116, "2": 0.23129251700680273, "3": 0.26200873362445415, "4": 0.24615384615384617, "5": 0.3237704918032787, "6": 0.26495726495726496, "7": 0.4097938144329897, "8": 0.1054421768707483, "9": 0.2518248175182482, "10": 0.3194444444444444, "11": 0.5025380710659898, "12": 0.40893470790378006, "13": 0.11357340720221606, "14": 0.18208955223880596, "15": 0.17647058823529413, "16": 0.4780361757105943, "17": 0.2883435582822086, "18": 0.20761245674740483, "19": 0.2564705882352941, "20": 0.26877470355731226},
  "targets_count": 6423,
  "tp_count": 1755
}