{
  "gt_count": 6900,
  "mean_obj_recall": 0.009920058660159993,
  "mean_scene_recall": 0.007967546170479801,
  "obj_recalls": {"1": 0.004037685060565276, "2": 0.015873015873015872, "3": 0.0078125, "4": 0.005050505050505051, "5": 0.0, "6": 0.0, "7": 0.004, "8": 0.013333333333333334, "9": 0.036585365853658534, "10": 0.0, "11": 0.0, "12": 0.0, "13": 0.0, "14": 0.03424657534246575, "15": 0.0, "16": 0.05851063829787234, "17": 0.10273972602739725, "18": 0.0, "19": 0.0, "20": 0.0, "21": 0.0, "22": 0.0, "23": 0.0, "24": 0.0, "25": 0.0, "26": 0.0, "27": 0.0, "28": 0.005208333333333333, "29": 0.01020408163265306, "30": 0.0},
  "recall": 0.009497119725984743,
  "scene_recalls": {"1": 0.0, "2": 0.0, "3": 0.004366812227074236, "4": 0.0, "5": 0.004098360655737705, "6": 0.0, "7": 0.03608247422680412, "8": 0.0, "9": 0.009124087591240875, "10": 0.0, "11": 0.01015228426395939, "12": 0.010309278350515464, "13": 0.0, "14": 0.0, "15": 0.006920415224913495, "16": 0.03359173126614987, "17": 0.006134969325153374, "18": 0.01730103806228374, "19": 0.009411764705882352, "20": 0.011857707509881422},
  "targets_count": 6423,
  "tp_count": 61
}