{
  "gt_count": 6900,
  "mean_obj_recall": 0.1526159021666528,
  "mean_scene_recall": 0.14177272876233887,
  "obj_recalls": {"1": 0.05518169582772544, "2": 0.20634920634920634, "3": 0.171875, "4": 0.08585858585858586, "5": 0.0, "6": 0.1836734693877551, "7": 0.128, "8": 0.3, "9": 0.5284552845528455, "10": 0.16083916083916083, "11": 0.017142857142857144, "12": 0.014388489208633094, "13": 0.12857142857142856, "14": 0.4726027397260274, "15": 0.0821917808219178, "16": 0.4521276595744681, "17": 0.6712328767123288, "18": 0.0273972602739726, "19": 0.041884816753926704, "20": 0.029166666666666667, "21": 0.011428571428571429, "22": 0.07446808510638298, "23": 0.1532258064516129, "24": 0.08333333333333333, "25": 0.021052631578947368, "26": 0.21212121212121213, "27": 0.010416666666666666, "28": 0.06770833333333333, "29": 0.15306122448979592, "30": 0.034722222222222224},
  "recall": 0.14479215319943953,
  "scene_recalls": {"1": 0.03553299492385787, "2": 0.1360544217687075, "3": 0.08733624454148471, "4": 0.14358974358974358, "5": 0.11065573770491803, "6": 0.05128205128205128, "7": 0.2912371134020619, "8": 0.023809523809523808, "9": 0.1386861313868613, "10": 0.16319444444444445, "11": 0.3197969543147208, "12": 0.24054982817869416, "13": 0.038781163434903045, "14": 0.056716417910447764, "15": 0.08650519031141868, "16": 0.29198966408268734, "17": 0.147239263803681, "18": 0.15570934256055363, "19": 0.19294117647058823, "20": 0.12384716732542819},
  "targets_count": 6423,
  "tp_count": 930
}