{
  "gt_count": 6900,
  "mean_obj_recall": 0.1231040195372333,
  "mean_scene_recall": 0.11346173046468248,
  "obj_recalls": {"1": 0.09152086137281291, "2": 0.1655328798185941, "3": 0.16145833333333334, "4": 0.13636363636363635, "5": 0.08947368421052632, "6": 0.05102040816326531, "7": 0.04, "8": 0.12, "9": 0.17479674796747968, "10": 0.1048951048951049, "11": 0.05714285714285714, "12": 0.08633093525179857, "13": 0.08571428571428572, "14": 0.17123287671232876, "15": 0.1917808219178082, "16": 0.2872340425531915, "17": 0.5958904109589042, "18": 0.1095890410958904, "19": 0.05235602094240838, "20": 0.016666666666666666, "21": 0.011428571428571429, "22": 0.005319148936170213, "23": 0.05241935483870968, "24": 0.14583333333333334, "25": 0.031578947368421054, "26": 0.050505050505050504, "27": 0.041666666666666664, "28": 0.140625, "29": 0.11224489795918367, "30": 0.3125},
  "recall": 0.12283979448855675,
  "scene_recalls": {"1": 0.12690355329949238, "2": 0.04081632653061224, "3": 0.1091703056768559, "4": 0.11794871794871795, "5": 0.11065573770491803, "6": 0.04700854700854701, "7": 0.211340206185567, "8": 0.023809523809523808, "9": 0.15145985401459855, "10": 0.09722222222222222, "11": 0.1065989847715736, "12": 0.15807560137457044, "13": 0.060941828254847646, "14": 0.01791044776119403, "15": 0.11764705882352941, "16": 0.21188630490956073, "17": 0.11042944785276074, "18": 0.08650519031141868, "19": 0.22588235294117648, "20": 0.1370223978919631},
  "targets_count": 6423,
  "tp_count": 789
}