{
  "gt_count": 6900,
  "mean_obj_recall": 0.5528328499295962,
  "mean_scene_recall": 0.535362279931727,
  "obj_recalls": {"1": 0.3633916554508748, "2": 0.4308390022675737, "3": 0.4296875, "4": 0.22053872053872053, "5": 0.7789473684210526, "6": 0.5204081632653061, "7": 0.68, "8": 0.3933333333333333, "9": 0.8658536585365854, "10": 0.6993006993006993, "11": 0.37714285714285717, "12": 0.697841726618705, "13": 0.6, "14": 0.5616438356164384, "15": 0.773972602739726, "16": 0.7340425531914894, "17": 0.8972602739726028, "18": 0.636986301369863, "19": 0.46596858638743455, "20": 0.3333333333333333, "21": 0.34285714285714286, "22": 0.32978723404255317, "23": 0.592741935483871, "24": 0.46875, "25": 0.2, "26": 0.5151515151515151, "27": 0.6458333333333334, "28": 0.6822916666666666, "29": 0.673469387755102, "30": 0.6736111111111112},
  "recall": 0.5067725361980383,
  "scene_recalls": {"1": 0.47715736040609136, "2": 0.7142857142857143, "3": 0.5982532751091703, "4": 0.5128205128205128, "5": 0.6024590163934426, "6": 0.47863247863247865, "7": 0.6752577319587629, "8": 0.4897959183673469, "9": 0.354014598540146, "10": 0.5868055555555556, "11": 0.7715736040609137, "12": 0.6701030927835051, "13": 0.3850415512465374, "14": 0.3492537313432836, "15": 0.5951557093425606, "16": 0.6382428940568475, "17": 0.48466257668711654, "18": 0.39792387543252594, "19": 0.6188235294117647, "20": 0.3069828722002635},
  "targets_count": 6423,
  "tp_count": 3255
}