{
  "gt_count": 6900,
  "mean_obj_recall": 0.39576551466869014,
  "mean_scene_recall": 0.37264827874997636,
  "obj_recalls": {"1": 0.19380888290713325, "2": 0.29931972789115646, "3": 0.265625, "4": 0.09427609427609428, "5": 0.6736842105263158, "6": 0.25510204081632654, "7": 0.516, "8": 0.18, "9": 0.6910569105691057, "10": 0.43356643356643354, "11": 0.12, "12": 0.4244604316546763, "13": 0.32857142857142857, "14": 0.4041095890410959, "15": 0.7054794520547946, "16": 0.6968085106382979, "17": 0.8424657534246576, "18": 0.5205479452054794, "19": 0.2931937172774869, "20": 0.21666666666666667, "21": 0.18857142857142858, "22": 0.21808510638297873, "23": 0.3629032258064516, "24": 0.265625, "25": 0.16842105263157894, "26": 0.3939393939393939, "27": 0.5208333333333334, "28": 0.5729166666666666, "29": 0.5408163265306123, "30": 0.4861111111111111},
  "recall": 0.3509263583995018,
  "scene_recalls": {"1": 0.3553299492385787, "2": 0.5170068027210885, "3": 0.4104803493449782, "4": 0.4256410256410256, "5": 0.3729508196721312, "6": 0.24358974358974358, "7": 0.5309278350515464, "8": 0.3129251700680272, "9": 0.21897810218978103, "10": 0.3645833333333333, "11": 0.5634517766497462, "12": 0.44329896907216493, "13": 0.2520775623268698, "14": 0.20298507462686566, "15": 0.4844290657439446, "16": 0.4806201550387597, "17": 0.35276073619631904, "18": 0.2491349480968858, "19": 0.48470588235294115, "20": 0.18708827404479578},
  "targets_count": 6423,
  "tp_count": 2254
}