{
  "gt_count": 6900,
  "mean_obj_recall": 0.17943222837383344,
  "mean_scene_recall": 0.16848960777037356,
  "obj_recalls": {"1": 0.13593539703903096, "2": 0.21315192743764172, "3": 0.22135416666666666, "4": 0.1750841750841751, "5": 0.14210526315789473, "6": 0.10204081632653061, "7": 0.092, "8": 0.24666666666666667, "9": 0.23983739837398374, "10": 0.15384615384615385, "11": 0.13714285714285715, "12": 0.12949640287769784, "13": 0.16428571428571428, "14": 0.2328767123287671, "15": 0.2191780821917808, "16": 0.3404255319148936, "17": 0.6232876712328768, "18": 0.136986301369863, "19": 0.14136125654450263, "20": 0.05, "21": 0.05142857142857143, "22": 0.026595744680851064, "23": 0.10080645161290322, "24": 0.17708333333333334, "25": 0.07368421052631578, "26": 0.13131313131313133, "27": 0.125, "28": 0.21354166666666666, "29": 0.1836734693877551, "30": 0.4027777777777778},
  "recall": 0.17577456017437335,
  "scene_recalls": {"1": 0.16751269035532995, "2": 0.08163265306122448, "3": 0.18340611353711792, "4": 0.19487179487179487, "5": 0.1680327868852459, "6": 0.10683760683760683, "7": 0.2654639175257732, "8": 0.06462585034013606, "9": 0.20802919708029197, "10": 0.13541666666666666, "11": 0.19796954314720813, "12": 0.21305841924398625, "13": 0.12465373961218837, "14": 0.05970149253731343, "15": 0.20761245674740483, "16": 0.25839793281653745, "17": 0.15644171779141106, "18": 0.1245674740484429, "19": 0.2776470588235294, "20": 0.17391304347826086},
  "targets_count": 6423,
  "tp_count": 1129
}