{
  "gt_count": 6900,
  "mean_obj_recall": 0.6983957541586495,
  "mean_scene_recall": 0.6831541711822314,
  "obj_recalls": {"1": 0.5141318977119784, "2": 0.564625850340136, "3": 0.5520833333333334, "4": 0.36195286195286197, "5": 0.8368421052631579, "6": 0.8367346938775511, "7": 0.8, "8": 0.68, "9": 0.926829268292683, "10": 0.8461538461538461, "11": 0.7142857142857143, "12": 0.8057553956834532, "13": 0.7214285714285714, "14": 0.6164383561643836, "15": 0.8424657534246576, "16": 0.7819148936170213, "17": 0.9657534246575342, "18": 0.773972602739726, "19": 0.6596858638743456, "20": 0.5541666666666667, "21": 0.5828571428571429, "22": 0.5319148936170213, "23": 0.7782258064516129, "24": 0.6041666666666666, "25": 0.28421052631578947, "26": 0.5959595959595959, "27": 0.8333333333333334, "28": 0.8020833333333334, "29": 0.8061224489795918, "30": 0.7777777777777778},
  "recall": 0.6512533084228553,
  "scene_recalls": {"1": 0.6091370558375635, "2": 0.8843537414965986, "3": 0.8165938864628821, "4": 0.6051282051282051, "5": 0.7459016393442623, "6": 0.7264957264957265, "7": 0.7603092783505154, "8": 0.6700680272108843, "9": 0.5127737226277372, "10": 0.75, "11": 0.8883248730964467, "12": 0.7835051546391752, "13": 0.6066481994459834, "14": 0.5582089552238806, "15": 0.7335640138408305, "16": 0.772609819121447, "17": 0.6196319018404908, "18": 0.4982698961937716, "19": 0.6894117647058824, "20": 0.4321475625823452},
  "targets_count": 6423,
  "tp_count": 4183
}