{
  "gt_count": 6900,
  "mean_obj_recall": 0.04877613483777933,
  "mean_scene_recall": 0.040594579716280776,
  "obj_recalls": {"1": 0.029609690444145357, "2": 0.07256235827664399, "3": 0.07291666666666667, "4": 0.045454545454545456, "5": 0.015789473684210527, "6": 0.0, "7": 0.0, "8": 0.013333333333333334, "9": 0.04065040650406504, "10": 0.006993006993006993, "11": 0.0, "12": 0.0, "13": 0.04285714285714286, "14": 0.0821917808219178, "15": 0.0958904109589041, "16": 0.18617021276595744, "17": 0.5, "18": 0.0136986301369863, "19": 0.005235602094240838, "20": 0.0, "21": 0.0, "22": 0.0, "23": 0.004032258064516129, "24": 0.07291666666666667, "25": 0.0, "26": 0.0, "27": 0.0, "28": 0.020833333333333332, "29": 0.01020408163265306, "30": 0.13194444444444445},
  "recall": 0.04779697960454616,
  "scene_recalls": {"1": 0.050761421319796954, "2": 0.0, "3": 0.013100436681222707, "4": 0.020512820512820513, "5": 0.03278688524590164, "6": 0.0, "7": 0.11855670103092783, "8": 0.0, "9": 0.06751824817518248, "10": 0.04513888888888889, "11": 0.025380710659898477, "12": 0.054982817869415807, "13": 0.008310249307479225, "14": 0.005970149253731343, "15": 0.006920415224913495, "16": 0.13695090439276486, "17": 0.027607361963190184, "18": 0.02422145328719723, "19": 0.12705882352941175, "20": 0.0461133069828722},
  "targets_count": 6423,
  "tp_count": 307
}