{
  "gt_count": 6900,
  "mean_obj_recall": 0.12300857163498079,
  "mean_scene_recall": 0.10153902966863346,
  "obj_recalls": {"1": 0.033647375504710635, "2": 0.06575963718820861, "3": 0.0546875, "4": 0.006734006734006734, "5": 0.18947368421052632, "6": 0.030612244897959183, "7": 0.12, "8": 0.02, "9": 0.15040650406504066, "10": 0.03496503496503497, "11": 0.005714285714285714, "12": 0.05755395683453238, "13": 0.02142857142857143, "14": 0.03424657534246575, "15": 0.3561643835616438, "16": 0.26063829787234044, "17": 0.6986301369863014, "18": 0.19863013698630136, "19": 0.03664921465968586, "20": 0.05416666666666667, "21": 0.03428571428571429, "22": 0.05319148936170213, "23": 0.06451612903225806, "24": 0.0625, "25": 0.10526315789473684, "26": 0.0707070707070707, "27": 0.23958333333333334, "28": 0.1875, "29": 0.25510204081632654, "30": 0.1875},
  "recall": 0.09870776895531683,
  "scene_recalls": {"1": 0.15736040609137056, "2": 0.10204081632653061, "3": 0.10043668122270742, "4": 0.1076923076923077, "5": 0.0860655737704918, "6": 0.017094017094017096, "7": 0.21649484536082475, "8": 0.061224489795918366, "9": 0.04562043795620438, "10": 0.0763888888888889, "11": 0.116751269035533, "12": 0.07216494845360824, "13": 0.08310249307479224, "14": 0.03283582089552239, "15": 0.18339100346020762, "16": 0.16020671834625322, "17": 0.08588957055214724, "18": 0.058823529411764705, "19": 0.23294117647058823, "20": 0.034255599472990776},
  "targets_count": 6423,
  "tp_count": 634
}