{
  "gt_count": 6900,
  "mean_obj_recall": 0.6758275490228426,
  "mean_scene_recall": 0.6603049482411409,
  "obj_recalls": {"1": 0.4939434724091521, "2": 0.5396825396825397, "3": 0.5286458333333334, "4": 0.3501683501683502, "5": 0.8263157894736842, "6": 0.8163265306122449, "7": 0.764, "8": 0.6466666666666666, "9": 0.9227642276422764, "10": 0.8321678321678322, "11": 0.6971428571428572, "12": 0.7985611510791367, "13": 0.7071428571428572, "14": 0.6095890410958904, "15": 0.8287671232876712, "16": 0.7606382978723404, "17": 0.9452054794520548, "18": 0.7397260273972602, "19": 0.6387434554973822, "20": 0.5041666666666667, "21": 0.5314285714285715, "22": 0.5053191489361702, "23": 0.75, "24": 0.5885416666666666, "25": 0.25263157894736843, "26": 0.5757575757575758, "27": 0.8125, "28": 0.765625, "29": 0.7857142857142857, "30": 0.7569444444444444},
  "recall": 0.6289895687373501,
  "scene_recalls": {"1": 0.5786802030456852, "2": 0.8299319727891157, "3": 0.7947598253275109, "4": 0.5897435897435898, "5": 0.7336065573770492, "6": 0.7051282051282052, "7": 0.729381443298969, "8": 0.6360544217687075, "9": 0.4981751824817518, "10": 0.7361111111111112, "11": 0.8781725888324873, "12": 0.7697594501718213, "13": 0.554016620498615, "14": 0.5253731343283582, "15": 0.7162629757785467, "16": 0.7622739018087855, "17": 0.598159509202454, "18": 0.4844290657439446, "19": 0.6776470588235294, "20": 0.40843214756258234},
  "targets_count": 6423,
  "tp_count": 4040
}