{
  "gt_count": 6900,
  "mean_obj_recall": 0.6580302253323289,
  "mean_scene_recall": 0.6432498182656593,
  "obj_recalls": {"1": 0.47106325706594887, "2": 0.5238095238095238, "3": 0.5182291666666666, "4": 0.3367003367003367, "5": 0.8263157894736842, "6": 0.7959183673469388, "7": 0.756, "8": 0.6, "9": 0.9186991869918699, "10": 0.8181818181818182, "11": 0.6514285714285715, "12": 0.7841726618705036, "13": 0.6928571428571428, "14": 0.6027397260273972, "15": 0.821917808219178, "16": 0.75, "17": 0.9383561643835616, "18": 0.726027397260274, "19": 0.6282722513089005, "20": 0.4791666666666667, "21": 0.48, "22": 0.4946808510638298, "23": 0.7338709677419355, "24": 0.5729166666666666, "25": 0.21052631578947367, "26": 0.5555555555555556, "27": 0.78125, "28": 0.75, "29": 0.7653061224489796, "30": 0.7569444444444444},
  "recall": 0.6120193056204266,
  "scene_recalls": {"1": 0.5532994923857868, "2": 0.8231292517006803, "3": 0.7685589519650655, "4": 0.5641025641025641, "5": 0.7254098360655737, "6": 0.6752136752136753, "7": 0.7216494845360825, "8": 0.6156462585034014, "9": 0.4781021897810219, "10": 0.7118055555555556, "11": 0.8730964467005076, "12": 0.7560137457044673, "13": 0.5235457063711911, "14": 0.5164179104477612, "15": 0.6955017301038062, "16": 0.7416020671834626, "17": 0.5766871165644172, "18": 0.4809688581314879, "19": 0.6729411764705883, "20": 0.391304347826087},
  "targets_count": 6423,
  "tp_count": 3931
}