{
  "gt_count": 6900,
  "mean_obj_recall": 0.7066628072372271,
  "mean_scene_recall": 0.6915567876511597,
  "obj_recalls": {"1": 0.5248990578734859, "2": 0.5759637188208617, "3": 0.5598958333333334, "4": 0.37037037037037035, "5": 0.8421052631578947, "6": 0.8367346938775511, "7": 0.812, "8": 0.7066666666666667, "9": 0.926829268292683, "10": 0.8461538461538461, "11": 0.7142857142857143, "12": 0.8129496402877698, "13": 0.7214285714285714, "14": 0.6164383561643836, "15": 0.8424657534246576, "16": 0.7872340425531915, "17": 0.9657534246575342, "18": 0.7876712328767124, "19": 0.6596858638743456, "20": 0.575, "21": 0.5885714285714285, "22": 0.5478723404255319, "23": 0.7782258064516129, "24": 0.6041666666666666, "25": 0.3368421052631579, "26": 0.6060606060606061, "27": 0.8333333333333334, "28": 0.8020833333333334, "29": 0.826530612244898, "30": 0.7916666666666666},
  "recall": 0.6593492137630391,
  "scene_recalls": {"1": 0.6243654822335025, "2": 0.8843537414965986, "3": 0.8296943231441049, "4": 0.6153846153846154, "5": 0.7540983606557377, "6": 0.7393162393162394, "7": 0.7680412371134021, "8": 0.673469387755102, "9": 0.5273722627737226, "10": 0.7569444444444444, "11": 0.8934010152284264, "12": 0.7903780068728522, "13": 0.6149584487534626, "14": 0.5671641791044776, "15": 0.7577854671280276, "16": 0.7751937984496124, "17": 0.6226993865030674, "18": 0.5086505190311419, "19": 0.691764705882353, "20": 0.43610013175230566},
  "targets_count": 6423,
  "tp_count": 4235
}