{
  "gt_count": 6900,
  "mean_obj_recall": 0.7160819567292479,
  "mean_scene_recall": 0.6995792780213697,
  "obj_recalls": {"1": 0.5329744279946165, "2": 0.5804988662131519, "3": 0.5651041666666666, "4": 0.3720538720538721, "5": 0.8421052631578947, "6": 0.8367346938775511, "7": 0.82, "8": 0.7133333333333334, "9": 0.9349593495934959, "10": 0.8461538461538461, "11": 0.7142857142857143, "12": 0.8129496402877698, "13": 0.7285714285714285, "14": 0.6301369863013698, "15": 0.8493150684931506, "16": 0.7872340425531915, "17": 0.9726027397260274, "18": 0.7945205479452054, "19": 0.6701570680628273, "20": 0.5875, "21": 0.6, "22": 0.5638297872340425, "23": 0.7903225806451613, "24": 0.609375, "25": 0.3894736842105263, "26": 0.6262626262626263, "27": 0.8541666666666666, "28": 0.8020833333333334, "29": 0.8571428571428571, "30": 0.7986111111111112},
  "recall": 0.6669780476412891,
  "scene_recalls": {"1": 0.649746192893401, "2": 0.8843537414965986, "3": 0.834061135371179, "4": 0.6256410256410256, "5": 0.7663934426229508, "6": 0.7393162393162394, "7": 0.7757731958762887, "8": 0.6938775510204082, "9": 0.5328467153284672, "10": 0.7604166666666666, "11": 0.8934010152284264, "12": 0.7938144329896907, "13": 0.6204986149584487, "14": 0.582089552238806, "15": 0.7785467128027682, "16": 0.7777777777777778, "17": 0.6226993865030674, "18": 0.5224913494809689, "19": 0.6964705882352941, "20": 0.4413702239789196},
  "targets_count": 6423,
  "tp_count": 4284
}