{
  "gt_count": 6900,
  "mean_obj_recall": 0.6250282638345994,
  "mean_scene_recall": 0.6080447608270115,
  "obj_recalls": {"1": 0.4306864064602961, "2": 0.4852607709750567, "3": 0.4921875, "4": 0.2962962962962963, "5": 0.8210526315789474, "6": 0.7346938775510204, "7": 0.732, "8": 0.5, "9": 0.9105691056910569, "10": 0.7902097902097902, "11": 0.5657142857142857, "12": 0.7482014388489209, "13": 0.6642857142857143, "14": 0.5958904109589042, "15": 0.8082191780821918, "16": 0.7446808510638298, "17": 0.9315068493150684, "18": 0.7123287671232876, "19": 0.5706806282722513, "20": 0.42916666666666664, "21": 0.42857142857142855, "22": 0.44148936170212766, "23": 0.6854838709677419, "24": 0.5364583333333334, "25": 0.21052631578947367, "26": 0.5353535353535354, "27": 0.71875, "28": 0.7291666666666666, "29": 0.7653061224489796, "30": 0.7361111111111112},
  "recall": 0.5774560174373345,
  "scene_recalls": {"1": 0.5228426395939086, "2": 0.8095238095238095, "3": 0.6943231441048034, "4": 0.5384615384615384, "5": 0.680327868852459, "6": 0.6153846153846154, "7": 0.7164948453608248, "8": 0.5544217687074829, "9": 0.4251824817518248, "10": 0.6597222222222222, "11": 0.8527918781725888, "12": 0.7353951890034365, "13": 0.4792243767313019, "14": 0.47761194029850745, "15": 0.6678200692041523, "16": 0.7131782945736435, "17": 0.549079754601227, "18": 0.4463667820069204, "19": 0.6564705882352941, "20": 0.3662714097496706},
  "targets_count": 6423,
  "tp_count": 3709
}