{
  "gt_count": 6900,
  "mean_obj_recall": 0.024569992825297572,
  "mean_scene_recall": 0.017566918694659896,
  "obj_recalls": {"1": 0.008075370121130552, "2": 0.022675736961451247, "3": 0.026041666666666668, "4": 0.016835016835016835, "5": 0.005263157894736842, "6": 0.0, "7": 0.0, "8": 0.006666666666666667, "9": 0.008130081300813009, "10": 0.0, "11": 0.0, "12": 0.0, "13": 0.0, "14": 0.03424657534246575, "15": 0.0410958904109589, "16": 0.10638297872340426, "17": 0.3835616438356164, "18": 0.0, "19": 0.0, "20": 0.0, "21": 0.0, "22": 0.0, "23": 0.0, "24": 0.020833333333333332, "25": 0.0, "26": 0.0, "27": 0.0, "28": 0.015625, "29": 0.0, "30": 0.041666666666666664},
  "recall": 0.02179666822357154,
  "scene_recalls": {"1": 0.015228426395939087, "2": 0.0, "3": 0.0, "4": 0.015384615384615385, "5": 0.0, "6": 0.0, "7": 0.07216494845360824, "8": 0.0, "9": 0.025547445255474453, "10": 0.013888888888888888, "11": 0.01015228426395939, "12": 0.010309278350515464, "13": 0.002770083102493075, "14": 0.0, "15": 0.0, "16": 0.08527131782945736, "17": 0.003067484662576687, "18": 0.006920415224913495, "19": 0.06823529411764706, "20": 0.022397891963109356},
  "targets_count": 6423,
  "tp_count": 140
}