{
  "gt_count": 6900,
  "mean_obj_recall": 0.20214744556441624,
  "mean_scene_recall": 0.19020197253846946,
  "obj_recalls": {"1": 0.1440107671601615, "2": 0.23129251700680273, "3": 0.2526041666666667, "4": 0.1919191919191919, "5": 0.15263157894736842, "6": 0.12244897959183673, "7": 0.104, "8": 0.3466666666666667, "9": 0.25609756097560976, "10": 0.1958041958041958, "11": 0.17142857142857143, "12": 0.1510791366906475, "13": 0.17142857142857143, "14": 0.23972602739726026, "15": 0.2328767123287671, "16": 0.3404255319148936, "17": 0.6506849315068494, "18": 0.15753424657534246, "19": 0.18324607329842932, "20": 0.07083333333333333, "21": 0.07428571428571429, "22": 0.09574468085106383, "23": 0.11693548387096774, "24": 0.203125, "25": 0.09473684210526316, "26": 0.1414141414141414, "27": 0.14583333333333334, "28": 0.21875, "29": 0.20408163265306123, "30": 0.4027777777777778},
  "recall": 0.19679277596138875,
  "scene_recalls": {"1": 0.17766497461928935, "2": 0.09523809523809523, "3": 0.21397379912663755, "4": 0.2205128205128205, "5": 0.19262295081967212, "6": 0.13247863247863248, "7": 0.27319587628865977, "8": 0.09523809523809523, "9": 0.21715328467153286, "10": 0.1701388888888889, "11": 0.24873096446700507, "12": 0.2268041237113402, "13": 0.14127423822714683, "14": 0.09850746268656717, "15": 0.22145328719723184, "16": 0.28165374677002586, "17": 0.1656441717791411, "18": 0.1384083044982699, "19": 0.2917647058823529, "20": 0.2015810276679842},
  "targets_count": 6423,
  "tp_count": 1264
}