{
  "gt_count": 6900,
  "mean_obj_recall": 0.690489297934626,
  "mean_scene_recall": 0.6749953076660784,
  "obj_recalls": {"1": 0.506056527590848, "2": 0.5578231292517006, "3": 0.546875, "4": 0.35185185185185186, "5": 0.8368421052631579, "6": 0.826530612244898, "7": 0.788, "8": 0.6733333333333333, "9": 0.926829268292683, "10": 0.8391608391608392, "11": 0.7142857142857143, "12": 0.8057553956834532, "13": 0.7142857142857143, "14": 0.6095890410958904, "15": 0.8424657534246576, "16": 0.776595744680851, "17": 0.9657534246575342, "18": 0.7671232876712328, "19": 0.6492146596858639, "20": 0.5375, "21": 0.5657142857142857, "22": 0.5212765957446809, "23": 0.7540322580645161, "24": 0.5989583333333334, "25": 0.2736842105263158, "26": 0.5959595959595959, "27": 0.8229166666666666, "28": 0.7864583333333334, "29": 0.7959183673469388, "30": 0.7638888888888888},
  "recall": 0.6430017125953604,
  "scene_recalls": {"1": 0.5939086294416244, "2": 0.8775510204081632, "3": 0.8078602620087336, "4": 0.6, "5": 0.7418032786885246, "6": 0.7222222222222222, "7": 0.7577319587628866, "8": 0.6564625850340136, "9": 0.5072992700729927, "10": 0.75, "11": 0.8883248730964467, "12": 0.7731958762886598, "13": 0.5844875346260388, "14": 0.5373134328358209, "15": 0.726643598615917, "16": 0.7674418604651163, "17": 0.6073619631901841, "18": 0.4913494809688581, "19": 0.6847058823529412, "20": 0.42424242424242425},
  "targets_count": 6423,
  "tp_count": 4130
}