{
  "gt_count": 6900,
  "mean_obj_recall": 0.09272656688898966,
  "mean_scene_recall": 0.08503346077655131,
  "obj_recalls": {"1": 0.07133243606998654, "2": 0.1360544217687075, "3": 0.13020833333333334, "4": 0.1026936026936027, "5": 0.07368421052631578, "6": 0.01020408163265306, "7": 0.028, "8": 0.06666666666666667, "9": 0.13414634146341464, "10": 0.06293706293706294, "11": 0.022857142857142857, "12": 0.03597122302158273, "13": 0.06428571428571428, "14": 0.13013698630136986, "15": 0.15753424657534246, "16": 0.26063829787234044, "17": 0.5821917808219178, "18": 0.06164383561643835, "19": 0.015706806282722512, "20": 0.008333333333333333, "21": 0.005714285714285714, "22": 0.005319148936170213, "23": 0.03225806451612903, "24": 0.11979166666666667, "25": 0.031578947368421054, "26": 0.020202020202020204, "27": 0.010416666666666666, "28": 0.07291666666666667, "29": 0.07142857142857142, "30": 0.2569444444444444},
  "recall": 0.09388136384866885,
  "scene_recalls": {"1": 0.1116751269035533, "2": 0.034013605442176874, "3": 0.08296943231441048, "4": 0.07179487179487179, "5": 0.0860655737704918, "6": 0.01282051282051282, "7": 0.17268041237113402, "8": 0.01020408163265306, "9": 0.12226277372262774, "10": 0.06944444444444445, "11": 0.07106598984771574, "12": 0.12027491408934708, "13": 0.036011080332409975, "14": 0.011940298507462687, "15": 0.0657439446366782, "16": 0.1834625322997416, "17": 0.08895705521472393, "18": 0.05536332179930796, "19": 0.18588235294117647, "20": 0.1080368906455863},
  "targets_count": 6423,
  "tp_count": 603
}