{
  "gt_count": 6900,
  "mean_obj_recall": 0.06706972563539107,
  "mean_scene_recall": 0.05966655036802304,
  "obj_recalls": {"1": 0.04441453566621804, "2": 0.11337868480725624, "3": 0.10677083333333333, "4": 0.07407407407407407, "5": 0.03684210526315789, "6": 0.0, "7": 0.008, "8": 0.03333333333333333, "9": 0.08536585365853659, "10": 0.013986013986013986, "11": 0.005714285714285714, "12": 0.007194244604316547, "13": 0.04285714285714286, "14": 0.10273972602739725, "15": 0.1095890410958904, "16": 0.2393617021276596, "17": 0.541095890410959, "18": 0.0410958904109589, "19": 0.005235602094240838, "20": 0.0, "21": 0.0, "22": 0.0, "23": 0.020161290322580645, "24": 0.09375, "25": 0.0, "26": 0.0, "27": 0.0, "28": 0.041666666666666664, "29": 0.05102040816326531, "30": 0.19444444444444445},
  "recall": 0.0683481239296279,
  "scene_recalls": {"1": 0.08121827411167512, "2": 0.013605442176870748, "3": 0.03056768558951965, "4": 0.035897435897435895, "5": 0.04918032786885246, "6": 0.0, "7": 0.14948453608247422, "8": 0.0, "9": 0.09854014598540146, "10": 0.059027777777777776, "11": 0.04568527918781726, "12": 0.0859106529209622, "13": 0.013850415512465374, "14": 0.008955223880597015, "15": 0.03806228373702422, "16": 0.16020671834625322, "17": 0.05828220858895705, "18": 0.04152249134948097, "19": 0.14823529411764705, "20": 0.07509881422924901},
  "targets_count": 6423,
  "tp_count": 439
}