{
  "gt_count": 6900,
  "mean_obj_recall": 0.15353606951693166,
  "mean_scene_recall": 0.14258062805689614,
  "obj_recalls": {"1": 0.1117092866756393, "2": 0.18820861678004536, "3": 0.19791666666666666, "4": 0.15824915824915825, "5": 0.12631578947368421, "6": 0.061224489795918366, "7": 0.068, "8": 0.17333333333333334, "9": 0.1991869918699187, "10": 0.1258741258741259, "11": 0.12, "12": 0.11510791366906475, "13": 0.12857142857142856, "14": 0.2191780821917808, "15": 0.2054794520547945, "16": 0.324468085106383, "17": 0.6095890410958904, "18": 0.11643835616438356, "19": 0.08900523560209424, "20": 0.03333333333333333, "21": 0.03428571428571429, "22": 0.02127659574468085, "23": 0.08064516129032258, "24": 0.16666666666666666, "25": 0.05263157894736842, "26": 0.09090909090909091, "27": 0.09375, "28": 0.1875, "29": 0.15306122448979592, "30": 0.3541666666666667},
  "recall": 0.15133115366651098,
  "scene_recalls": {"1": 0.13705583756345177, "2": 0.061224489795918366, "3": 0.14847161572052403, "4": 0.16923076923076924, "5": 0.14344262295081966, "6": 0.09401709401709402, "7": 0.2345360824742268, "8": 0.04421768707482993, "9": 0.1897810218978102, "10": 0.12152777777777778, "11": 0.13705583756345177, "12": 0.1718213058419244, "13": 0.09695290858725762, "14": 0.03582089552238806, "15": 0.17647058823529413, "16": 0.2454780361757106, "17": 0.13803680981595093, "18": 0.09688581314878893, "19": 0.2541176470588235, "20": 0.155467720685112},
  "targets_count": 6423,
  "tp_count": 972
}