{
  "gt_count": 6900,
  "mean_obj_recall": 0.2279318860615243,
  "mean_scene_recall": 0.21550046643086115,
  "obj_recalls": {"1": 0.15881561238223418, "2": 0.24263038548752835, "3": 0.2708333333333333, "4": 0.20875420875420875, "5": 0.19473684210526315, "6": 0.1836734693877551, "7": 0.128, "8": 0.4, "9": 0.27235772357723576, "10": 0.22377622377622378, "11": 0.21142857142857144, "12": 0.19424460431654678, "13": 0.17857142857142858, "14": 0.2602739726027397, "15": 0.2328767123287671, "16": 0.35106382978723405, "17": 0.678082191780822, "18": 0.18493150684931506, "19": 0.225130890052356, "20": 0.10416666666666667, "21": 0.09714285714285714, "22": 0.11702127659574468, "23": 0.125, "24": 0.234375, "25": 0.1368421052631579, "26": 0.15151515151515152, "27": 0.17708333333333334, "28": 0.23958333333333334, "29": 0.22448979591836735, "30": 0.4305555555555556},
  "recall": 0.21952358710882766,
  "scene_recalls": {"1": 0.20304568527918782, "2": 0.14285714285714285, "3": 0.24890829694323144, "4": 0.2512820512820513, "5": 0.20081967213114754, "6": 0.1794871794871795, "7": 0.2912371134020619, "8": 0.11564625850340136, "9": 0.23175182481751824, "10": 0.2013888888888889, "11": 0.29441624365482233, "12": 0.24054982817869416, "13": 0.16897506925207756, "14": 0.11343283582089553, "15": 0.23875432525951557, "16": 0.29457364341085274, "17": 0.17791411042944785, "18": 0.17993079584775087, "19": 0.3176470588235294, "20": 0.21739130434782608},
  "targets_count": 6423,
  "tp_count": 1410
}