{
  "gt_count": 6900,
  "mean_obj_recall": 0.01778644092755143,
  "mean_scene_recall": 0.013221002394481684,
  "obj_recalls": {"1": 0.008075370121130552, "2": 0.015873015873015872, "3": 0.015625, "4": 0.011784511784511785, "5": 0.005263157894736842, "6": 0.0, "7": 0.0, "8": 0.0, "9": 0.0, "10": 0.0, "11": 0.0, "12": 0.0, "13": 0.02142857142857143, "14": 0.0136986301369863, "15": 0.0136986301369863, "16": 0.13829787234042554, "17": 0.17123287671232876, "18": 0.0, "19": 0.0, "20": 0.0, "21": 0.0, "22": 0.0, "23": 0.004032258064516129, "24": 0.010416666666666666, "25": 0.0, "26": 0.0, "27": 0.020833333333333332, "28": 0.0, "29": 0.0, "30": 0.08333333333333333},
  "recall": 0.015880429705744978,
  "scene_recalls": {"1": 0.02030456852791878, "2": 0.0, "3": 0.004366812227074236, "4": 0.0, "5": 0.004098360655737705, "6": 0.0, "7": 0.030927835051546393, "8": 0.003401360544217687, "9": 0.023722627737226276, "10": 0.003472222222222222, "11": 0.0, "12": 0.003436426116838488, "13": 0.0, "14": 0.0029850746268656717, "15": 0.031141868512110725, "16": 0.041343669250646, "17": 0.006134969325153374, "18": 0.006920415224913495, "19": 0.07294117647058823, "20": 0.00922266139657444},
  "targets_count": 6423,
  "tp_count": 102
}