{
  "gt_count": 6900,
  "mean_obj_recall": 0.07967817828944156,
  "mean_scene_recall": 0.07086659325848291,
  "obj_recalls": {"1": 0.06191117092866756, "2": 0.11564625850340136, "3": 0.14322916666666666, "4": 0.06397306397306397, "5": 0.03684210526315789, "6": 0.01020408163265306, "7": 0.024, "8": 0.04666666666666667, "9": 0.06504065040650407, "10": 0.0, "11": 0.03428571428571429, "12": 0.03597122302158273, "13": 0.1, "14": 0.10273972602739725, "15": 0.0821917808219178, "16": 0.2393617021276596, "17": 0.3356164383561644, "18": 0.07534246575342465, "19": 0.031413612565445025, "20": 0.025, "21": 0.022857142857142857, "22": 0.010638297872340425, "23": 0.07661290322580645, "24": 0.0625, "25": 0.08421052631578947, "26": 0.050505050505050504, "27": 0.15625, "28": 0.0625, "29": 0.061224489795918366, "30": 0.1736111111111111},
  "recall": 0.07846800560485755,
  "scene_recalls": {"1": 0.09137055837563451, "2": 0.013605442176870748, "3": 0.07423580786026202, "4": 0.035897435897435895, "5": 0.08196721311475409, "6": 0.029914529914529916, "7": 0.11082474226804123, "8": 0.04081632653061224, "9": 0.10766423357664233, "10": 0.052083333333333336, "11": 0.025380710659898477, "12": 0.08934707903780069, "13": 0.0443213296398892, "14": 0.03283582089552239, "15": 0.10034602076124567, "16": 0.12661498708010335, "17": 0.07668711656441718, "18": 0.03806228373702422, "19": 0.1623529411764706, "20": 0.08300395256916997},
  "targets_count": 6423,
  "tp_count": 504
}