{
  "gt_count": 6900,
  "mean_obj_recall": 0.010290166124128352,
  "mean_scene_recall": 0.00672812402118071,
  "obj_recalls": {"1": 0.0, "2": 0.0045351473922902496, "3": 0.005208333333333333, "4": 0.006734006734006734, "5": 0.0, "6": 0.0, "7": 0.0, "8": 0.0, "9": 0.0, "10": 0.0, "11": 0.0, "12": 0.0, "13": 0.02142857142857143, "14": 0.0136986301369863, "15": 0.00684931506849315, "16": 0.0851063829787234, "17": 0.1095890410958904, "18": 0.0, "19": 0.0, "20": 0.0, "21": 0.0, "22": 0.0, "23": 0.0, "24": 0.0, "25": 0.0, "26": 0.0, "27": 0.020833333333333332, "28": 0.0, "29": 0.0, "30": 0.034722222222222224},
  "recall": 0.00825159582749494,
  "scene_recalls": {"1": 0.015228426395939087, "2": 0.0, "3": 0.0, "4": 0.0, "5": 0.0, "6": 0.0, "7": 0.01804123711340206, "8": 0.0, "9": 0.009124087591240875, "10": 0.0, "11": 0.0, "12": 0.0, "13": 0.0, "14": 0.0, "15": 0.010380622837370242, "16": 0.028423772609819122, "17": 0.0, "18": 0.0, "19": 0.04941176470588235, "20": 0.003952569169960474},
  "targets_count": 6423,
  "tp_count": 53
}