{
  "gt_count": 6900,
  "mean_obj_recall": 0.05763723059127435,
  "mean_scene_recall": 0.05107677298706383,
  "obj_recalls": {"1": 0.05383580080753701, "2": 0.08616780045351474, "3": 0.109375, "4": 0.04882154882154882, "5": 0.02631578947368421, "6": 0.0, "7": 0.012, "8": 0.013333333333333334, "9": 0.04878048780487805, "10": 0.0, "11": 0.005714285714285714, "12": 0.02158273381294964, "13": 0.07857142857142857, "14": 0.0821917808219178, "15": 0.07534246575342465, "16": 0.22340425531914893, "17": 0.2876712328767123, "18": 0.0547945205479452, "19": 0.015706806282722512, "20": 0.0125, "21": 0.005714285714285714, "22": 0.005319148936170213, "23": 0.056451612903225805, "24": 0.057291666666666664, "25": 0.042105263157894736, "26": 0.010101010101010102, "27": 0.07291666666666667, "28": 0.036458333333333336, "29": 0.04081632653061224, "30": 0.14583333333333334},
  "recall": 0.058851004203643156,
  "scene_recalls": {"1": 0.06091370558375635, "2": 0.013605442176870748, "3": 0.039301310043668124, "4": 0.010256410256410256, "5": 0.04918032786885246, "6": 0.004273504273504274, "7": 0.09278350515463918, "8": 0.03741496598639456, "9": 0.08576642335766424, "10": 0.034722222222222224, "11": 0.02030456852791878, "12": 0.061855670103092786, "13": 0.024930747922437674, "14": 0.014925373134328358, "15": 0.06920415224913495, "16": 0.10077519379844961, "17": 0.06748466257668712, "18": 0.020761245674740483, "19": 0.14588235294117646, "20": 0.06719367588932806},
  "targets_count": 6423,
  "tp_count": 378
}