{
  "gt_count": 6900,
  "mean_obj_recall": 0.04450095950219835,
  "mean_scene_recall": 0.03771525929983453,
  "obj_recalls": {"1": 0.039030955585464336, "2": 0.05895691609977324, "3": 0.07552083333333333, "4": 0.02861952861952862, "5": 0.021052631578947368, "6": 0.0, "7": 0.008, "8": 0.006666666666666667, "9": 0.024390243902439025, "10": 0.0, "11": 0.0, "12": 0.007194244604316547, "13": 0.04285714285714286, "14": 0.0684931506849315, "15": 0.07534246575342465, "16": 0.18617021276595744, "17": 0.2671232876712329, "18": 0.0273972602739726, "19": 0.010471204188481676, "20": 0.008333333333333333, "21": 0.005714285714285714, "22": 0.0, "23": 0.04435483870967742, "24": 0.052083333333333336, "25": 0.021052631578947368, "26": 0.010101010101010102, "27": 0.07291666666666667, "28": 0.020833333333333332, "29": 0.02040816326530612, "30": 0.13194444444444445},
  "recall": 0.0437490269344543,
  "scene_recalls": {"1": 0.04060913705583756, "2": 0.013605442176870748, "3": 0.017467248908296942, "4": 0.010256410256410256, "5": 0.03278688524590164, "6": 0.004273504273504274, "7": 0.07474226804123711, "8": 0.034013605442176874, "9": 0.058394160583941604, "10": 0.027777777777777776, "11": 0.01015228426395939, "12": 0.041237113402061855, "13": 0.01662049861495845, "14": 0.005970149253731343, "15": 0.05536332179930796, "16": 0.08785529715762273, "17": 0.03374233128834356, "18": 0.01730103806228374, "19": 0.12470588235294118, "20": 0.04743083003952569},
  "targets_count": 6423,
  "tp_count": 281
}