{
  "gt_count": 6900,
  "mean_obj_recall": 0.1178926799188298,
  "mean_scene_recall": 0.10734588293634306,
  "obj_recalls": {"1": 0.09152086137281291, "2": 0.1383219954648526, "3": 0.1875, "4": 0.09259259259259259, "5": 0.06842105263157895, "6": 0.030612244897959183, "7": 0.048, "8": 0.11333333333333333, "9": 0.11382113821138211, "10": 0.055944055944055944, "11": 0.045714285714285714, "12": 0.06474820143884892, "13": 0.14285714285714285, "14": 0.1232876712328767, "15": 0.0958904109589041, "16": 0.2765957446808511, "17": 0.3698630136986301, "18": 0.13013698630136986, "19": 0.10471204188481675, "20": 0.0625, "21": 0.05142857142857143, "22": 0.026595744680851064, "23": 0.13306451612903225, "24": 0.125, "25": 0.14736842105263157, "26": 0.08080808080808081, "27": 0.21875, "28": 0.08333333333333333, "29": 0.09183673469387756, "30": 0.2222222222222222},
  "recall": 0.11474388914837304,
  "scene_recalls": {"1": 0.116751269035533, "2": 0.04081632653061224, "3": 0.11353711790393013, "4": 0.07179487179487179, "5": 0.13524590163934427, "6": 0.05555555555555555, "7": 0.14175257731958762, "8": 0.05782312925170068, "9": 0.13686131386861314, "10": 0.1111111111111111, "11": 0.07614213197969544, "12": 0.11683848797250859, "13": 0.08310249307479224, "14": 0.08358208955223881, "15": 0.1453287197231834, "16": 0.1731266149870801, "17": 0.11042944785276074, "18": 0.058823529411764705, "19": 0.2023529411764706, "20": 0.11594202898550725},
  "targets_count": 6423,
  "tp_count": 737
}