{
  "gt_count": 6900,
  "mean_obj_recall": 0.0980067994680563,
  "mean_scene_recall": 0.08879230062688745,
  "obj_recalls": {"1": 0.07537012113055182, "2": 0.1360544217687075, "3": 0.16145833333333334, "4": 0.08585858585858586, "5": 0.05263157894736842, "6": 0.01020408163265306, "7": 0.036, "8": 0.07333333333333333, "9": 0.08130081300813008, "10": 0.027972027972027972, "11": 0.04, "12": 0.050359712230215826, "13": 0.11428571428571428, "14": 0.10273972602739725, "15": 0.0958904109589041, "16": 0.26063829787234044, "17": 0.3561643835616438, "18": 0.1095890410958904, "19": 0.08900523560209424, "20": 0.03333333333333333, "21": 0.04, "22": 0.010638297872340425, "23": 0.10483870967741936, "24": 0.078125, "25": 0.11578947368421053, "26": 0.06060606060606061, "27": 0.16666666666666666, "28": 0.078125, "29": 0.09183673469387756, "30": 0.2013888888888889},
  "recall": 0.0966837926202709,
  "scene_recalls": {"1": 0.1065989847715736, "2": 0.02040816326530612, "3": 0.09606986899563319, "4": 0.05128205128205128, "5": 0.10245901639344263, "6": 0.038461538461538464, "7": 0.12628865979381443, "8": 0.05102040816326531, "9": 0.12408759124087591, "10": 0.0763888888888889, "11": 0.05583756345177665, "12": 0.10309278350515463, "13": 0.07479224376731301, "14": 0.04776119402985075, "15": 0.1314878892733564, "16": 0.14728682170542637, "17": 0.08895705521472393, "18": 0.05536332179930796, "19": 0.17411764705882352, "20": 0.10408432147562582},
  "targets_count": 6423,
  "tp_count": 621
}