{
  "gt_count": 6900,
  "mean_obj_recall": 0.1385370267915397,
  "mean_scene_recall": 0.12750084193268363,
  "obj_recalls": {"1": 0.11036339165545088, "2": 0.15419501133786848, "3": 0.203125, "4": 0.09932659932659933, "5": 0.08421052631578947, "6": 0.08163265306122448, "7": 0.08, "8": 0.14666666666666667, "9": 0.13414634146341464, "10": 0.07692307692307693, "11": 0.07428571428571429, "12": 0.07913669064748201, "13": 0.15, "14": 0.1506849315068493, "15": 0.11643835616438356, "16": 0.2765957446808511, "17": 0.3904109589041096, "18": 0.17123287671232876, "19": 0.14136125654450263, "20": 0.075, "21": 0.05714285714285714, "22": 0.06382978723404255, "23": 0.14919354838709678, "24": 0.15104166666666666, "25": 0.14736842105263157, "26": 0.08080808080808081, "27": 0.2604166666666667, "28": 0.09895833333333333, "29": 0.12244897959183673, "30": 0.22916666666666666},
  "recall": 0.1337381286003425,
  "scene_recalls": {"1": 0.12690355329949238, "2": 0.05442176870748299, "3": 0.13100436681222707, "4": 0.09743589743589744, "5": 0.18442622950819673, "6": 0.08974358974358974, "7": 0.16752577319587628, "8": 0.09183673469387756, "9": 0.14416058394160583, "10": 0.1284722222222222, "11": 0.09644670050761421, "12": 0.13402061855670103, "13": 0.09695290858725762, "14": 0.10746268656716418, "15": 0.15916955017301038, "16": 0.1834625322997416, "17": 0.13803680981595093, "18": 0.0726643598615917, "19": 0.21411764705882352, "20": 0.13175230566534915},
  "targets_count": 6423,
  "tp_count": 859
}