{
  "gt_count": 6900,
  "mean_obj_recall": 0.031893859276808385,
  "mean_scene_recall": 0.025610133105790016,
  "obj_recalls": {"1": 0.020188425302826378, "2": 0.045351473922902494, "3": 0.052083333333333336, "4": 0.016835016835016835, "5": 0.015789473684210527, "6": 0.0, "7": 0.0, "8": 0.0, "9": 0.012195121951219513, "10": 0.0, "11": 0.0, "12": 0.0, "13": 0.03571428571428571, "14": 0.04794520547945205, "15": 0.0410958904109589, "16": 0.1702127659574468, "17": 0.22602739726027396, "18": 0.00684931506849315, "19": 0.005235602094240838, "20": 0.004166666666666667, "21": 0.005714285714285714, "22": 0.0, "23": 0.024193548387096774, "24": 0.020833333333333332, "25": 0.0, "26": 0.0, "27": 0.07291666666666667, "28": 0.005208333333333333, "29": 0.01020408163265306, "30": 0.11805555555555555},
  "recall": 0.030203954538377705,
  "scene_recalls": {"1": 0.030456852791878174, "2": 0.0, "3": 0.013100436681222707, "4": 0.0, "5": 0.028688524590163935, "6": 0.0, "7": 0.05154639175257732, "8": 0.02040816326530612, "9": 0.043795620437956206, "10": 0.013888888888888888, "11": 0.005076142131979695, "12": 0.030927835051546393, "13": 0.008310249307479225, "14": 0.0029850746268656717, "15": 0.04498269896193772, "16": 0.06718346253229975, "17": 0.009202453987730062, "18": 0.01384083044982699, "19": 0.0988235294117647, "20": 0.028985507246376812},
  "targets_count": 6423,
  "tp_count": 194
}