{
  "gt_count": 1517,
  "mean_obj_recall": 0.7604531140455829,
  "mean_scene_recall": 0.7660899653979238,
  "obj_recalls": {"1": 0.8857142857142857, "5": 0.9346733668341709, "6": 0.8187134502923976, "8": 0.97, "9": 0.7055555555555556, "10": 0.06111111111111111, "11": 0.7928571428571428, "12": 0.915},
  "recall": 0.7660899653979238,
  "scene_recalls": {"2": 0.7660899653979238},
  "targets_count": 1445,
  "tp_count": 1107
}