{
  "gt_count": 6900,
  "mean_obj_recall": 0.2605727770416688,
  "mean_scene_recall": 0.25101911541903404,
  "obj_recalls": {"1": 0.1480484522207268, "2": 0.2947845804988662, "3": 0.3177083333333333, "4": 0.21043771043771045, "5": 0.0, "6": 0.29591836734693877, "7": 0.232, "8": 0.5, "9": 0.6300813008130082, "10": 0.5314685314685315, "11": 0.21142857142857144, "12": 0.23741007194244604, "13": 0.2357142857142857, "14": 0.5342465753424658, "15": 0.10273972602739725, "16": 0.4787234042553192, "17": 0.7465753424657534, "18": 0.15753424657534246, "19": 0.13612565445026178, "20": 0.06666666666666667, "21": 0.08, "22": 0.18085106382978725, "23": 0.3225806451612903, "24": 0.1875, "25": 0.10526315789473684, "26": 0.35353535353535354, "27": 0.041666666666666664, "28": 0.16666666666666666, "29": 0.21428571428571427, "30": 0.09722222222222222},
  "recall": 0.25221858944418496,
  "scene_recalls": {"1": 0.12690355329949238, "2": 0.19727891156462585, "3": 0.24017467248908297, "4": 0.2358974358974359, "5": 0.28688524590163933, "6": 0.2264957264957265, "7": 0.37628865979381443, "8": 0.09863945578231292, "9": 0.22992700729927007, "10": 0.3090277777777778, "11": 0.48223350253807107, "12": 0.3711340206185567, "13": 0.0997229916897507, "14": 0.16417910447761194, "15": 0.15916955017301038, "16": 0.4599483204134367, "17": 0.27300613496932513, "18": 0.2041522491349481, "19": 0.23294117647058823, "20": 0.2463768115942029},
  "targets_count": 6423,
  "tp_count": 1620
}