{
  "gt_count": 6900,
  "mean_obj_recall": 0.3183692074651781,
  "mean_scene_recall": 0.309075305891417,
  "obj_recalls": {"1": 0.1911170928667564, "2": 0.3242630385487528, "3": 0.3567708333333333, "4": 0.25757575757575757, "5": 0.0, "6": 0.3469387755102041, "7": 0.36, "8": 0.6266666666666667, "9": 0.6869918699186992, "10": 0.6223776223776224, "11": 0.33714285714285713, "12": 0.381294964028777, "13": 0.2714285714285714, "14": 0.5547945205479452, "15": 0.11643835616438356, "16": 0.4946808510638298, "17": 0.7602739726027398, "18": 0.22602739726027396, "19": 0.225130890052356, "20": 0.1, "21": 0.14285714285714285, "22": 0.23404255319148937, "23": 0.4274193548387097, "24": 0.22916666666666666, "25": 0.1368421052631579, "26": 0.43434343434343436, "27": 0.08333333333333333, "28": 0.1875, "29": 0.25510204081632654, "30": 0.18055555555555555},
  "recall": 0.3071773314650475,
  "scene_recalls": {"1": 0.16243654822335024, "2": 0.2789115646258503, "3": 0.3056768558951965, "4": 0.3128205128205128, "5": 0.3442622950819672, "6": 0.3333333333333333, "7": 0.40463917525773196, "8": 0.15306122448979592, "9": 0.2773722627737226, "10": 0.3611111111111111, "11": 0.5329949238578681, "12": 0.41924398625429554, "13": 0.1523545706371191, "14": 0.2507462686567164, "15": 0.22145328719723184, "16": 0.524547803617571, "17": 0.3220858895705521, "18": 0.2629757785467128, "19": 0.27294117647058824, "20": 0.2885375494071146},
  "targets_count": 6423,
  "tp_count": 1973
}