{
  "gt_count": 6900,
  "mean_obj_recall": 0.2294972283758652,
  "mean_scene_recall": 0.21914034393184814,
  "obj_recalls": {"1": 0.11574697173620457, "2": 0.2653061224489796, "3": 0.2864583333333333, "4": 0.17003367003367004, "5": 0.0, "6": 0.2653061224489796, "7": 0.212, "8": 0.44666666666666666, "9": 0.5934959349593496, "10": 0.46153846153846156, "11": 0.13714285714285715, "12": 0.15827338129496402, "13": 0.18571428571428572, "14": 0.5205479452054794, "15": 0.10273972602739725, "16": 0.46808510638297873, "17": 0.7328767123287672, "18": 0.136986301369863, "19": 0.10471204188481675, "20": 0.0375, "21": 0.05142857142857143, "22": 0.14893617021276595, "23": 0.25806451612903225, "24": 0.16666666666666666, "25": 0.10526315789473684, "26": 0.30303030303030304, "27": 0.03125, "28": 0.13541666666666666, "29": 0.21428571428571427, "30": 0.06944444444444445},
  "recall": 0.2198349680834501,
  "scene_recalls": {"1": 0.1116751269035533, "2": 0.1836734693877551, "3": 0.1965065502183406, "4": 0.20512820512820512, "5": 0.23770491803278687, "6": 0.16666666666666666, "7": 0.3479381443298969, "8": 0.07142857142857142, "9": 0.20255474452554745, "10": 0.2708333333333333, "11": 0.4517766497461929, "12": 0.3470790378006873, "13": 0.0664819944598338, "14": 0.11940298507462686, "15": 0.14186851211072665, "16": 0.4134366925064599, "17": 0.24539877300613497, "18": 0.17993079584775087, "19": 0.2164705882352941, "20": 0.20685111989459815},
  "targets_count": 6423,
  "tp_count": 1412
}