{
  "gt_count": 6900,
  "mean_obj_recall": 0.07564966160735138,
  "mean_scene_recall": 0.06837578824981663,
  "obj_recalls": {"1": 0.017496635262449527, "2": 0.08390022675736962, "3": 0.078125, "4": 0.03535353535353535, "5": 0.0, "6": 0.09183673469387756, "7": 0.028, "8": 0.17333333333333334, "9": 0.3902439024390244, "10": 0.006993006993006993, "11": 0.0, "12": 0.0, "13": 0.007142857142857143, "14": 0.2191780821917808, "15": 0.02054794520547945, "16": 0.30319148936170215, "17": 0.4863013698630137, "18": 0.0, "19": 0.015706806282722512, "20": 0.008333333333333333, "21": 0.0, "22": 0.026595744680851064, "23": 0.07258064516129033, "24": 0.020833333333333332, "25": 0.0, "26": 0.050505050505050504, "27": 0.0, "28": 0.03125, "29": 0.10204081632653061, "30": 0.0},
  "recall": 0.07115055270122995,
  "scene_recalls": {"1": 0.01015228426395939, "2": 0.05442176870748299, "3": 0.048034934497816595, "4": 0.035897435897435895, "5": 0.036885245901639344, "6": 0.008547008547008548, "7": 0.15979381443298968, "8": 0.003401360544217687, "9": 0.06569343065693431, "10": 0.0625, "11": 0.19796954314720813, "12": 0.09278350515463918, "13": 0.002770083102493075, "14": 0.03582089552238806, "15": 0.04844290657439446, "16": 0.165374677002584, "17": 0.08588957055214724, "18": 0.09342560553633218, "19": 0.09647058823529411, "20": 0.06324110671936758},
  "targets_count": 6423,
  "tp_count": 457
}