{
  "gt_count": 6900,
  "mean_obj_recall": 0.1906402826674457,
  "mean_scene_recall": 0.1794537190169319,
  "obj_recalls": {"1": 0.07940780619111709, "2": 0.23582766439909297, "3": 0.23177083333333334, "4": 0.12794612794612795, "5": 0.0, "6": 0.20408163265306123, "7": 0.176, "8": 0.38666666666666666, "9": 0.5650406504065041, "10": 0.32867132867132864, "11": 0.05714285714285714, "12": 0.07913669064748201, "13": 0.14285714285714285, "14": 0.4931506849315068, "15": 0.0958904109589041, "16": 0.4574468085106383, "17": 0.7123287671232876, "18": 0.07534246575342465, "19": 0.07329842931937172, "20": 0.029166666666666667, "21": 0.03428571428571429, "22": 0.11170212765957446, "23": 0.20161290322580644, "24": 0.140625, "25": 0.06315789473684211, "26": 0.26262626262626265, "27": 0.020833333333333332, "28": 0.10416666666666667, "29": 0.17346938775510204, "30": 0.05555555555555555},
  "recall": 0.18184648917951113,
  "scene_recalls": {"1": 0.06598984771573604, "2": 0.14965986394557823, "3": 0.13537117903930132, "4": 0.18461538461538463, "5": 0.1721311475409836, "6": 0.09829059829059829, "7": 0.31958762886597936, "8": 0.05102040816326531, "9": 0.16970802919708028, "10": 0.22916666666666666, "11": 0.39086294416243655, "12": 0.3024054982817869, "13": 0.05263157894736842, "14": 0.07761194029850746, "15": 0.11418685121107267, "16": 0.35142118863049093, "17": 0.19631901840490798, "18": 0.15916955017301038, "19": 0.1976470588235294, "20": 0.1712779973649539},
  "targets_count": 6423,
  "tp_count": 1168
}