{
  "gt_count": 6900,
  "mean_obj_recall": 0.1415701121316603,
  "mean_scene_recall": 0.1310139883839013,
  "obj_recalls": {"1": 0.04979811574697174, "2": 0.18140589569160998, "3": 0.1640625, "4": 0.07407407407407407, "5": 0.0, "6": 0.16326530612244897, "7": 0.112, "8": 0.29333333333333333, "9": 0.516260162601626, "10": 0.1258741258741259, "11": 0.011428571428571429, "12": 0.014388489208633094, "13": 0.09285714285714286, "14": 0.4383561643835616, "15": 0.0821917808219178, "16": 0.4148936170212766, "17": 0.6575342465753424, "18": 0.02054794520547945, "19": 0.041884816753926704, "20": 0.029166666666666667, "21": 0.011428571428571429, "22": 0.06382978723404255, "23": 0.14919354838709678, "24": 0.0625, "25": 0.021052631578947368, "26": 0.20202020202020202, "27": 0.010416666666666666, "28": 0.0625, "29": 0.15306122448979592, "30": 0.027777777777777776},
  "recall": 0.1337381286003425,
  "scene_recalls": {"1": 0.025380710659898477, "2": 0.12244897959183673, "3": 0.07860262008733625, "4": 0.13333333333333333, "5": 0.10245901639344263, "6": 0.04700854700854701, "7": 0.2809278350515464, "8": 0.023809523809523808, "9": 0.12773722627737227, "10": 0.1423611111111111, "11": 0.30456852791878175, "12": 0.21305841924398625, "13": 0.038781163434903045, "14": 0.05373134328358209, "15": 0.08650519031141868, "16": 0.26356589147286824, "17": 0.1411042944785276, "18": 0.14878892733564014, "19": 0.17411764705882352, "20": 0.11198945981554677},
  "targets_count": 6423,
  "tp_count": 859
}