{
  "gt_count": 6900,
  "mean_obj_recall": 0.2801101139436884,
  "mean_scene_recall": 0.2716401492311428,
  "obj_recalls": {"1": 0.16689098250336473, "2": 0.30612244897959184, "3": 0.3333333333333333, "4": 0.234006734006734, "5": 0.0, "6": 0.30612244897959184, "7": 0.28, "8": 0.5466666666666666, "9": 0.6463414634146342, "10": 0.5804195804195804, "11": 0.2571428571428571, "12": 0.302158273381295, "13": 0.2357142857142857, "14": 0.541095890410959, "15": 0.1095890410958904, "16": 0.48936170212765956, "17": 0.7465753424657534, "18": 0.1643835616438356, "19": 0.16230366492146597, "20": 0.06666666666666667, "21": 0.09714285714285714, "22": 0.19148936170212766, "23": 0.34274193548387094, "24": 0.203125, "25": 0.11578947368421053, "26": 0.3838383838383838, "27": 0.041666666666666664, "28": 0.18229166666666666, "29": 0.22448979591836735, "30": 0.14583333333333334},
  "recall": 0.27167990035808814,
  "scene_recalls": {"1": 0.14213197969543148, "2": 0.23129251700680273, "3": 0.2576419213973799, "4": 0.26666666666666666, "5": 0.3155737704918033, "6": 0.2692307692307692, "7": 0.38144329896907214, "8": 0.11224489795918367, "9": 0.25547445255474455, "10": 0.3229166666666667, "11": 0.5025380710659898, "12": 0.3917525773195876, "13": 0.11357340720221606, "14": 0.1791044776119403, "15": 0.17647058823529413, "16": 0.48578811369509045, "17": 0.29141104294478526, "18": 0.22491349480968859, "19": 0.25176470588235295, "20": 0.2608695652173913},
  "targets_count": 6423,
  "tp_count": 1745
}