{
  "gt_count": 6900,
  "mean_obj_recall": 0.3325890854421624,
  "mean_scene_recall": 0.32294588581826994,
  "obj_recalls": {"1": 0.19380888290713325, "2": 0.32653061224489793, "3": 0.3671875, "4": 0.265993265993266, "5": 0.0, "6": 0.35714285714285715, "7": 0.388, "8": 0.6533333333333333, "9": 0.6951219512195121, "10": 0.6223776223776224, "11": 0.3657142857142857, "12": 0.38848920863309355, "13": 0.2857142857142857, "14": 0.5616438356164384, "15": 0.13013698630136986, "16": 0.5, "17": 0.7671232876712328, "18": 0.2465753424657534, "19": 0.2356020942408377, "20": 0.125, "21": 0.1657142857142857, "22": 0.2712765957446808, "23": 0.45564516129032256, "24": 0.23958333333333334, "25": 0.14736842105263157, "26": 0.48484848484848486, "27": 0.09375, "28": 0.1875, "29": 0.25510204081632654, "30": 0.2013888888888889},
  "recall": 0.31963257044994553,
  "scene_recalls": {"1": 0.17766497461928935, "2": 0.2857142857142857, "3": 0.32751091703056767, "4": 0.3435897435897436, "5": 0.35655737704918034, "6": 0.36324786324786323, "7": 0.4097938144329897, "8": 0.19727891156462585, "9": 0.28102189781021897, "10": 0.3715277777777778, "11": 0.5329949238578681, "12": 0.4261168384879725, "13": 0.17174515235457063, "14": 0.2626865671641791, "15": 0.23183391003460208, "16": 0.5322997416020672, "17": 0.3343558282208589, "18": 0.2768166089965398, "19": 0.2823529411764706, "20": 0.2938076416337286},
  "targets_count": 6423,
  "tp_count": 2053
}