{
  "gt_count": 6900,
  "mean_obj_recall": 0.3021150265856957,
  "mean_scene_recall": 0.2933968283264857,
  "obj_recalls": {"1": 0.1816958277254374, "2": 0.31519274376417233, "3": 0.3489583333333333, "4": 0.2441077441077441, "5": 0.0, "6": 0.32653061224489793, "7": 0.328, "8": 0.58, "9": 0.6666666666666666, "10": 0.6013986013986014, "11": 0.32, "12": 0.3669064748201439, "13": 0.25, "14": 0.547945205479452, "15": 0.11643835616438356, "16": 0.4946808510638298, "17": 0.7534246575342466, "18": 0.2054794520547945, "19": 0.20418848167539266, "20": 0.0875, "21": 0.11428571428571428, "22": 0.2074468085106383, "23": 0.39919354838709675, "24": 0.21354166666666666, "25": 0.12631578947368421, "26": 0.41414141414141414, "27": 0.0625, "28": 0.18229166666666666, "29": 0.24489795918367346, "30": 0.1597222222222222},
  "recall": 0.2920753541958586,
  "scene_recalls": {"1": 0.15228426395939088, "2": 0.2585034013605442, "3": 0.29694323144104806, "4": 0.2923076923076923, "5": 0.3401639344262295, "6": 0.31196581196581197, "7": 0.39948453608247425, "8": 0.1360544217687075, "9": 0.26824817518248173, "10": 0.3506944444444444, "11": 0.5126903553299492, "12": 0.4054982817869416, "13": 0.13019390581717452, "14": 0.2208955223880597, "15": 0.1972318339100346, "16": 0.5116279069767442, "17": 0.3067484662576687, "18": 0.2422145328719723, "19": 0.25882352941176473, "20": 0.2753623188405797},
  "targets_count": 6423,
  "tp_count": 1876
}