{
  "gt_count": 6900,
  "mean_obj_recall": 0.15493959247209219,
  "mean_scene_recall": 0.14578982570740373,
  "obj_recalls": {"1": 0.29071332436069985, "2": 0.36281179138321995, "3": 0.28125, "4": 0.2946127946127946, "5": 0.015789473684210527, "6": 0.02040816326530612, "7": 0.0, "8": 0.006666666666666667, "9": 0.028455284552845527, "10": 0.04895104895104895, "11": 0.07428571428571429, "12": 0.03597122302158273, "13": 0.42857142857142855, "14": 0.4657534246575342, "15": 0.5068493150684932, "16": 0.6063829787234043, "17": 0.4315068493150685, "18": 0.0, "19": 0.10471204188481675, "20": 0.020833333333333332, "21": 0.011428571428571429, "22": 0.005319148936170213, "23": 0.056451612903225805, "24": 0.18229166666666666, "25": 0.031578947368421054, "26": 0.0, "27": 0.0, "28": 0.0, "29": 0.01020408163265306, "30": 0.3263888888888889},
  "recall": 0.18745134672271524,
  "scene_recalls": {"1": 0.14720812182741116, "2": 0.013605442176870748, "3": 0.048034934497816595, "4": 0.005128205128205128, "5": 0.11475409836065574, "6": 0.029914529914529916, "7": 0.36082474226804123, "8": 0.05782312925170068, "9": 0.3029197080291971, "10": 0.11805555555555555, "11": 0.03553299492385787, "12": 0.2027491408934708, "13": 0.0221606648199446, "14": 0.026865671641791045, "15": 0.04152249134948097, "16": 0.3178294573643411, "17": 0.20245398773006135, "18": 0.12802768166089964, "19": 0.3411764705882353, "20": 0.39920948616600793},
  "targets_count": 6423,
  "tp_count": 1204
}