{
  "gt_count": 6900,
  "mean_obj_recall": 0.17899725100721395,
  "mean_scene_recall": 0.17173241232251063,
  "obj_recalls": {"1": 0.3297442799461642, "2": 0.4126984126984127, "3": 0.328125, "4": 0.3282828282828283, "5": 0.021052631578947368, "6": 0.02040816326530612, "7": 0.0, "8": 0.013333333333333334, "9": 0.04065040650406504, "10": 0.06293706293706294, "11": 0.15428571428571428, "12": 0.05755395683453238, "13": 0.4785714285714286, "14": 0.4726027397260274, "15": 0.5616438356164384, "16": 0.6170212765957447, "17": 0.4726027397260274, "18": 0.00684931506849315, "19": 0.13089005235602094, "20": 0.0375, "21": 0.02857142857142857, "22": 0.015957446808510637, "23": 0.09274193548387097, "24": 0.22395833333333334, "25": 0.06315789473684211, "26": 0.010101010101010102, "27": 0.0, "28": 0.010416666666666666, "29": 0.01020408163265306, "30": 0.3680555555555556},
  "recall": 0.21563132492604703,
  "scene_recalls": {"1": 0.19796954314720813, "2": 0.013605442176870748, "3": 0.07860262008733625, "4": 0.02564102564102564, "5": 0.11475409836065574, "6": 0.06837606837606838, "7": 0.3943298969072165, "8": 0.08163265306122448, "9": 0.3375912408759124, "10": 0.14930555555555555, "11": 0.050761421319796954, "12": 0.23024054982817868, "13": 0.04155124653739612, "14": 0.050746268656716415, "15": 0.05536332179930796, "16": 0.3488372093023256, "17": 0.2331288343558282, "18": 0.16262975778546712, "19": 0.35294117647058826, "20": 0.44664031620553357},
  "targets_count": 6423,
  "tp_count": 1385
}