{
  "gt_count": 6900,
  "mean_obj_recall": 0.0782636401543126,
  "mean_scene_recall": 0.06838021193664143,
  "obj_recalls": {"1": 0.1278600269179004, "2": 0.18594104308390022, "3": 0.15885416666666666, "4": 0.1127946127946128, "5": 0.0, "6": 0.0, "7": 0.0, "8": 0.0, "9": 0.0, "10": 0.006993006993006993, "11": 0.005714285714285714, "12": 0.007194244604316547, "13": 0.2714285714285714, "14": 0.23972602739726026, "15": 0.2602739726027397, "16": 0.43617021276595747, "17": 0.2328767123287671, "18": 0.0, "19": 0.020942408376963352, "20": 0.0, "21": 0.005714285714285714, "22": 0.0, "23": 0.008064516129032258, "24": 0.07291666666666667, "25": 0.0, "26": 0.0, "27": 0.0, "28": 0.0, "29": 0.0, "30": 0.19444444444444445},
  "recall": 0.09092324458975556,
  "scene_recalls": {"1": 0.08121827411167512, "2": 0.0, "3": 0.004366812227074236, "4": 0.0, "5": 0.02459016393442623, "6": 0.004273504273504274, "7": 0.23969072164948454, "8": 0.003401360544217687, "9": 0.16970802919708028, "10": 0.05555555555555555, "11": 0.005076142131979695, "12": 0.09965635738831616, "13": 0.00554016620498615, "14": 0.0029850746268656717, "15": 0.020761245674740483, "16": 0.17571059431524547, "17": 0.07975460122699386, "18": 0.03806228373702422, "19": 0.17411764705882352, "20": 0.1831357048748353},
  "targets_count": 6423,
  "tp_count": 584
}