{
  "gt_count": 6900,
  "mean_obj_recall": 0.10916739175949446,
  "mean_scene_recall": 0.09889275876649041,
  "obj_recalls": {"1": 0.19246298788694483, "2": 0.26077097505668934, "3": 0.21354166666666666, "4": 0.19696969696969696, "5": 0.010526315789473684, "6": 0.0, "7": 0.0, "8": 0.006666666666666667, "9": 0.0, "10": 0.013986013986013986, "11": 0.02857142857142857, "12": 0.007194244604316547, "13": 0.3357142857142857, "14": 0.3356164383561644, "15": 0.3972602739726027, "16": 0.5, "17": 0.3561643835616438, "18": 0.0, "19": 0.031413612565445025, "20": 0.0, "21": 0.005714285714285714, "22": 0.0, "23": 0.016129032258064516, "24": 0.13020833333333334, "25": 0.0, "26": 0.0, "27": 0.0, "28": 0.0, "29": 0.0, "30": 0.2361111111111111},
  "recall": 0.13046862836680678,
  "scene_recalls": {"1": 0.09137055837563451, "2": 0.0, "3": 0.017467248908296942, "4": 0.0, "5": 0.04918032786885246, "6": 0.017094017094017096, "7": 0.3015463917525773, "8": 0.017006802721088437, "9": 0.24087591240875914, "10": 0.0763888888888889, "11": 0.015228426395939087, "12": 0.140893470790378, "13": 0.00554016620498615, "14": 0.005970149253731343, "15": 0.02768166089965398, "16": 0.24289405684754523, "17": 0.1441717791411043, "18": 0.0726643598615917, "19": 0.24705882352941178, "20": 0.2648221343873518},
  "targets_count": 6423,
  "tp_count": 838
}