{
  "gt_count": 6900,
  "mean_obj_recall": 0.0395245324601997,
  "mean_scene_recall": 0.03221988721211831,
  "obj_recalls": {"1": 0.034993270524899055, "2": 0.08390022675736962, "3": 0.09635416666666667, "4": 0.045454545454545456, "5": 0.0, "6": 0.0, "7": 0.0, "8": 0.0, "9": 0.0, "10": 0.0, "11": 0.005714285714285714, "12": 0.0, "13": 0.18571428571428572, "14": 0.07534246575342465, "15": 0.14383561643835616, "16": 0.2978723404255319, "17": 0.07534246575342465, "18": 0.0, "19": 0.005235602094240838, "20": 0.0, "21": 0.0, "22": 0.0, "23": 0.004032258064516129, "24": 0.041666666666666664, "25": 0.0, "26": 0.0, "27": 0.0, "28": 0.0, "29": 0.0, "30": 0.09027777777777778},
  "recall": 0.04297057449789818,
  "scene_recalls": {"1": 0.030456852791878174, "2": 0.0, "3": 0.0, "4": 0.0, "5": 0.0, "6": 0.004273504273504274, "7": 0.14175257731958762, "8": 0.003401360544217687, "9": 0.09306569343065693, "10": 0.027777777777777776, "11": 0.0, "12": 0.03436426116838488, "13": 0.002770083102493075, "14": 0.0, "15": 0.010380622837370242, "16": 0.10077519379844961, "17": 0.03067484662576687, "18": 0.01384083044982699, "19": 0.08235294117647059, "20": 0.06851119894598155},
  "targets_count": 6423,
  "tp_count": 276
}