{
  "gt_count": 6900,
  "mean_obj_recall": 0.2037674409422137,
  "mean_scene_recall": 0.19968177726923722,
  "obj_recalls": {"1": 0.3835800807537012, "2": 0.4376417233560091, "3": 0.3671875, "4": 0.38047138047138046, "5": 0.03684210526315789, "6": 0.02040816326530612, "7": 0.004, "8": 0.013333333333333334, "9": 0.07317073170731707, "10": 0.09090909090909091, "11": 0.19428571428571428, "12": 0.07913669064748201, "13": 0.5071428571428571, "14": 0.5136986301369864, "15": 0.6095890410958904, "16": 0.6382978723404256, "17": 0.5068493150684932, "18": 0.02054794520547945, "19": 0.14659685863874344, "20": 0.06666666666666667, "21": 0.04, "22": 0.031914893617021274, "23": 0.12096774193548387, "24": 0.28125, "25": 0.08421052631578947, "26": 0.010101010101010102, "27": 0.0, "28": 0.020833333333333332, "29": 0.030612244897959183, "30": 0.4027777777777778},
  "recall": 0.24599096995173594,
  "scene_recalls": {"1": 0.22842639593908629, "2": 0.02040816326530612, "3": 0.09606986899563319, "4": 0.035897435897435895, "5": 0.15163934426229508, "6": 0.09401709401709402, "7": 0.4252577319587629, "8": 0.1054421768707483, "9": 0.3759124087591241, "10": 0.19791666666666666, "11": 0.06091370558375635, "12": 0.27491408934707906, "13": 0.04986149584487535, "14": 0.07164179104477612, "15": 0.0657439446366782, "16": 0.37467700258397935, "17": 0.26993865030674846, "18": 0.21453287197231835, "19": 0.39294117647058824, "20": 0.4874835309617918},
  "targets_count": 6423,
  "tp_count": 1580
}