{
  "gt_count": 6900,
  "mean_obj_recall": 0.1298793901631093,
  "mean_scene_recall": 0.11995668389393566,
  "obj_recalls": {"1": 0.2395693135935397, "2": 0.3129251700680272, "3": 0.2604166666666667, "4": 0.23905723905723905, "5": 0.010526315789473684, "6": 0.0, "7": 0.0, "8": 0.006666666666666667, "9": 0.0040650406504065045, "10": 0.02097902097902098, "11": 0.05714285714285714, "12": 0.02158273381294964, "13": 0.37857142857142856, "14": 0.3972602739726027, "15": 0.4589041095890411, "16": 0.5478723404255319, "17": 0.3904109589041096, "18": 0.0, "19": 0.05759162303664921, "20": 0.0125, "21": 0.005714285714285714, "22": 0.0, "23": 0.028225806451612902, "24": 0.140625, "25": 0.021052631578947368, "26": 0.0, "27": 0.0, "28": 0.0, "29": 0.0, "30": 0.2847222222222222},
  "recall": 0.1569360112097151,
  "scene_recalls": {"1": 0.1218274111675127, "2": 0.0, "3": 0.034934497816593885, "4": 0.0, "5": 0.06967213114754098, "6": 0.021367521367521368, "7": 0.3324742268041237, "8": 0.03741496598639456, "9": 0.26824817518248173, "10": 0.08333333333333333, "11": 0.02030456852791878, "12": 0.17869415807560138, "13": 0.013850415512465374, "14": 0.008955223880597015, "15": 0.03460207612456748, "16": 0.2868217054263566, "17": 0.18098159509202455, "18": 0.08996539792387544, "19": 0.2823529411764706, "20": 0.3333333333333333},
  "targets_count": 6423,
  "tp_count": 1008
}