{
  "gt_count": 6900,
  "mean_obj_recall": 0.23493885796373842,
  "mean_scene_recall": 0.23544487332677208,
  "obj_recalls": {"1": 0.46837146702557203, "2": 0.5011337868480725, "3": 0.4088541666666667, "4": 0.4292929292929293, "5": 0.06315789473684211, "6": 0.04081632653061224, "7": 0.008, "8": 0.02, "9": 0.11788617886178862, "10": 0.14685314685314685, "11": 0.22285714285714286, "12": 0.1079136690647482, "13": 0.5642857142857143, "14": 0.5547945205479452, "15": 0.636986301369863, "16": 0.675531914893617, "17": 0.5342465753424658, "18": 0.0410958904109589, "19": 0.17277486910994763, "20": 0.09583333333333334, "21": 0.05142857142857143, "22": 0.047872340425531915, "23": 0.14919354838709678, "24": 0.3177083333333333, "25": 0.09473684210526316, "26": 0.030303030303030304, "27": 0.010416666666666666, "28": 0.026041666666666668, "29": 0.030612244897959183, "30": 0.4791666666666667},
  "recall": 0.2852249727541647,
  "scene_recalls": {"1": 0.26903553299492383, "2": 0.034013605442176874, "3": 0.11790393013100436, "4": 0.07179487179487179, "5": 0.18442622950819673, "6": 0.11965811965811966, "7": 0.4536082474226804, "8": 0.15306122448979592, "9": 0.45255474452554745, "10": 0.2152777777777778, "11": 0.1116751269035533, "12": 0.3127147766323024, "13": 0.06371191135734072, "14": 0.08955223880597014, "15": 0.08304498269896193, "16": 0.3979328165374677, "17": 0.31901840490797545, "18": 0.2629757785467128, "19": 0.4541176470588235, "20": 0.5428194993412385},
  "targets_count": 6423,
  "tp_count": 1832
}