{
  "gt_count": 6900,
  "mean_obj_recall": 0.2692581859362202,
  "mean_scene_recall": 0.2780800323001958,
  "obj_recalls": {"1": 0.5908479138627187, "2": 0.5532879818594104, "3": 0.4661458333333333, "4": 0.4831649831649832, "5": 0.07368421052631578, "6": 0.061224489795918366, "7": 0.016, "8": 0.02, "9": 0.15447154471544716, "10": 0.20279720279720279, "11": 0.3142857142857143, "12": 0.12949640287769784, "13": 0.6285714285714286, "14": 0.5821917808219178, "15": 0.684931506849315, "16": 0.6968085106382979, "17": 0.5684931506849316, "18": 0.0547945205479452, "19": 0.21465968586387435, "20": 0.14166666666666666, "21": 0.08, "22": 0.0797872340425532, "23": 0.17338709677419356, "24": 0.34375, "25": 0.11578947368421053, "26": 0.030303030303030304, "27": 0.010416666666666666, "28": 0.03125, "29": 0.04081632653061224, "30": 0.5347222222222222},
  "recall": 0.33099797602366493,
  "scene_recalls": {"1": 0.3147208121827411, "2": 0.05442176870748299, "3": 0.14847161572052403, "4": 0.07692307692307693, "5": 0.27459016393442626, "6": 0.15384615384615385, "7": 0.5257731958762887, "8": 0.19727891156462585, "9": 0.5200729927007299, "10": 0.2569444444444444, "11": 0.1319796954314721, "12": 0.36082474226804123, "13": 0.08033240997229917, "14": 0.11343283582089553, "15": 0.10034602076124567, "16": 0.4418604651162791, "17": 0.3773006134969325, "18": 0.34256055363321797, "19": 0.49176470588235294, "20": 0.5981554677206851},
  "targets_count": 6423,
  "tp_count": 2126
}