{
  "gt_count": 6900,
  "mean_obj_recall": 0.008738822856507225,
  "mean_scene_recall": 0.006534789592306581,
  "obj_recalls": {"1": 0.004037685060565276, "2": 0.015873015873015872, "3": 0.010416666666666666, "4": 0.005050505050505051, "5": 0.0, "6": 0.0, "7": 0.0, "8": 0.0, "9": 0.0, "10": 0.0, "11": 0.0, "12": 0.0, "13": 0.05, "14": 0.0136986301369863, "15": 0.0273972602739726, "16": 0.10106382978723404, "17": 0.00684931506849315, "18": 0.0, "19": 0.0, "20": 0.0, "21": 0.0, "22": 0.0, "23": 0.0, "24": 0.0, "25": 0.0, "26": 0.0, "27": 0.0, "28": 0.0, "29": 0.0, "30": 0.027777777777777776},
  "recall": 0.008407286314806165,
  "scene_recalls": {"1": 0.01015228426395939, "2": 0.0, "3": 0.0, "4": 0.0, "5": 0.0, "6": 0.0, "7": 0.041237113402061855, "8": 0.0, "9": 0.01824817518248175, "10": 0.0, "11": 0.0, "12": 0.0, "13": 0.0, "14": 0.0, "15": 0.006920415224913495, "16": 0.031007751937984496, "17": 0.0, "18": 0.0034602076124567475, "19": 0.011764705882352941, "20": 0.007905138339920948},
  "targets_count": 6423,
  "tp_count": 54
}