{
  "gt_count": 1517,
  "mean_obj_recall": 0.6493742181038862,
  "mean_scene_recall": 0.6477508650519032,
  "obj_recalls": {"1": 0.6971428571428572, "5": 0.8341708542713567, "6": 0.7894736842105263, "8": 0.245, "9": 0.6722222222222223, "10": 0.40555555555555556, "11": 0.6714285714285714, "12": 0.88},
  "recall": 0.6477508650519032,
  "scene_recalls": {"2": 0.6477508650519032},
  "targets_count": 1445,
  "tp_count": 936
}