{
  "gt_count": 1517,
  "mean_obj_recall": 0.4166751678190451,
  "mean_scene_recall": 0.41522491349480967,
  "obj_recalls": {"1": 0.5085714285714286, "5": 0.4271356783919598, "6": 0.5380116959064327, "8": 0.105, "9": 0.6111111111111112, "10": 0.3, "11": 0.32857142857142857, "12": 0.515},
  "recall": 0.41522491349480967,
  "scene_recalls": {"2": 0.41522491349480967},
  "targets_count": 1445,
  "tp_count": 600
}