{
  "gt_count": 1517,
  "mean_obj_recall": 0.04888837462164625,
  "mean_scene_recall": 0.04844290657439446,
  "obj_recalls": {"1": 0.045714285714285714, "5": 0.005025125628140704, "6": 0.09941520467836257, "8": 0.01, "9": 0.10555555555555556, "10": 0.06111111111111111, "11": 0.014285714285714285, "12": 0.05},
  "recall": 0.04844290657439446,
  "scene_recalls": {"2": 0.04844290657439446},
  "targets_count": 1445,
  "tp_count": 70
}