{
  "gt_count": 1517,
  "mean_obj_recall": 0.2159750060872449,
  "mean_scene_recall": 0.21522491349480968,
  "obj_recalls": {"1": 0.2571428571428571, "5": 0.11055276381909548, "6": 0.32748538011695905, "8": 0.035, "9": 0.3611111111111111, "10": 0.2222222222222222, "11": 0.11428571428571428, "12": 0.3},
  "recall": 0.21522491349480968,
  "scene_recalls": {"2": 0.21522491349480968},
  "targets_count": 1445,
  "tp_count": 311
}