{
  "gt_count": 1517,
  "mean_obj_recall": 0.3511658543343283,
  "mean_scene_recall": 0.3494809688581315,
  "obj_recalls": {"1": 0.41714285714285715, "5": 0.2814070351758794, "6": 0.4853801169590643, "8": 0.075, "9": 0.5277777777777778, "10": 0.2833333333333333, "11": 0.2642857142857143, "12": 0.475},
  "recall": 0.3494809688581315,
  "scene_recalls": {"2": 0.3494809688581315},
  "targets_count": 1445,
  "tp_count": 505
}