{
  "gt_count": 1517,
  "mean_obj_recall": 0.4890605098382472,
  "mean_scene_recall": 0.48581314878892734,
  "obj_recalls": {"1": 0.6, "5": 0.5628140703517588, "6": 0.6140350877192983, "8": 0.12, "9": 0.7, "10": 0.3277777777777778, "11": 0.44285714285714284, "12": 0.545},
  "recall": 0.48581314878892734,
  "scene_recalls": {"2": 0.48581314878892734},
  "targets_count": 1445,
  "tp_count": 702
}