{
  "gt_count": 1517,
  "mean_obj_recall": 0.746611716162265,
  "mean_scene_recall": 0.7453287197231834,
  "obj_recalls": {"1": 0.8342857142857143, "5": 0.9195979899497487, "6": 0.8421052631578947, "8": 0.455, "9": 0.7722222222222223, "10": 0.46111111111111114, "11": 0.7785714285714286, "12": 0.91},
  "recall": 0.7453287197231834,
  "scene_recalls": {"2": 0.7453287197231834},
  "targets_count": 1445,
  "tp_count": 1077
}