{
  "gt_count": 1517,
  "mean_obj_recall": 0.534324268586038,
  "mean_scene_recall": 0.5294117647058824,
  "obj_recalls": {"1": 0.6685714285714286, "5": 0.6130653266331658, "6": 0.6432748538011696, "8": 0.15, "9": 0.7444444444444445, "10": 0.36666666666666664, "11": 0.5285714285714286, "12": 0.56},
  "recall": 0.5294117647058824,
  "scene_recalls": {"2": 0.5294117647058824},
  "targets_count": 1445,
  "tp_count": 765
}