{
  "gt_count": 1517,
  "mean_obj_recall": 0.8990648338811853,
  "mean_scene_recall": 0.9003460207612457,
  "obj_recalls": {"1": 0.9771428571428571, "5": 0.9899497487437185, "6": 0.9005847953216374, "8": 0.875, "9": 0.95, "10": 0.6055555555555555, "11": 0.9142857142857143, "12": 0.98},
  "recall": 0.9003460207612457,
  "scene_recalls": {"2": 0.9003460207612457},
  "targets_count": 1445,
  "tp_count": 1301
}