{
  "gt_count": 1517,
  "mean_obj_recall": 0.8477975954333068,
  "mean_scene_recall": 0.8484429065743945,
  "obj_recalls": {"1": 0.9485714285714286, "5": 0.9849246231155779, "6": 0.8713450292397661, "8": 0.73, "9": 0.8722222222222222, "10": 0.5388888888888889, "11": 0.8714285714285714, "12": 0.965},
  "recall": 0.8484429065743945,
  "scene_recalls": {"2": 0.8484429065743945},
  "targets_count": 1445,
  "tp_count": 1226
}