{
  "gt_count": 1517,
  "mean_obj_recall": 0.8118556100259022,
  "mean_scene_recall": 0.8110726643598616,
  "obj_recalls": {"1": 0.9257142857142857, "5": 0.9547738693467337, "6": 0.8538011695906432, "8": 0.62, "9": 0.8611111111111112, "10": 0.49444444444444446, "11": 0.85, "12": 0.935},
  "recall": 0.8110726643598616,
  "scene_recalls": {"2": 0.8110726643598616},
  "targets_count": 1445,
  "tp_count": 1172
}