{
  "gt_count": 1517,
  "mean_obj_recall": 0.9075537645411687,
  "mean_scene_recall": 0.9086505190311419,
  "obj_recalls": {"1": 0.9771428571428571, "5": 0.9899497487437185, "6": 0.9064327485380117, "8": 0.895, "9": 0.9555555555555556, "10": 0.6277777777777778, "11": 0.9285714285714286, "12": 0.98},
  "recall": 0.9086505190311419,
  "scene_recalls": {"2": 0.9086505190311419},
  "targets_count": 1445,
  "tp_count": 1313
}