{
  "gt_count": 1517,
  "mean_obj_recall": 0.4596332251273074,
  "mean_scene_recall": 0.45674740484429066,
  "obj_recalls": {"1": 0.5542857142857143, "5": 0.5175879396984925, "6": 0.5847953216374269, "8": 0.11, "9": 0.6611111111111111, "10": 0.3, "11": 0.4142857142857143, "12": 0.535},
  "recall": 0.45674740484429066,
  "scene_recalls": {"2": 0.45674740484429066},
  "targets_count": 1445,
  "tp_count": 660
}