{
  "gt_count": 1517,
  "mean_obj_recall": 0.5723537486933413,
  "mean_scene_recall": 0.5667820069204152,
  "obj_recalls": {"1": 0.7142857142857143, "5": 0.6331658291457286, "6": 0.6783625730994152, "8": 0.19, "9": 0.7833333333333333, "10": 0.4111111111111111, "11": 0.5785714285714286, "12": 0.59},
  "recall": 0.5667820069204152,
  "scene_recalls": {"2": 0.5667820069204152},
  "targets_count": 1445,
  "tp_count": 819
}