{
  "gt_count": 1517,
  "mean_obj_recall": 0.8641734308551949,
  "mean_scene_recall": 0.8650519031141869,
  "obj_recalls": {"1": 0.96, "5": 0.9849246231155779, "6": 0.8771929824561403, "8": 0.78, "9": 0.8888888888888888, "10": 0.5666666666666667, "11": 0.8857142857142857, "12": 0.97},
  "recall": 0.8650519031141869,
  "scene_recalls": {"2": 0.8650519031141869},
  "targets_count": 1445,
  "tp_count": 1250
}