{
  "gt_count": 1517,
  "mean_obj_recall": 0.5540235324492135,
  "mean_scene_recall": 0.5487889273356401,
  "obj_recalls": {"1": 0.68, "5": 0.6231155778894473, "6": 0.6608187134502924, "8": 0.165, "9": 0.7777777777777778, "10": 0.38333333333333336, "11": 0.5571428571428572, "12": 0.585},
  "recall": 0.5487889273356401,
  "scene_recalls": {"2": 0.5487889273356401},
  "targets_count": 1445,
  "tp_count": 793
}