{
  "gt_count": 1517,
  "mean_obj_recall": 0.08634514731132689,
  "mean_scene_recall": 0.08650519031141868,
  "obj_recalls": {"1": 0.12, "5": 0.07537688442211055, "6": 0.1695906432748538, "8": 0.0, "9": 0.14444444444444443, "10": 0.027777777777777776, "11": 0.02857142857142857, "12": 0.125},
  "recall": 0.08650519031141868,
  "scene_recalls": {"2": 0.08650519031141868},
  "targets_count": 1445,
  "tp_count": 125
}