{
  "gt_count": 1517,
  "mean_obj_recall": 0.4498954883019945,
  "mean_scene_recall": 0.45121107266435984,
  "obj_recalls": {"1": 0.44571428571428573, "5": 0.6130653266331658, "6": 0.6140350877192983, "8": 0.1, "9": 0.5055555555555555, "10": 0.2722222222222222, "11": 0.37857142857142856, "12": 0.67},
  "recall": 0.45121107266435984,
  "scene_recalls": {"2": 0.45121107266435984},
  "targets_count": 1445,
  "tp_count": 652
}