{
  "gt_count": 1517,
  "mean_obj_recall": 0.5164274195749005,
  "mean_scene_recall": 0.5121107266435986,
  "obj_recalls": {"1": 0.6571428571428571, "5": 0.5979899497487438, "6": 0.6257309941520468, "8": 0.135, "9": 0.7166666666666667, "10": 0.3388888888888889, "11": 0.5, "12": 0.56},
  "recall": 0.5121107266435986,
  "scene_recalls": {"2": 0.5121107266435986},
  "targets_count": 1445,
  "tp_count": 740
}