{
  "gt_count": 1517,
  "mean_obj_recall": 0.8846464884993052,
  "mean_scene_recall": 0.8858131487889274,
  "obj_recalls": {"1": 0.9714285714285714, "5": 0.9849246231155779, "6": 0.8830409356725146, "8": 0.83, "9": 0.9388888888888889, "10": 0.5888888888888889, "11": 0.9, "12": 0.98},
  "recall": 0.8858131487889274,
  "scene_recalls": {"2": 0.8858131487889274},
  "targets_count": 1445,
  "tp_count": 1280
}