{
  "gt_count": 6900,
  "mean_obj_recall": 0.3312112453747554,
  "mean_scene_recall": 0.3410732935419705,
  "obj_recalls": {"1": 0.15074024226110364, "2": 0.36281179138321995, "3": 0.3697916666666667, "4": 0.27946127946127947, "5": 0.6105263157894737, "6": 0.5816326530612245, "7": 0.544, "8": 0.7, "9": 0.7317073170731707, "10": 0.5524475524475524, "11": 0.21142857142857144, "12": 0.460431654676259, "13": 0.19285714285714287, "14": 0.4383561643835616, "15": 0.13013698630136986, "16": 0.6329787234042553, "17": 0.7328767123287672, "18": 0.3287671232876712, "19": 0.15706806282722513, "20": 0.06666666666666667, "21": 0.15428571428571428, "22": 0.1595744680851064, "23": 0.3346774193548387, "24": 0.22916666666666666, "25": 0.17894736842105263, "26": 0.2727272727272727, "27": 0.0625, "28": 0.06770833333333333, "29": 0.21428571428571427, "30": 0.027777777777777776},
  "recall": 0.3200996419118792,
  "scene_recalls": {"1": 0.15228426395939088, "2": 0.6326530612244898, "3": 0.5502183406113537, "4": 0.4153846153846154, "5": 0.3442622950819672, "6": 0.3247863247863248, "7": 0.36082474226804123, "8": 0.18027210884353742, "9": 0.2737226277372263, "10": 0.2604166666666667, "11": 0.7157360406091371, "12": 0.4879725085910653, "13": 0.09695290858725762, "14": 0.18507462686567164, "15": 0.14878892733564014, "16": 0.4160206718346253, "17": 0.40797546012269936, "18": 0.2491349480968858, "19": 0.33176470588235296, "20": 0.2872200263504611},
  "targets_count": 6423,
  "tp_count": 2056
}