{
  "gt_count": 6900,
  "mean_obj_recall": 0.2982835863918692,
  "mean_scene_recall": 0.3048244200975943,
  "obj_recalls": {"1": 0.1278600269179004, "2": 0.3356009070294785, "3": 0.3307291666666667, "4": 0.2474747474747475, "5": 0.5894736842105263, "6": 0.5510204081632653, "7": 0.488, "8": 0.5933333333333334, "9": 0.7073170731707317, "10": 0.5174825174825175, "11": 0.16, "12": 0.41007194244604317, "13": 0.16428571428571428, "14": 0.4178082191780822, "15": 0.1095890410958904, "16": 0.6223404255319149, "17": 0.7191780821917808, "18": 0.3150684931506849, "19": 0.13089005235602094, "20": 0.0375, "21": 0.10857142857142857, "22": 0.11702127659574468, "23": 0.24193548387096775, "24": 0.203125, "25": 0.14736842105263157, "26": 0.26262626262626265, "27": 0.03125, "28": 0.046875, "29": 0.19387755102040816, "30": 0.020833333333333332},
  "recall": 0.2869375681145882,
  "scene_recalls": {"1": 0.1218274111675127, "2": 0.5918367346938775, "3": 0.4847161572052402, "4": 0.35384615384615387, "5": 0.29918032786885246, "6": 0.2905982905982906, "7": 0.3479381443298969, "8": 0.12244897959183673, "9": 0.25, "10": 0.2222222222222222, "11": 0.6852791878172588, "12": 0.44329896907216493, "13": 0.0664819944598338, "14": 0.13432835820895522, "15": 0.12802768166089964, "16": 0.3953488372093023, "17": 0.3619631901840491, "18": 0.22145328719723184, "19": 0.30823529411764705, "20": 0.26745718050065875},
  "targets_count": 6423,
  "tp_count": 1843
}