{
  "gt_count": 6900,
  "mean_obj_recall": 0.23466662409569913,
  "mean_scene_recall": 0.23651264969775795,
  "obj_recalls": {"1": 0.06729475100942127, "2": 0.2653061224489796, "3": 0.2526041666666667, "4": 0.1750841750841751, "5": 0.5473684210526316, "6": 0.46938775510204084, "7": 0.344, "8": 0.4666666666666667, "9": 0.6300813008130082, "10": 0.3776223776223776, "11": 0.08571428571428572, "12": 0.2805755395683453, "13": 0.11428571428571428, "14": 0.3767123287671233, "15": 0.06164383561643835, "16": 0.6117021276595744, "17": 0.6917808219178082, "18": 0.2465753424657534, "19": 0.06282722513089005, "20": 0.0125, "21": 0.05714285714285714, "22": 0.09574468085106383, "23": 0.13709677419354838, "24": 0.11979166666666667, "25": 0.10526315789473684, "26": 0.18181818181818182, "27": 0.010416666666666666, "28": 0.026041666666666668, "29": 0.15306122448979592, "30": 0.013888888888888888},
  "recall": 0.2210804919819399,
  "scene_recalls": {"1": 0.07614213197969544, "2": 0.48299319727891155, "3": 0.3624454148471616, "4": 0.28717948717948716, "5": 0.20901639344262296, "6": 0.19658119658119658, "7": 0.2963917525773196, "8": 0.061224489795918366, "9": 0.1678832116788321, "10": 0.1527777777777778, "11": 0.6345177664974619, "12": 0.35051546391752575, "13": 0.036011080332409975, "14": 0.06567164179104477, "15": 0.08650519031141868, "16": 0.35142118863049093, "17": 0.26993865030674846, "18": 0.1695501730103806, "19": 0.27058823529411763, "20": 0.2028985507246377},
  "targets_count": 6423,
  "tp_count": 1420
}