{
  "gt_count": 6900,
  "mean_obj_recall": 0.2753964212822653,
  "mean_scene_recall": 0.2790670728877228,
  "obj_recalls": {"1": 0.0955585464333782, "2": 0.30612244897959184, "3": 0.2890625, "4": 0.22053872053872053, "5": 0.5684210526315789, "6": 0.5102040816326531, "7": 0.448, "8": 0.5333333333333333, "9": 0.6788617886178862, "10": 0.46153846153846156, "11": 0.14285714285714285, "12": 0.38848920863309355, "13": 0.15, "14": 0.410958904109589, "15": 0.08904109589041095, "16": 0.6170212765957447, "17": 0.7054794520547946, "18": 0.2808219178082192, "19": 0.09947643979057591, "20": 0.025, "21": 0.09714285714285714, "22": 0.11170212765957446, "23": 0.2056451612903226, "24": 0.19270833333333334, "25": 0.1368421052631579, "26": 0.24242424242424243, "27": 0.010416666666666666, "28": 0.036458333333333336, "29": 0.19387755102040816, "30": 0.013888888888888888},
  "recall": 0.26171570917016973,
  "scene_recalls": {"1": 0.09644670050761421, "2": 0.54421768707483, "3": 0.4366812227074236, "4": 0.3282051282051282, "5": 0.26639344262295084, "6": 0.27350427350427353, "7": 0.32989690721649484, "8": 0.10204081632653061, "9": 0.21350364963503649, "10": 0.2048611111111111, "11": 0.6649746192893401, "12": 0.4020618556701031, "13": 0.05817174515235457, "14": 0.11044776119402985, "15": 0.11418685121107267, "16": 0.3798449612403101, "17": 0.3098159509202454, "18": 0.21453287197231835, "19": 0.2917647058823529, "20": 0.23978919631093545},
  "targets_count": 6423,
  "tp_count": 1681
}