{
  "gt_count": 6900,
  "mean_obj_recall": 0.086926236858817,
  "mean_scene_recall": 0.08574180612004442,
  "obj_recalls": {"1": 0.020188425302826378, "2": 0.10657596371882086, "3": 0.06510416666666667, "4": 0.05555555555555555, "5": 0.25263157894736843, "6": 0.12244897959183673, "7": 0.08, "8": 0.13333333333333333, "9": 0.34552845528455284, "10": 0.013986013986013986, "11": 0.005714285714285714, "12": 0.07913669064748201, "13": 0.014285714285714285, "14": 0.15753424657534246, "15": 0.02054794520547945, "16": 0.46808510638297873, "17": 0.3698630136986301, "18": 0.02054794520547945, "19": 0.005235602094240838, "20": 0.0, "21": 0.005714285714285714, "22": 0.010638297872340425, "23": 0.06451612903225806, "24": 0.026041666666666668, "25": 0.05263157894736842, "26": 0.050505050505050504, "27": 0.0, "28": 0.010416666666666666, "29": 0.05102040816326531, "30": 0.0},
  "recall": 0.0831387202241943,
  "scene_recalls": {"1": 0.01015228426395939, "2": 0.14965986394557823, "3": 0.1091703056768559, "4": 0.08717948717948718, "5": 0.04918032786885246, "6": 0.038461538461538464, "7": 0.1211340206185567, "8": 0.006802721088435374, "9": 0.058394160583941604, "10": 0.03125, "11": 0.28426395939086296, "12": 0.14776632302405499, "13": 0.00554016620498615, "14": 0.03582089552238806, "15": 0.031141868512110725, "16": 0.15762273901808785, "17": 0.0950920245398773, "18": 0.05536332179930796, "19": 0.16705882352941176, "20": 0.07378129117259552},
  "targets_count": 6423,
  "tp_count": 534
}