{
  "gt_count": 6900,
  "mean_obj_recall": 0.3167361436769271,
  "mean_scene_recall": 0.32498364383690126,
  "obj_recalls": {"1": 0.1440107671601615, "2": 0.3492063492063492, "3": 0.3567708333333333, "4": 0.26430976430976433, "5": 0.5947368421052631, "6": 0.5714285714285714, "7": 0.52, "8": 0.6666666666666666, "9": 0.7235772357723578, "10": 0.5244755244755245, "11": 0.18285714285714286, "12": 0.4244604316546763, "13": 0.17142857142857143, "14": 0.4383561643835616, "15": 0.11643835616438356, "16": 0.6329787234042553, "17": 0.7191780821917808, "18": 0.3150684931506849, "19": 0.1518324607329843, "20": 0.05416666666666667, "21": 0.14285714285714285, "22": 0.13829787234042554, "23": 0.3024193548387097, "24": 0.22395833333333334, "25": 0.17894736842105263, "26": 0.26262626262626265, "27": 0.052083333333333336, "28": 0.057291666666666664, "29": 0.19387755102040816, "30": 0.027777777777777776},
  "recall": 0.3060874980538689,
  "scene_recalls": {"1": 0.13705583756345177, "2": 0.6122448979591837, "3": 0.5021834061135371, "4": 0.39487179487179486, "5": 0.32786885245901637, "6": 0.3076923076923077, "7": 0.35051546391752575, "8": 0.14965986394557823, "9": 0.26824817518248173, "10": 0.2465277777777778, "11": 0.6954314720812182, "12": 0.4639175257731959, "13": 0.0886426592797784, "14": 0.17313432835820897, "15": 0.1384083044982699, "16": 0.4108527131782946, "17": 0.3895705521472393, "18": 0.2422145328719723, "19": 0.32, "20": 0.28063241106719367},
  "targets_count": 6423,
  "tp_count": 1966
}