{
  "gt_count": 6900,
  "mean_obj_recall": 0.34103296108295383,
  "mean_scene_recall": 0.3514292178068473,
  "obj_recalls": {"1": 0.15477792732166892, "2": 0.3764172335600907, "3": 0.375, "4": 0.2895622895622896, "5": 0.6210526315789474, "6": 0.5918367346938775, "7": 0.564, "8": 0.7066666666666667, "9": 0.7317073170731707, "10": 0.5734265734265734, "11": 0.21714285714285714, "12": 0.48201438848920863, "13": 0.19285714285714287, "14": 0.4452054794520548, "15": 0.13013698630136986, "16": 0.648936170212766, "17": 0.7397260273972602, "18": 0.3356164383561644, "19": 0.16230366492146597, "20": 0.07916666666666666, "21": 0.17714285714285713, "22": 0.17553191489361702, "23": 0.3467741935483871, "24": 0.25, "25": 0.18947368421052632, "26": 0.2727272727272727, "27": 0.0625, "28": 0.08333333333333333, "29": 0.21428571428571427, "30": 0.041666666666666664},
  "recall": 0.32990814261248635,
  "scene_recalls": {"1": 0.16243654822335024, "2": 0.6462585034013606, "3": 0.5545851528384279, "4": 0.4256410256410256, "5": 0.35655737704918034, "6": 0.3504273504273504, "7": 0.3634020618556701, "8": 0.19727891156462585, "9": 0.2846715328467153, "10": 0.28125, "11": 0.7208121827411168, "12": 0.49140893470790376, "13": 0.10803324099722991, "14": 0.19701492537313434, "15": 0.15916955017301038, "16": 0.42377260981912146, "17": 0.4171779141104294, "18": 0.2560553633217993, "19": 0.3388235294117647, "20": 0.2938076416337286},
  "targets_count": 6423,
  "tp_count": 2119
}