{
  "gt_count": 6900,
  "mean_obj_recall": 0.1718858237530811,
  "mean_scene_recall": 0.17315884023913763,
  "obj_recalls": {"1": 0.04172274562584118, "2": 0.2222222222222222, "3": 0.16145833333333334, "4": 0.1111111111111111, "5": 0.4631578947368421, "6": 0.35714285714285715, "7": 0.212, "8": 0.34, "9": 0.5447154471544715, "10": 0.2097902097902098, "11": 0.03428571428571429, "12": 0.15827338129496402, "13": 0.06428571428571428, "14": 0.3150684931506849, "15": 0.04794520547945205, "16": 0.5691489361702128, "17": 0.5821917808219178, "18": 0.14383561643835616, "19": 0.031413612565445025, "20": 0.0, "21": 0.03428571428571429, "22": 0.047872340425531915, "23": 0.09274193548387097, "24": 0.06770833333333333, "25": 0.06315789473684211, "26": 0.12121212121212122, "27": 0.010416666666666666, "28": 0.020833333333333332, "29": 0.08163265306122448, "30": 0.006944444444444444},
  "recall": 0.1619181068036743,
  "scene_recalls": {"1": 0.04568527918781726, "2": 0.3673469387755102, "3": 0.2576419213973799, "4": 0.19487179487179487, "5": 0.14754098360655737, "6": 0.11965811965811966, "7": 0.22938144329896906, "8": 0.030612244897959183, "9": 0.11496350364963503, "10": 0.09375, "11": 0.5279187817258884, "12": 0.27835051546391754, "13": 0.01662049861495845, "14": 0.04477611940298507, "15": 0.05536332179930796, "16": 0.2739018087855297, "17": 0.18711656441717792, "18": 0.11072664359861592, "19": 0.21411764705882352, "20": 0.152832674571805},
  "targets_count": 6423,
  "tp_count": 1040
}