{
  "gt_count": 6900,
  "mean_obj_recall": 0.3524169976344778,
  "mean_scene_recall": 0.3635713729169931,
  "obj_recalls": {"1": 0.16285329744279947, "2": 0.3900226757369615, "3": 0.3776041666666667, "4": 0.29797979797979796, "5": 0.6263157894736842, "6": 0.6020408163265306, "7": 0.584, "8": 0.7533333333333333, "9": 0.7398373983739838, "10": 0.6013986013986014, "11": 0.22285714285714286, "12": 0.48201438848920863, "13": 0.19285714285714287, "14": 0.4520547945205479, "15": 0.136986301369863, "16": 0.648936170212766, "17": 0.7397260273972602, "18": 0.363013698630137, "19": 0.17277486910994763, "20": 0.1125, "21": 0.18857142857142858, "22": 0.17553191489361702, "23": 0.3709677419354839, "24": 0.2708333333333333, "25": 0.2, "26": 0.2727272727272727, "27": 0.08333333333333333, "28": 0.08854166666666667, "29": 0.21428571428571427, "30": 0.04861111111111111},
  "recall": 0.3411178576988946,
  "scene_recalls": {"1": 0.16751269035532995, "2": 0.6598639455782312, "3": 0.5807860262008734, "4": 0.441025641025641, "5": 0.3729508196721312, "6": 0.36324786324786323, "7": 0.36855670103092786, "8": 0.21428571428571427, "9": 0.29014598540145986, "10": 0.2916666666666667, "11": 0.7309644670050761, "12": 0.5120274914089347, "13": 0.12188365650969529, "14": 0.21791044776119403, "15": 0.16608996539792387, "16": 0.4263565891472868, "17": 0.4263803680981595, "18": 0.2664359861591695, "19": 0.35294117647058826, "20": 0.30039525691699603},
  "targets_count": 6423,
  "tp_count": 2191
}