{
  "gt_count": 1517,
  "mean_obj_recall": 0.8872509398496241,
  "mean_scene_recall": 0.8927335640138409,
  "obj_recalls": {"1": 0.9371428571428572, "5": 1.0, "6": 0.8538011695906432, "8": 0.97, "9": 0.9555555555555556, "10": 0.6222222222222222, "11": 0.8142857142857143, "12": 0.945},
  "recall": 0.8927335640138409,
  "scene_recalls": {"2": 0.8927335640138409},
  "targets_count": 1445,
  "tp_count": 1290
}