{
  "gt_count": 1517,
  "mean_obj_recall": 0.5222849051019509,
  "mean_scene_recall": 0.5204152249134948,
  "obj_recalls": {"1": 0.4857142857142857, "5": 0.6834170854271356, "6": 0.5321637426900585, "8": 0.29, "9": 0.6944444444444444, "10": 0.3611111111111111, "11": 0.5714285714285714, "12": 0.56},
  "recall": 0.5204152249134948,
  "scene_recalls": {"2": 0.5204152249134948},
  "targets_count": 1445,
  "tp_count": 752
}