{
  "gt_count": 6900,
  "mean_obj_recall": 0.038344067427237824,
  "mean_scene_recall": 0.03416870538249257,
  "obj_recalls": {"1": 0.018842530282637954, "2": 0.02040816326530612, "3": 0.046875, "4": 0.03198653198653199, "5": 0.015789473684210527, "6": 0.0, "7": 0.032, "8": 0.05333333333333334, "9": 0.06910569105691057, "10": 0.0, "11": 0.02857142857142857, "12": 0.007194244604316547, "13": 0.04285714285714286, "14": 0.07534246575342465, "15": 0.0547945205479452, "16": 0.11170212765957446, "17": 0.1917808219178082, "18": 0.0136986301369863, "19": 0.031413612565445025, "20": 0.020833333333333332, "21": 0.0, "22": 0.005319148936170213, "23": 0.028225806451612902, "24": 0.026041666666666668, "25": 0.0, "26": 0.0, "27": 0.10416666666666667, "28": 0.0, "29": 0.07142857142857142, "30": 0.04861111111111111},
  "recall": 0.035186050132336916,
  "scene_recalls": {"1": 0.015228426395939087, "2": 0.034013605442176874, "3": 0.034934497816593885, "4": 0.015384615384615385, "5": 0.040983606557377046, "6": 0.008547008547008548, "7": 0.05412371134020619, "8": 0.023809523809523808, "9": 0.025547445255474453, "10": 0.03125, "11": 0.04060913705583756, "12": 0.05154639175257732, "13": 0.013850415512465374, "14": 0.005970149253731343, "15": 0.04844290657439446, "16": 0.06718346253229975, "17": 0.03680981595092025, "18": 0.031141868512110725, "19": 0.07764705882352942, "20": 0.026350461133069828},
  "targets_count": 6423,
  "tp_count": 226
}