{
  "gt_count": 6900,
  "mean_obj_recall": 0.016446801145451776,
  "mean_scene_recall": 0.01352282362318299,
  "obj_recalls": {"1": 0.004037685060565276, "2": 0.0045351473922902496, "3": 0.018229166666666668, "4": 0.006734006734006734, "5": 0.015789473684210527, "6": 0.0, "7": 0.012, "8": 0.02666666666666667, "9": 0.024390243902439025, "10": 0.0, "11": 0.0, "12": 0.0, "13": 0.02142857142857143, "14": 0.0273972602739726, "15": 0.0273972602739726, "16": 0.05851063829787234, "17": 0.10273972602739725, "18": 0.00684931506849315, "19": 0.005235602094240838, "20": 0.0, "21": 0.0, "22": 0.0, "23": 0.012096774193548387, "24": 0.015625, "25": 0.0, "26": 0.0, "27": 0.041666666666666664, "28": 0.0, "29": 0.02040816326530612, "30": 0.041666666666666664},
  "recall": 0.01385645337069905,
  "scene_recalls": {"1": 0.01015228426395939, "2": 0.013605442176870748, "3": 0.008733624454148471, "4": 0.010256410256410256, "5": 0.012295081967213115, "6": 0.0, "7": 0.028350515463917526, "8": 0.013605442176870748, "9": 0.005474452554744526, "10": 0.006944444444444444, "11": 0.02030456852791878, "12": 0.020618556701030927, "13": 0.002770083102493075, "14": 0.0, "15": 0.020761245674740483, "16": 0.03359173126614987, "17": 0.009202453987730062, "18": 0.006920415224913495, "19": 0.03764705882352941, "20": 0.00922266139657444},
  "targets_count": 6423,
  "tp_count": 89
}