{
  "gt_count": 6900,
  "mean_obj_recall": 0.010561757722289488,
  "mean_scene_recall": 0.008170431717565036,
  "obj_recalls": {"1": 0.0026917900403768506, "2": 0.0045351473922902496, "3": 0.010416666666666666, "4": 0.003367003367003367, "5": 0.010526315789473684, "6": 0.0, "7": 0.004, "8": 0.006666666666666667, "9": 0.016260162601626018, "10": 0.0, "11": 0.0, "12": 0.0, "13": 0.014285714285714285, "14": 0.02054794520547945, "15": 0.02054794520547945, "16": 0.026595744680851064, "17": 0.07534246575342465, "18": 0.0, "19": 0.005235602094240838, "20": 0.0, "21": 0.0, "22": 0.0, "23": 0.004032258064516129, "24": 0.015625, "25": 0.0, "26": 0.0, "27": 0.03125, "28": 0.0, "29": 0.01020408163265306, "30": 0.034722222222222224},
  "recall": 0.008718667289428616,
  "scene_recalls": {"1": 0.005076142131979695, "2": 0.0, "3": 0.004366812227074236, "4": 0.010256410256410256, "5": 0.004098360655737705, "6": 0.0, "7": 0.01804123711340206, "8": 0.01020408163265306, "9": 0.0036496350364963502, "10": 0.006944444444444444, "11": 0.005076142131979695, "12": 0.013745704467353952, "13": 0.0, "14": 0.0, "15": 0.01730103806228374, "16": 0.01808785529715762, "17": 0.006134969325153374, "18": 0.006920415224913495, "19": 0.02823529411764706, "20": 0.005270092226613966},
  "targets_count": 6423,
  "tp_count": 56
}