{
  "gt_count": 6900,
  "mean_obj_recall": 0.043572222970529435,
  "mean_scene_recall": 0.03975544524989001,
  "obj_recalls": {"1": 0.02288021534320323, "2": 0.027210884353741496, "3": 0.057291666666666664, "4": 0.03535353535353535, "5": 0.02631578947368421, "6": 0.0, "7": 0.04, "8": 0.06, "9": 0.08130081300813008, "10": 0.006993006993006993, "11": 0.03428571428571429, "12": 0.02877697841726619, "13": 0.04285714285714286, "14": 0.0821917808219178, "15": 0.0547945205479452, "16": 0.11702127659574468, "17": 0.1917808219178082, "18": 0.0136986301369863, "19": 0.031413612565445025, "20": 0.025, "21": 0.0, "22": 0.005319148936170213, "23": 0.036290322580645164, "24": 0.03125, "25": 0.010526315789473684, "26": 0.0, "27": 0.10416666666666667, "28": 0.0, "29": 0.09183673469387756, "30": 0.04861111111111111},
  "recall": 0.040479526700918575,
  "scene_recalls": {"1": 0.025380710659898477, "2": 0.034013605442176874, "3": 0.056768558951965066, "4": 0.015384615384615385, "5": 0.04918032786885246, "6": 0.01282051282051282, "7": 0.059278350515463915, "8": 0.023809523809523808, "9": 0.03102189781021898, "10": 0.034722222222222224, "11": 0.04568527918781726, "12": 0.06872852233676977, "13": 0.01662049861495845, "14": 0.011940298507462687, "15": 0.05536332179930796, "16": 0.06718346253229975, "17": 0.03987730061349693, "18": 0.03806228373702422, "19": 0.07764705882352942, "20": 0.03162055335968379},
  "targets_count": 6423,
  "tp_count": 260
}