{
  "gt_count": 6900,
  "mean_obj_recall": 0.027285601299718593,
  "mean_scene_recall": 0.02316797333095957,
  "obj_recalls": {"1": 0.012113055181695828, "2": 0.011337868480725623, "3": 0.026041666666666668, "4": 0.021885521885521887, "5": 0.015789473684210527, "6": 0.0, "7": 0.016, "8": 0.04, "9": 0.044715447154471545, "10": 0.0, "11": 0.0, "12": 0.0, "13": 0.04285714285714286, "14": 0.06164383561643835, "15": 0.0410958904109589, "16": 0.0851063829787234, "17": 0.1506849315068493, "18": 0.00684931506849315, "19": 0.020942408376963352, "20": 0.004166666666666667, "21": 0.0, "22": 0.005319148936170213, "23": 0.020161290322580645, "24": 0.026041666666666668, "25": 0.0, "26": 0.0, "27": 0.08333333333333333, "28": 0.0, "29": 0.04081632653061224, "30": 0.041666666666666664},
  "recall": 0.02413202553323992,
  "scene_recalls": {"1": 0.01015228426395939, "2": 0.02040816326530612, "3": 0.008733624454148471, "4": 0.010256410256410256, "5": 0.028688524590163935, "6": 0.0, "7": 0.041237113402061855, "8": 0.02040816326530612, "9": 0.01824817518248175, "10": 0.017361111111111112, "11": 0.03553299492385787, "12": 0.027491408934707903, "13": 0.008310249307479225, "14": 0.0029850746268656717, "15": 0.03460207612456748, "16": 0.05426356589147287, "17": 0.03067484662576687, "18": 0.01730103806228374, "19": 0.06352941176470588, "20": 0.013175230566534914},
  "targets_count": 6423,
  "tp_count": 155
}