{
  "gt_count": 6900,
  "mean_obj_recall": 0.006448184814762993,
  "mean_scene_recall": 0.004381355158634578,
  "obj_recalls": {"1": 0.0013458950201884253, "2": 0.0, "3": 0.0, "4": 0.0016835016835016834, "5": 0.005263157894736842, "6": 0.0, "7": 0.0, "8": 0.006666666666666667, "9": 0.0040650406504065045, "10": 0.0, "11": 0.0, "12": 0.0, "13": 0.014285714285714285, "14": 0.02054794520547945, "15": 0.0136986301369863, "16": 0.010638297872340425, "17": 0.06164383561643835, "18": 0.0, "19": 0.0, "20": 0.0, "21": 0.0, "22": 0.0, "23": 0.0, "24": 0.005208333333333333, "25": 0.0, "26": 0.0, "27": 0.010416666666666666, "28": 0.0, "29": 0.01020408163265306, "30": 0.027777777777777776},
  "recall": 0.004670714619336758,
  "scene_recalls": {"1": 0.005076142131979695, "2": 0.0, "3": 0.004366812227074236, "4": 0.005128205128205128, "5": 0.0, "6": 0.0, "7": 0.007731958762886598, "8": 0.0, "9": 0.0, "10": 0.003472222222222222, "11": 0.005076142131979695, "12": 0.0, "13": 0.0, "14": 0.0, "15": 0.010380622837370242, "16": 0.01808785529715762, "17": 0.0, "18": 0.0034602076124567475, "19": 0.023529411764705882, "20": 0.0013175230566534915},
  "targets_count": 6423,
  "tp_count": 30
}