{
  "gt_count": 6900,
  "mean_obj_recall": 0.033056138590852276,
  "mean_scene_recall": 0.02849771322896692,
  "obj_recalls": {"1": 0.016150740242261104, "2": 0.018140589569160998, "3": 0.033854166666666664, "4": 0.025252525252525252, "5": 0.015789473684210527, "6": 0.0, "7": 0.028, "8": 0.05333333333333334, "9": 0.044715447154471545, "10": 0.0, "11": 0.005714285714285714, "12": 0.007194244604316547, "13": 0.04285714285714286, "14": 0.07534246575342465, "15": 0.04794520547945205, "16": 0.10638297872340426, "17": 0.17123287671232876, "18": 0.00684931506849315, "19": 0.020942408376963352, "20": 0.016666666666666666, "21": 0.0, "22": 0.005319148936170213, "23": 0.020161290322580645, "24": 0.026041666666666668, "25": 0.0, "26": 0.0, "27": 0.10416666666666667, "28": 0.0, "29": 0.05102040816326531, "30": 0.04861111111111111},
  "recall": 0.029581192589132804,
  "scene_recalls": {"1": 0.015228426395939087, "2": 0.034013605442176874, "3": 0.021834061135371178, "4": 0.015384615384615385, "5": 0.03278688524590164, "6": 0.0, "7": 0.04381443298969072, "8": 0.02040816326530612, "9": 0.023722627737226276, "10": 0.017361111111111112, "11": 0.03553299492385787, "12": 0.03436426116838488, "13": 0.013850415512465374, "14": 0.005970149253731343, "15": 0.04152249134948097, "16": 0.06459948320413436, "17": 0.03374233128834356, "18": 0.020761245674740483, "19": 0.07529411764705882, "20": 0.019762845849802372},
  "targets_count": 6423,
  "tp_count": 190
}