{
  "gt_count": 6900,
  "mean_obj_recall": 0.0030621052179089195,
  "mean_scene_recall": 0.0019523057833154534,
  "obj_recalls": {"1": 0.0, "2": 0.0, "3": 0.0, "4": 0.0, "5": 0.0, "6": 0.0, "7": 0.0, "8": 0.0, "9": 0.0, "10": 0.0, "11": 0.0, "12": 0.0, "13": 0.007142857142857143, "14": 0.0136986301369863, "15": 0.0, "16": 0.010638297872340425, "17": 0.0273972602739726, "18": 0.0, "19": 0.0, "20": 0.0, "21": 0.0, "22": 0.0, "23": 0.0, "24": 0.005208333333333333, "25": 0.0, "26": 0.0, "27": 0.0, "28": 0.0, "29": 0.0, "30": 0.027777777777777776},
  "recall": 0.002179666822357154,
  "scene_recalls": {"1": 0.005076142131979695, "2": 0.0, "3": 0.0, "4": 0.0, "5": 0.0, "6": 0.0, "7": 0.0, "8": 0.0, "9": 0.0, "10": 0.003472222222222222, "11": 0.0, "12": 0.0, "13": 0.0, "14": 0.0, "15": 0.0034602076124567475, "16": 0.012919896640826873, "17": 0.0, "18": 0.0, "19": 0.01411764705882353, "20": 0.0},
  "targets_count": 6423,
  "tp_count": 14
}