{
  "gt_count": 6900,
  "mean_obj_recall": 0.02111675102201702,
  "mean_scene_recall": 0.018296745281651268,
  "obj_recalls": {"1": 0.006729475100942127, "2": 0.006802721088435374, "3": 0.0234375, "4": 0.016835016835016835, "5": 0.015789473684210527, "6": 0.0, "7": 0.016, "8": 0.04, "9": 0.04065040650406504, "10": 0.0, "11": 0.0, "12": 0.0, "13": 0.02857142857142857, "14": 0.04794520547945205, "15": 0.03424657534246575, "16": 0.06382978723404255, "17": 0.1232876712328767, "18": 0.00684931506849315, "19": 0.005235602094240838, "20": 0.0, "21": 0.0, "22": 0.0, "23": 0.012096774193548387, "24": 0.020833333333333332, "25": 0.0, "26": 0.0, "27": 0.052083333333333336, "28": 0.0, "29": 0.030612244897959183, "30": 0.041666666666666664},
  "recall": 0.018527167990035807,
  "scene_recalls": {"1": 0.01015228426395939, "2": 0.02040816326530612, "3": 0.008733624454148471, "4": 0.010256410256410256, "5": 0.02459016393442623, "6": 0.0, "7": 0.03608247422680412, "8": 0.017006802721088437, "9": 0.010948905109489052, "10": 0.006944444444444444, "11": 0.03553299492385787, "12": 0.027491408934707903, "13": 0.002770083102493075, "14": 0.0, "15": 0.02422145328719723, "16": 0.041343669250646, "17": 0.02147239263803681, "18": 0.010380622837370242, "19": 0.047058823529411764, "20": 0.010540184453227932},
  "targets_count": 6423,
  "tp_count": 119
}