{
  "gt_count": 6900,
  "mean_obj_recall": 0.010002425444406726,
  "mean_scene_recall": 0.007129759960833875,
  "obj_recalls": {"1": 0.004037685060565276, "2": 0.009070294784580499, "3": 0.010416666666666666, "4": 0.005050505050505051, "5": 0.0, "6": 0.0, "7": 0.0, "8": 0.0, "9": 0.0, "10": 0.0, "11": 0.0, "12": 0.0, "13": 0.014285714285714285, "14": 0.0136986301369863, "15": 0.0, "16": 0.0425531914893617, "17": 0.1095890410958904, "18": 0.0, "19": 0.005235602094240838, "20": 0.0, "21": 0.005714285714285714, "22": 0.0, "23": 0.004032258064516129, "24": 0.0, "25": 0.0, "26": 0.0, "27": 0.020833333333333332, "28": 0.0, "29": 0.0, "30": 0.05555555555555555},
  "recall": 0.00856297680211739,
  "scene_recalls": {"1": 0.01015228426395939, "2": 0.0, "3": 0.0, "4": 0.0, "5": 0.00819672131147541, "6": 0.0, "7": 0.010309278350515464, "8": 0.003401360544217687, "9": 0.010948905109489052, "10": 0.0, "11": 0.0, "12": 0.003436426116838488, "13": 0.002770083102493075, "14": 0.0029850746268656717, "15": 0.01730103806228374, "16": 0.012919896640826873, "17": 0.003067484662576687, "18": 0.0034602076124567475, "19": 0.047058823529411764, "20": 0.006587615283267457},
  "targets_count": 6423,
  "tp_count": 55
}