{
  "gt_count": 6900,
  "mean_obj_recall": 0.03382576785499616,
  "mean_scene_recall": 0.030636210283862635,
  "obj_recalls": {"1": 0.03633916554508748, "2": 0.047619047619047616, "3": 0.06770833333333333, "4": 0.025252525252525252, "5": 0.02631578947368421, "6": 0.01020408163265306, "7": 0.012, "8": 0.0, "9": 0.028455284552845527, "10": 0.0, "11": 0.0, "12": 0.007194244604316547, "13": 0.02857142857142857, "14": 0.04794520547945205, "15": 0.02054794520547945, "16": 0.11702127659574468, "17": 0.2054794520547945, "18": 0.00684931506849315, "19": 0.010471204188481676, "20": 0.004166666666666667, "21": 0.005714285714285714, "22": 0.0, "23": 0.036290322580645164, "24": 0.036458333333333336, "25": 0.021052631578947368, "26": 0.0, "27": 0.07291666666666667, "28": 0.036458333333333336, "29": 0.02040816326530612, "30": 0.08333333333333333},
  "recall": 0.03471897867040324,
  "scene_recalls": {"1": 0.03553299492385787, "2": 0.013605442176870748, "3": 0.017467248908296942, "4": 0.010256410256410256, "5": 0.040983606557377046, "6": 0.01282051282051282, "7": 0.03865979381443299, "8": 0.017006802721088437, "9": 0.051094890510948905, "10": 0.020833333333333332, "11": 0.015228426395939087, "12": 0.030927835051546393, "13": 0.01662049861495845, "14": 0.014925373134328358, "15": 0.03806228373702422, "16": 0.059431524547803614, "17": 0.03987730061349693, "18": 0.01384083044982699, "19": 0.08470588235294117, "20": 0.04084321475625823},
  "targets_count": 6423,
  "tp_count": 223
}