{
  "gt_count": 6900,
  "mean_obj_recall": 0.043588595834421894,
  "mean_scene_recall": 0.03973991827643729,
  "obj_recalls": {"1": 0.047106325706594884, "2": 0.061224489795918366, "3": 0.08333333333333333, "4": 0.04377104377104377, "5": 0.02631578947368421, "6": 0.01020408163265306, "7": 0.02, "8": 0.006666666666666667, "9": 0.028455284552845527, "10": 0.0, "11": 0.011428571428571429, "12": 0.014388489208633094, "13": 0.02857142857142857, "14": 0.0547945205479452, "15": 0.0273972602739726, "16": 0.13297872340425532, "17": 0.2191780821917808, "18": 0.0136986301369863, "19": 0.020942408376963352, "20": 0.004166666666666667, "21": 0.017142857142857144, "22": 0.005319148936170213, "23": 0.04435483870967742, "24": 0.046875, "25": 0.042105263157894736, "26": 0.030303030303030304, "27": 0.10416666666666667, "28": 0.052083333333333336, "29": 0.02040816326530612, "30": 0.09027777777777778},
  "recall": 0.044994550832944104,
  "scene_recalls": {"1": 0.04060913705583756, "2": 0.013605442176870748, "3": 0.03056768558951965, "4": 0.015384615384615385, "5": 0.05327868852459016, "6": 0.017094017094017096, "7": 0.04639175257731959, "8": 0.02040816326530612, "9": 0.06569343065693431, "10": 0.027777777777777776, "11": 0.015228426395939087, "12": 0.037800687285223365, "13": 0.030470914127423823, "14": 0.023880597014925373, "15": 0.06228373702422145, "16": 0.06718346253229975, "17": 0.05214723926380368, "18": 0.02422145328719723, "19": 0.09411764705882353, "20": 0.05665349143610013},
  "targets_count": 6423,
  "tp_count": 289
}