{
  "gt_count": 6900,
  "mean_obj_recall": 0.0056941581242893795,
  "mean_scene_recall": 0.004011242582580526,
  "obj_recalls": {"1": 0.0013458950201884253, "2": 0.0045351473922902496, "3": 0.005208333333333333, "4": 0.005050505050505051, "5": 0.0, "6": 0.0, "7": 0.0, "8": 0.0, "9": 0.0, "10": 0.0, "11": 0.0, "12": 0.0, "13": 0.007142857142857143, "14": 0.00684931506849315, "15": 0.0, "16": 0.026595744680851064, "17": 0.07534246575342465, "18": 0.0, "19": 0.0, "20": 0.0, "21": 0.0, "22": 0.0, "23": 0.004032258064516129, "24": 0.0, "25": 0.0, "26": 0.0, "27": 0.0, "28": 0.0, "29": 0.0, "30": 0.034722222222222224},
  "recall": 0.004982095593959209,
  "scene_recalls": {"1": 0.01015228426395939, "2": 0.0, "3": 0.0, "4": 0.0, "5": 0.0, "6": 0.0, "7": 0.005154639175257732, "8": 0.0, "9": 0.0072992700729927005, "10": 0.0, "11": 0.0, "12": 0.0, "13": 0.0, "14": 0.0029850746268656717, "15": 0.006920415224913495, "16": 0.007751937984496124, "17": 0.003067484662576687, "18": 0.0, "19": 0.03294117647058824, "20": 0.003952569169960474},
  "targets_count": 6423,
  "tp_count": 32
}