{
  "gt_count": 6900,
  "mean_obj_recall": 0.015290781068274613,
  "mean_scene_recall": 0.012069287515143742,
  "obj_recalls": {"1": 0.014804845222072678, "2": 0.015873015873015872, "3": 0.018229166666666668, "4": 0.013468013468013467, "5": 0.0, "6": 0.0, "7": 0.0, "8": 0.0, "9": 0.0040650406504065045, "10": 0.0, "11": 0.0, "12": 0.0, "13": 0.02142857142857143, "14": 0.02054794520547945, "15": 0.00684931506849315, "16": 0.06914893617021277, "17": 0.14383561643835616, "18": 0.0, "19": 0.005235602094240838, "20": 0.0, "21": 0.005714285714285714, "22": 0.0, "23": 0.012096774193548387, "24": 0.010416666666666666, "25": 0.0, "26": 0.0, "27": 0.03125, "28": 0.0, "29": 0.01020408163265306, "30": 0.05555555555555555},
  "recall": 0.014634905807255176,
  "scene_recalls": {"1": 0.01015228426395939, "2": 0.0, "3": 0.0, "4": 0.0, "5": 0.020491803278688523, "6": 0.0, "7": 0.01804123711340206, "8": 0.006802721088435374, "9": 0.016423357664233577, "10": 0.010416666666666666, "11": 0.0, "12": 0.006872852233676976, "13": 0.002770083102493075, "14": 0.0029850746268656717, "15": 0.02422145328719723, "16": 0.028423772609819122, "17": 0.006134969325153374, "18": 0.010380622837370242, "19": 0.058823529411764705, "20": 0.01844532279314888},
  "targets_count": 6423,
  "tp_count": 94
}