{
  "gt_count": 6900,
  "mean_obj_recall": 0.020310021576858992,
  "mean_scene_recall": 0.016792690163481942,
  "obj_recalls": {"1": 0.021534320323014805, "2": 0.024943310657596373, "3": 0.0234375, "4": 0.015151515151515152, "5": 0.005263157894736842, "6": 0.0, "7": 0.0, "8": 0.0, "9": 0.0040650406504065045, "10": 0.0, "11": 0.0, "12": 0.0, "13": 0.02857142857142857, "14": 0.03424657534246575, "15": 0.0136986301369863, "16": 0.0851063829787234, "17": 0.1643835616438356, "18": 0.00684931506849315, "19": 0.005235602094240838, "20": 0.0, "21": 0.005714285714285714, "22": 0.0, "23": 0.020161290322580645, "24": 0.020833333333333332, "25": 0.010526315789473684, "26": 0.0, "27": 0.03125, "28": 0.015625, "29": 0.01020408163265306, "30": 0.0625},
  "recall": 0.019772691888525613,
  "scene_recalls": {"1": 0.01015228426395939, "2": 0.0, "3": 0.008733624454148471, "4": 0.005128205128205128, "5": 0.020491803278688523, "6": 0.0, "7": 0.023195876288659795, "8": 0.013605442176870748, "9": 0.020072992700729927, "10": 0.010416666666666666, "11": 0.0, "12": 0.01718213058419244, "13": 0.00554016620498615, "14": 0.005970149253731343, "15": 0.03460207612456748, "16": 0.041343669250646, "17": 0.018404907975460124, "18": 0.010380622837370242, "19": 0.06823529411764706, "20": 0.022397891963109356},
  "targets_count": 6423,
  "tp_count": 127
}