{
  "gt_count": 6900,
  "mean_obj_recall": 0.025529986026964928,
  "mean_scene_recall": 0.022400694215437385,
  "obj_recalls": {"1": 0.029609690444145357, "2": 0.031746031746031744, "3": 0.0390625, "4": 0.020202020202020204, "5": 0.005263157894736842, "6": 0.0, "7": 0.004, "8": 0.0, "9": 0.012195121951219513, "10": 0.0, "11": 0.0, "12": 0.007194244604316547, "13": 0.02857142857142857, "14": 0.0410958904109589, "15": 0.0136986301369863, "16": 0.09042553191489362, "17": 0.1917808219178082, "18": 0.00684931506849315, "19": 0.010471204188481676, "20": 0.004166666666666667, "21": 0.005714285714285714, "22": 0.0, "23": 0.024193548387096774, "24": 0.03125, "25": 0.021052631578947368, "26": 0.0, "27": 0.041666666666666664, "28": 0.026041666666666668, "29": 0.01020408163265306, "30": 0.06944444444444445},
  "recall": 0.025688930406352173,
  "scene_recalls": {"1": 0.025380710659898477, "2": 0.0, "3": 0.008733624454148471, "4": 0.010256410256410256, "5": 0.028688524590163935, "6": 0.004273504273504274, "7": 0.028350515463917526, "8": 0.013605442176870748, "9": 0.03102189781021898, "10": 0.017361111111111112, "11": 0.005076142131979695, "12": 0.024054982817869417, "13": 0.0110803324099723, "14": 0.008955223880597015, "15": 0.03460207612456748, "16": 0.04909560723514212, "17": 0.03067484662576687, "18": 0.01384083044982699, "19": 0.07529411764705882, "20": 0.02766798418972332},
  "targets_count": 6423,
  "tp_count": 165
}