{
  "gt_count": 6900,
  "mean_obj_recall": 0.05727861305158249,
  "mean_scene_recall": 0.0524569426604354,
  "obj_recalls": {"1": 0.05518169582772544, "2": 0.07709750566893424, "3": 0.10416666666666667, "4": 0.05218855218855219, "5": 0.02631578947368421, "6": 0.02040816326530612, "7": 0.032, "8": 0.04666666666666667, "9": 0.04878048780487805, "10": 0.0, "11": 0.022857142857142857, "12": 0.014388489208633094, "13": 0.03571428571428571, "14": 0.0547945205479452, "15": 0.03424657534246575, "16": 0.13829787234042554, "17": 0.23972602739726026, "18": 0.04794520547945205, "19": 0.03664921465968586, "20": 0.0125, "21": 0.03428571428571429, "22": 0.010638297872340425, "23": 0.06854838709677419, "24": 0.046875, "25": 0.06315789473684211, "26": 0.050505050505050504, "27": 0.125, "28": 0.057291666666666664, "29": 0.05102040816326531, "30": 0.1111111111111111},
  "recall": 0.05776117079246458,
  "scene_recalls": {"1": 0.05583756345177665, "2": 0.02040816326530612, "3": 0.048034934497816595, "4": 0.035897435897435895, "5": 0.06557377049180328, "6": 0.02564102564102564, "7": 0.05670103092783505, "8": 0.034013605442176874, "9": 0.08029197080291971, "10": 0.04513888888888889, "11": 0.025380710659898477, "12": 0.054982817869415807, "13": 0.038781163434903045, "14": 0.03283582089552239, "15": 0.07612456747404844, "16": 0.07751937984496124, "17": 0.06441717791411043, "18": 0.031141868512110725, "19": 0.11058823529411765, "20": 0.06982872200263504},
  "targets_count": 6423,
  "tp_count": 371
}