{
  "gt_count": 1517,
  "mean_obj_recall": 0.5868152951474163,
  "mean_scene_recall": 0.5965397923875433,
  "obj_recalls": {"1": 0.5657142857142857, "5": 0.8844221105527639, "6": 0.5321637426900585, "8": 0.61, "9": 0.6666666666666666, "10": 0.15555555555555556, "11": 0.5, "12": 0.78},
  "recall": 0.5965397923875433,
  "scene_recalls": {"2": 0.5965397923875433},
  "targets_count": 1445,
  "tp_count": 862
}