{
  "gt_count": 1517,
  "mean_obj_recall": 0.17774411426388417,
  "mean_scene_recall": 0.17993079584775087,
  "obj_recalls": {"1": 0.12571428571428572, "5": 0.17587939698492464, "6": 0.17543859649122806, "8": 0.07, "9": 0.38333333333333336, "10": 0.09444444444444444, "11": 0.10714285714285714, "12": 0.29},
  "recall": 0.17993079584775087,
  "scene_recalls": {"2": 0.17993079584775087},
  "targets_count": 1445,
  "tp_count": 260
}