{
  "gt_count": 1517,
  "mean_obj_recall": 0.22189101837508346,
  "mean_scene_recall": 0.2235294117647059,
  "obj_recalls": {"1": 0.18857142857142858, "5": 0.22613065326633167, "6": 0.23391812865497075, "8": 0.1, "9": 0.4222222222222222, "10": 0.1, "11": 0.16428571428571428, "12": 0.34},
  "recall": 0.2235294117647059,
  "scene_recalls": {"2": 0.2235294117647059},
  "targets_count": 1445,
  "tp_count": 323
}