{
  "gt_count": 1517,
  "mean_obj_recall": 0.2675495926793533,
  "mean_scene_recall": 0.26920415224913496,
  "obj_recalls": {"1": 0.25142857142857145, "5": 0.32663316582914576, "6": 0.25146198830409355, "8": 0.13, "9": 0.46111111111111114, "10": 0.13333333333333333, "11": 0.22142857142857142, "12": 0.365},
  "recall": 0.26920415224913496,
  "scene_recalls": {"2": 0.26920415224913496},
  "targets_count": 1445,
  "tp_count": 389
}