{
  "gt_count": 1517,
  "mean_obj_recall": 0.5173535571550316,
  "mean_scene_recall": 0.5266435986159169,
  "obj_recalls": {"1": 0.4114285714285714, "5": 0.8442211055276382, "6": 0.4619883040935672, "8": 0.485, "9": 0.6388888888888888, "10": 0.14444444444444443, "11": 0.44285714285714284, "12": 0.71},
  "recall": 0.5266435986159169,
  "scene_recalls": {"2": 0.5266435986159169},
  "targets_count": 1445,
  "tp_count": 761
}