{
  "gt_count": 1517,
  "mean_obj_recall": 0.045990069394592006,
  "mean_scene_recall": 0.047058823529411764,
  "obj_recalls": {"1": 0.02857142857142857, "5": 0.06030150753768844, "6": 0.0, "8": 0.005, "9": 0.1111111111111111, "10": 0.022222222222222223, "11": 0.03571428571428571, "12": 0.105},
  "recall": 0.047058823529411764,
  "scene_recalls": {"2": 0.047058823529411764},
  "targets_count": 1445,
  "tp_count": 68
}