{
  "gt_count": 1517,
  "mean_obj_recall": 0.08203381674454142,
  "mean_scene_recall": 0.08304498269896193,
  "obj_recalls": {"1": 0.07428571428571429, "5": 0.05527638190954774, "6": 0.06432748538011696, "8": 0.035, "9": 0.2111111111111111, "10": 0.05555555555555555, "11": 0.03571428571428571, "12": 0.125},
  "recall": 0.08304498269896193,
  "scene_recalls": {"2": 0.08304498269896193},
  "targets_count": 1445,
  "tp_count": 120
}