{
  "gt_count": 1517,
  "mean_obj_recall": 0.2364404677942763,
  "mean_scene_recall": 0.23806228373702423,
  "obj_recalls": {"1": 0.21714285714285714, "5": 0.2613065326633166, "6": 0.24561403508771928, "8": 0.105, "9": 0.4388888888888889, "10": 0.1, "11": 0.17857142857142858, "12": 0.345},
  "recall": 0.23806228373702423,
  "scene_recalls": {"2": 0.23806228373702423},
  "targets_count": 1445,
  "tp_count": 344
}