{
  "gt_count": 1517,
  "mean_obj_recall": 0.023105166601596117,
  "mean_scene_recall": 0.022837370242214532,
  "obj_recalls": {"1": 0.02857142857142857, "5": 0.005025125628140704, "6": 0.005847953216374269, "8": 0.005, "9": 0.08333333333333333, "10": 0.027777777777777776, "11": 0.014285714285714285, "12": 0.015},
  "recall": 0.022837370242214532,
  "scene_recalls": {"2": 0.022837370242214532},
  "targets_count": 1445,
  "tp_count": 33
}