{
  "gt_count": 1517,
  "mean_obj_recall": 0.16326803188876715,
  "mean_scene_recall": 0.16816608996539792,
  "obj_recalls": {"1": 0.09714285714285714, "5": 0.31155778894472363, "6": 0.04093567251461988, "8": 0.045, "9": 0.3277777777777778, "10": 0.044444444444444446, "11": 0.11428571428571428, "12": 0.325},
  "recall": 0.16816608996539792,
  "scene_recalls": {"2": 0.16816608996539792},
  "targets_count": 1445,
  "tp_count": 243
}