{
  "gt_count": 1517,
  "mean_obj_recall": 0.6089054241550274,
  "mean_scene_recall": 0.6193771626297578,
  "obj_recalls": {"1": 0.6057142857142858, "5": 0.8894472361809045, "6": 0.543859649122807, "8": 0.67, "9": 0.6944444444444444, "10": 0.17777777777777778, "11": 0.5, "12": 0.79},
  "recall": 0.6193771626297578,
  "scene_recalls": {"2": 0.6193771626297578},
  "targets_count": 1445,
  "tp_count": 895
}