{
  "gt_count": 1517,
  "mean_obj_recall": 0.2510165305432761,
  "mean_scene_recall": 0.25259515570934254,
  "obj_recalls": {"1": 0.24571428571428572, "5": 0.2864321608040201, "6": 0.25146198830409355, "8": 0.11, "9": 0.45, "10": 0.11666666666666667, "11": 0.19285714285714287, "12": 0.355},
  "recall": 0.25259515570934254,
  "scene_recalls": {"2": 0.25259515570934254},
  "targets_count": 1445,
  "tp_count": 365
}