{
  "gt_count": 1517,
  "mean_obj_recall": 0.13409009332376168,
  "mean_scene_recall": 0.13633217993079585,
  "obj_recalls": {"1": 0.10285714285714286, "5": 0.11557788944723618, "6": 0.1111111111111111, "8": 0.055, "9": 0.3111111111111111, "10": 0.07777777777777778, "11": 0.06428571428571428, "12": 0.235},
  "recall": 0.13633217993079585,
  "scene_recalls": {"2": 0.13633217993079585},
  "targets_count": 1445,
  "tp_count": 197
}