{
  "gt_count": 1517,
  "mean_obj_recall": 0.20543630065532342,
  "mean_scene_recall": 0.20761245674740483,
  "obj_recalls": {"1": 0.17142857142857143, "5": 0.20100502512562815, "6": 0.21637426900584794, "8": 0.085, "9": 0.4111111111111111, "10": 0.1, "11": 0.12857142857142856, "12": 0.33},
  "recall": 0.20761245674740483,
  "scene_recalls": {"2": 0.20761245674740483},
  "targets_count": 1445,
  "tp_count": 300
}