{
  "gt_count": 1517,
  "mean_obj_recall": 0.3985005147920051,
  "mean_scene_recall": 0.40622837370242215,
  "obj_recalls": {"1": 0.32, "5": 0.7286432160804021, "6": 0.3157894736842105, "8": 0.25, "9": 0.55, "10": 0.1, "11": 0.32857142857142857, "12": 0.595},
  "recall": 0.40622837370242215,
  "scene_recalls": {"2": 0.40622837370242215},
  "targets_count": 1445,
  "tp_count": 587
}