{
  "gt_count": 1517,
  "mean_obj_recall": 0.4694169862470246,
  "mean_scene_recall": 0.47681660899653977,
  "obj_recalls": {"1": 0.3657142857142857, "5": 0.8040201005025126, "6": 0.4152046783625731, "8": 0.35, "9": 0.6277777777777778, "10": 0.13333333333333333, "11": 0.4142857142857143, "12": 0.645},
  "recall": 0.47681660899653977,
  "scene_recalls": {"2": 0.47681660899653977},
  "targets_count": 1445,
  "tp_count": 689
}