{
  "gt_count": 1517,
  "mean_obj_recall": 0.28205236447483867,
  "mean_scene_recall": 0.2892733564013841,
  "obj_recalls": {"1": 0.18857142857142858, "5": 0.5628140703517588, "6": 0.14035087719298245, "8": 0.115, "9": 0.4444444444444444, "10": 0.06666666666666667, "11": 0.22857142857142856, "12": 0.51},
  "recall": 0.2892733564013841,
  "scene_recalls": {"2": 0.2892733564013841},
  "targets_count": 1445,
  "tp_count": 418
}