{
  "gt_count": 1517,
  "mean_obj_recall": 0.5550854260861534,
  "mean_scene_recall": 0.5647058823529412,
  "obj_recalls": {"1": 0.5085714285714286, "5": 0.8693467336683417, "6": 0.5029239766081871, "8": 0.54, "9": 0.6555555555555556, "10": 0.15, "11": 0.4642857142857143, "12": 0.75},
  "recall": 0.5647058823529412,
  "scene_recalls": {"2": 0.5647058823529412},
  "targets_count": 1445,
  "tp_count": 816
}