{
  "gt_count": 6900,
  "mean_obj_recall": 0.5076411007039321,
  "mean_scene_recall": 0.4910561759626937,
  "obj_recalls": {"1": 0.27052489905787347, "2": 0.2834467120181406, "3": 0.3541666666666667, "4": 0.20202020202020202, "5": 0.7315789473684211, "6": 0.5918367346938775, "7": 0.728, "8": 0.5133333333333333, "9": 0.8130081300813008, "10": 0.5804195804195804, "11": 0.37714285714285717, "12": 0.6187050359712231, "13": 0.5142857142857142, "14": 0.3972602739726027, "15": 0.6438356164383562, "16": 0.3882978723404255, "17": 0.8698630136986302, "18": 0.6164383561643836, "19": 0.3507853403141361, "20": 0.35833333333333334, "21": 0.46285714285714286, "22": 0.40425531914893614, "23": 0.5483870967741935, "24": 0.3802083333333333, "25": 0.25263157894736843, "26": 0.45454545454545453, "27": 0.7083333333333334, "28": 0.609375, "29": 0.6428571428571429, "30": 0.5625},
  "recall": 0.45212517515179823,
  "scene_recalls": {"1": 0.4467005076142132, "2": 0.7006802721088435, "3": 0.6069868995633187, "4": 0.48205128205128206, "5": 0.5450819672131147, "6": 0.5, "7": 0.5103092783505154, "8": 0.4523809523809524, "9": 0.2937956204379562, "10": 0.5798611111111112, "11": 0.7461928934010152, "12": 0.5738831615120275, "13": 0.40166204986149584, "14": 0.3492537313432836, "15": 0.5743944636678201, "16": 0.5271317829457365, "17": 0.4570552147239264, "18": 0.3633217993079585, "19": 0.5035294117647059, "20": 0.20685111989459815},
  "targets_count": 6423,
  "tp_count": 2904
}