{
  "gt_count": 6900,
  "mean_obj_recall": 0.07999051656973416,
  "mean_scene_recall": 0.07416016236282681,
  "obj_recalls": {"1": 0.06056527590847914, "2": 0.11791383219954649, "3": 0.10416666666666667, "4": 0.07912457912457913, "5": 0.05789473684210526, "6": 0.0, "7": 0.036, "8": 0.12666666666666668, "9": 0.1016260162601626, "10": 0.027972027972027972, "11": 0.05714285714285714, "12": 0.050359712230215826, "13": 0.06428571428571428, "14": 0.0958904109589041, "15": 0.07534246575342465, "16": 0.18617021276595744, "17": 0.4452054794520548, "18": 0.04794520547945205, "19": 0.05235602094240838, "20": 0.020833333333333332, "21": 0.017142857142857144, "22": 0.015957446808510637, "23": 0.028225806451612902, "24": 0.06770833333333333, "25": 0.021052631578947368, "26": 0.08080808080808081, "27": 0.0625, "28": 0.08854166666666667, "29": 0.07142857142857142, "30": 0.1388888888888889},
  "recall": 0.07955783901603612,
  "scene_recalls": {"1": 0.08121827411167512, "2": 0.013605442176870748, "3": 0.10043668122270742, "4": 0.09743589743589744, "5": 0.06967213114754098, "6": 0.02564102564102564, "7": 0.13659793814432988, "8": 0.027210884353741496, "9": 0.08941605839416059, "10": 0.052083333333333336, "11": 0.08121827411167512, "12": 0.09965635738831616, "13": 0.05263157894736842, "14": 0.01791044776119403, "15": 0.0726643598615917, "16": 0.1524547803617571, "17": 0.06748466257668712, "18": 0.03806228373702422, "19": 0.11294117647058824, "20": 0.09486166007905138},
  "targets_count": 6423,
  "tp_count": 511
}