{
  "gt_count": 6900,
  "mean_obj_recall": 0.01199427470304886,
  "mean_scene_recall": 0.007908532569926699,
  "obj_recalls": {"1": 0.0013458950201884253, "2": 0.006802721088435374, "3": 0.010416666666666666, "4": 0.003367003367003367, "5": 0.005263157894736842, "6": 0.0, "7": 0.0, "8": 0.0, "9": 0.0040650406504065045, "10": 0.0, "11": 0.0, "12": 0.0, "13": 0.0, "14": 0.0136986301369863, "15": 0.00684931506849315, "16": 0.03723404255319149, "17": 0.2534246575342466, "18": 0.0, "19": 0.0, "20": 0.0, "21": 0.0, "22": 0.0, "23": 0.0, "24": 0.010416666666666666, "25": 0.0, "26": 0.0, "27": 0.0, "28": 0.0, "29": 0.0, "30": 0.006944444444444444},
  "recall": 0.009652810213295967,
  "scene_recalls": {"1": 0.005076142131979695, "2": 0.0, "3": 0.0, "4": 0.0, "5": 0.0, "6": 0.0, "7": 0.03608247422680412, "8": 0.0, "9": 0.0072992700729927005, "10": 0.006944444444444444, "11": 0.01015228426395939, "12": 0.0, "13": 0.0, "14": 0.0, "15": 0.0, "16": 0.059431524547803614, "17": 0.003067484662576687, "18": 0.0, "19": 0.023529411764705882, "20": 0.006587615283267457},
  "targets_count": 6423,
  "tp_count": 62
}