{
  "gt_count": 6900,
  "mean_obj_recall": 0.035671162633817886,
  "mean_scene_recall": 0.028578577983331667,
  "obj_recalls": {"1": 0.018842530282637954, "2": 0.049886621315192746, "3": 0.041666666666666664, "4": 0.030303030303030304, "5": 0.015789473684210527, "6": 0.0, "7": 0.0, "8": 0.02666666666666667, "9": 0.016260162601626018, "10": 0.0, "11": 0.0, "12": 0.007194244604316547, "13": 0.03571428571428571, "14": 0.0547945205479452, "15": 0.04794520547945205, "16": 0.1276595744680851, "17": 0.4246575342465753, "18": 0.0136986301369863, "19": 0.005235602094240838, "20": 0.0, "21": 0.0, "22": 0.0, "23": 0.012096774193548387, "24": 0.036458333333333336, "25": 0.0, "26": 0.0, "27": 0.0, "28": 0.005208333333333333, "29": 0.030612244897959183, "30": 0.06944444444444445},
  "recall": 0.033473454771913436,
  "scene_recalls": {"1": 0.030456852791878174, "2": 0.0, "3": 0.013100436681222707, "4": 0.020512820512820513, "5": 0.020491803278688523, "6": 0.0, "7": 0.0979381443298969, "8": 0.003401360544217687, "9": 0.040145985401459854, "10": 0.020833333333333332, "11": 0.02030456852791878, "12": 0.037800687285223365, "13": 0.002770083102493075, "14": 0.005970149253731343, "15": 0.01730103806228374, "16": 0.11886304909560723, "17": 0.012269938650306749, "18": 0.006920415224913495, "19": 0.06823529411764706, "20": 0.034255599472990776},
  "targets_count": 6423,
  "tp_count": 215
}