{
  "gt_count": 6900,
  "mean_obj_recall": 0.044217456079246535,
  "mean_scene_recall": 0.03736248686766249,
  "obj_recalls": {"1": 0.02557200538358008, "2": 0.06802721088435375, "3": 0.052083333333333336, "4": 0.04377104377104377, "5": 0.031578947368421054, "6": 0.0, "7": 0.004, "8": 0.03333333333333333, "9": 0.044715447154471545, "10": 0.0, "11": 0.005714285714285714, "12": 0.007194244604316547, "13": 0.04285714285714286, "14": 0.06164383561643835, "15": 0.0547945205479452, "16": 0.1276595744680851, "17": 0.4383561643835616, "18": 0.02054794520547945, "19": 0.005235602094240838, "20": 0.0, "21": 0.0, "22": 0.0, "23": 0.016129032258064516, "24": 0.041666666666666664, "25": 0.0, "26": 0.020202020202020204, "27": 0.020833333333333332, "28": 0.036458333333333336, "29": 0.04081632653061224, "30": 0.08333333333333333},
  "recall": 0.042659193523275726,
  "scene_recalls": {"1": 0.04060913705583756, "2": 0.0, "3": 0.026200873362445413, "4": 0.03076923076923077, "5": 0.036885245901639344, "6": 0.004273504273504274, "7": 0.10824742268041238, "8": 0.003401360544217687, "9": 0.043795620437956206, "10": 0.027777777777777776, "11": 0.030456852791878174, "12": 0.05154639175257732, "13": 0.01662049861495845, "14": 0.005970149253731343, "15": 0.031141868512110725, "16": 0.12403100775193798, "17": 0.02147239263803681, "18": 0.020761245674740483, "19": 0.07058823529411765, "20": 0.052700922266139656},
  "targets_count": 6423,
  "tp_count": 274
}