{
  "gt_count": 6900,
  "mean_obj_recall": 0.020338811515008135,
  "mean_scene_recall": 0.014507262766985824,
  "obj_recalls": {"1": 0.005383580080753701, "2": 0.015873015873015872, "3": 0.0234375, "4": 0.006734006734006734, "5": 0.005263157894736842, "6": 0.0, "7": 0.0, "8": 0.006666666666666667, "9": 0.008130081300813009, "10": 0.0, "11": 0.0, "12": 0.0, "13": 0.02142857142857143, "14": 0.0273972602739726, "15": 0.02054794520547945, "16": 0.07446808510638298, "17": 0.3219178082191781, "18": 0.0, "19": 0.0, "20": 0.0, "21": 0.0, "22": 0.0, "23": 0.0, "24": 0.03125, "25": 0.0, "26": 0.0, "27": 0.0, "28": 0.0, "29": 0.0, "30": 0.041666666666666664},
  "recall": 0.017281644091546006,
  "scene_recalls": {"1": 0.015228426395939087, "2": 0.0, "3": 0.0, "4": 0.005128205128205128, "5": 0.004098360655737705, "6": 0.0, "7": 0.05670103092783505, "8": 0.0, "9": 0.014598540145985401, "10": 0.017361111111111112, "11": 0.015228426395939087, "12": 0.006872852233676976, "13": 0.0, "14": 0.0029850746268656717, "15": 0.0034602076124567475, "16": 0.08785529715762273, "17": 0.006134969325153374, "18": 0.0, "19": 0.04, "20": 0.014492753623188406},
  "targets_count": 6423,
  "tp_count": 111
}