{
  "gt_count": 6900,
  "mean_obj_recall": 0.37014216908141706,
  "mean_scene_recall": 0.3537918010481706,
  "obj_recalls": {"1": 0.15746971736204576, "2": 0.2018140589569161, "3": 0.2265625, "4": 0.09764309764309764, "5": 0.6578947368421053, "6": 0.30612244897959184, "7": 0.596, "8": 0.21333333333333335, "9": 0.7032520325203252, "10": 0.42657342657342656, "11": 0.10857142857142857, "12": 0.460431654676259, "13": 0.35714285714285715, "14": 0.2808219178082192, "15": 0.5273972602739726, "16": 0.30319148936170215, "17": 0.8493150684931506, "18": 0.4863013698630137, "19": 0.2356020942408377, "20": 0.1625, "21": 0.25142857142857145, "22": 0.22340425531914893, "23": 0.38306451612903225, "24": 0.23958333333333334, "25": 0.16842105263157894, "26": 0.3838383838383838, "27": 0.5833333333333334, "28": 0.5104166666666666, "29": 0.5306122448979592, "30": 0.4722222222222222},
  "recall": 0.32118947532305775,
  "scene_recalls": {"1": 0.3350253807106599, "2": 0.5714285714285714, "3": 0.43231441048034935, "4": 0.38461538461538464, "5": 0.4098360655737705, "6": 0.24786324786324787, "7": 0.40463917525773196, "8": 0.2925170068027211, "9": 0.16058394160583941, "10": 0.3854166666666667, "11": 0.583756345177665, "12": 0.44329896907216493, "13": 0.24930747922437674, "14": 0.1791044776119403, "15": 0.47750865051903113, "16": 0.3850129198966408, "17": 0.3374233128834356, "18": 0.2560553633217993, "19": 0.40705882352941175, "20": 0.13306982872200263},
  "targets_count": 6423,
  "tp_count": 2063
}