{
  "gt_count": 6900,
  "mean_obj_recall": 0.42674620943248354,
  "mean_scene_recall": 0.41012045487337573,
  "obj_recalls": {"1": 0.20053835800807537, "2": 0.23809523809523808, "3": 0.296875, "4": 0.1414141414141414, "5": 0.6894736842105263, "6": 0.41836734693877553, "7": 0.656, "8": 0.30666666666666664, "9": 0.7682926829268293, "10": 0.5244755244755245, "11": 0.24, "12": 0.5611510791366906, "13": 0.42857142857142855, "14": 0.3219178082191781, "15": 0.5753424657534246, "16": 0.32978723404255317, "17": 0.8561643835616438, "18": 0.541095890410959, "19": 0.2774869109947644, "20": 0.225, "21": 0.32571428571428573, "22": 0.2712765957446808, "23": 0.4596774193548387, "24": 0.296875, "25": 0.2, "26": 0.40404040404040403, "27": 0.625, "28": 0.53125, "29": 0.5918367346938775, "30": 0.5},
  "recall": 0.3755254553946754,
  "scene_recalls": {"1": 0.36548223350253806, "2": 0.6394557823129252, "3": 0.5283842794759825, "4": 0.40512820512820513, "5": 0.47950819672131145, "6": 0.3547008547008547, "7": 0.4329896907216495, "8": 0.3469387755102041, "9": 0.22262773722627738, "10": 0.4444444444444444, "11": 0.6446700507614214, "12": 0.5154639175257731, "13": 0.29916897506925205, "14": 0.2507462686567164, "15": 0.5190311418685121, "16": 0.4496124031007752, "17": 0.3834355828220859, "18": 0.2975778546712803, "19": 0.45176470588235296, "20": 0.1712779973649539},
  "targets_count": 6423,
  "tp_count": 2412
}