{
  "gt_count": 6900,
  "mean_obj_recall": 0.06682034536611535,
  "mean_scene_recall": 0.061312496460817024,
  "obj_recalls": {"1": 0.04979811574697174, "2": 0.10430839002267574, "3": 0.08072916666666667, "4": 0.06565656565656566, "5": 0.05789473684210526, "6": 0.0, "7": 0.024, "8": 0.08, "9": 0.08130081300813008, "10": 0.027972027972027972, "11": 0.04, "12": 0.02158273381294964, "13": 0.05714285714285714, "14": 0.0958904109589041, "15": 0.0684931506849315, "16": 0.16489361702127658, "17": 0.4383561643835616, "18": 0.03424657534246575, "19": 0.03664921465968586, "20": 0.016666666666666666, "21": 0.005714285714285714, "22": 0.010638297872340425, "23": 0.028225806451612902, "24": 0.0625, "25": 0.010526315789473684, "26": 0.04040404040404041, "27": 0.052083333333333336, "28": 0.07291666666666667, "29": 0.05102040816326531, "30": 0.125},
  "recall": 0.06663552856920442,
  "scene_recalls": {"1": 0.07106598984771574, "2": 0.013605442176870748, "3": 0.06550218340611354, "4": 0.06666666666666667, "5": 0.04918032786885246, "6": 0.01282051282051282, "7": 0.13144329896907217, "8": 0.017006802721088437, "9": 0.07116788321167883, "10": 0.04861111111111111, "11": 0.07106598984771574, "12": 0.08934707903780069, "13": 0.0443213296398892, "14": 0.014925373134328358, "15": 0.05190311418685121, "16": 0.14470284237726097, "17": 0.05521472392638037, "18": 0.031141868512110725, "19": 0.0988235294117647, "20": 0.077733860342556},
  "targets_count": 6423,
  "tp_count": 428
}