{
  "gt_count": 6900,
  "mean_obj_recall": 0.4953406152940037,
  "mean_scene_recall": 0.47938062661378805,
  "obj_recalls": {"1": 0.2597577388963661, "2": 0.2743764172335601, "3": 0.34375, "4": 0.19865319865319866, "5": 0.7315789473684211, "6": 0.5510204081632653, "7": 0.716, "8": 0.49333333333333335, "9": 0.8089430894308943, "10": 0.5734265734265734, "11": 0.35428571428571426, "12": 0.6115107913669064, "13": 0.5142857142857142, "14": 0.3767123287671233, "15": 0.6301369863013698, "16": 0.3617021276595745, "17": 0.863013698630137, "18": 0.6164383561643836, "19": 0.34554973821989526, "20": 0.3458333333333333, "21": 0.44571428571428573, "22": 0.39361702127659576, "23": 0.532258064516129, "24": 0.375, "25": 0.22105263157894736, "26": 0.45454545454545453, "27": 0.6979166666666666, "28": 0.5885416666666666, "29": 0.6326530612244898, "30": 0.5486111111111112},
  "recall": 0.44107115055270124,
  "scene_recalls": {"1": 0.4213197969543147, "2": 0.6938775510204082, "3": 0.6026200873362445, "4": 0.4717948717948718, "5": 0.5327868852459017, "6": 0.47435897435897434, "7": 0.4948453608247423, "8": 0.4387755102040816, "9": 0.28832116788321166, "10": 0.5694444444444444, "11": 0.7360406091370558, "12": 0.570446735395189, "13": 0.37950138504155123, "14": 0.34328358208955223, "15": 0.5674740484429066, "16": 0.5038759689922481, "17": 0.44785276073619634, "18": 0.35294117647058826, "19": 0.4964705882352941, "20": 0.2015810276679842},
  "targets_count": 6423,
  "tp_count": 2833
}