{
  "gt_count": 6900,
  "mean_obj_recall": 0.45359964149165627,
  "mean_scene_recall": 0.4377729406174137,
  "obj_recalls": {"1": 0.22611036339165544, "2": 0.25396825396825395, "3": 0.3125, "4": 0.16666666666666666, "5": 0.7157894736842105, "6": 0.47959183673469385, "7": 0.668, "8": 0.37333333333333335, "9": 0.7723577235772358, "10": 0.5524475524475524, "11": 0.29714285714285715, "12": 0.5683453237410072, "13": 0.4857142857142857, "14": 0.3493150684931507, "15": 0.5958904109589042, "16": 0.35106382978723405, "17": 0.863013698630137, "18": 0.5547945205479452, "19": 0.31413612565445026, "20": 0.2625, "21": 0.36, "22": 0.31382978723404253, "23": 0.4879032258064516, "24": 0.328125, "25": 0.2, "26": 0.42424242424242425, "27": 0.6458333333333334, "28": 0.5625, "29": 0.6020408163265306, "30": 0.5208333333333334},
  "recall": 0.40137007628833876,
  "scene_recalls": {"1": 0.38578680203045684, "2": 0.673469387755102, "3": 0.5502183406113537, "4": 0.4358974358974359, "5": 0.4959016393442623, "6": 0.4017094017094017, "7": 0.45618556701030927, "8": 0.3843537414965986, "9": 0.2518248175182482, "10": 0.4826388888888889, "11": 0.6903553299492385, "12": 0.5360824742268041, "13": 0.3268698060941828, "14": 0.2835820895522388, "15": 0.5432525951557093, "16": 0.4728682170542636, "17": 0.40797546012269936, "18": 0.31833910034602075, "19": 0.4776470588235294, "20": 0.18050065876152832},
  "targets_count": 6423,
  "tp_count": 2578
}