{
  "gt_count": 6900,
  "mean_obj_recall": 0.09498778829007613,
  "mean_scene_recall": 0.08844669065726994,
  "obj_recalls": {"1": 0.06864064602960969, "2": 0.13151927437641722, "3": 0.11979166666666667, "4": 0.09595959595959595, "5": 0.06842105263157895, "6": 0.04081632653061224, "7": 0.06, "8": 0.14, "9": 0.12601626016260162, "10": 0.055944055944055944, "11": 0.06857142857142857, "12": 0.05755395683453238, "13": 0.07142857142857142, "14": 0.1095890410958904, "15": 0.07534246575342465, "16": 0.19148936170212766, "17": 0.4726027397260274, "18": 0.0684931506849315, "19": 0.08376963350785341, "20": 0.020833333333333332, "21": 0.02857142857142857, "22": 0.02127659574468085, "23": 0.028225806451612902, "24": 0.08333333333333333, "25": 0.031578947368421054, "26": 0.10101010101010101, "27": 0.07291666666666667, "28": 0.11458333333333333, "29": 0.08163265306122448, "30": 0.1597222222222222},
  "recall": 0.09372567336135762,
  "scene_recalls": {"1": 0.08121827411167512, "2": 0.034013605442176874, "3": 0.11353711790393013, "4": 0.11282051282051282, "5": 0.08196721311475409, "6": 0.05128205128205128, "7": 0.14432989690721648, "8": 0.04081632653061224, "9": 0.09854014598540146, "10": 0.059027777777777776, "11": 0.09137055837563451, "12": 0.12027491408934708, "13": 0.07479224376731301, "14": 0.023880597014925373, "15": 0.09342560553633218, "16": 0.17054263565891473, "17": 0.0736196319018405, "18": 0.0657439446366782, "19": 0.12705882352941175, "20": 0.11067193675889328},
  "targets_count": 6423,
  "tp_count": 602
}