{
  "gt_count": 6900,
  "mean_obj_recall": 0.08074096760634641,
  "mean_scene_recall": 0.06511921679478819,
  "obj_recalls": {"1": 0.014804845222072678, "2": 0.022675736961451247, "3": 0.026041666666666668, "4": 0.003367003367003367, "5": 0.11578947368421053, "6": 0.02040816326530612, "7": 0.08, "8": 0.013333333333333334, "9": 0.07723577235772358, "10": 0.013986013986013986, "11": 0.0, "12": 0.02158273381294964, "13": 0.007142857142857143, "14": 0.0136986301369863, "15": 0.2191780821917808, "16": 0.05851063829787234, "17": 0.5273972602739726, "18": 0.1095890410958904, "19": 0.015706806282722512, "20": 0.020833333333333332, "21": 0.022857142857142857, "22": 0.03723404255319149, "23": 0.05241935483870968, "24": 0.036458333333333336, "25": 0.07368421052631578, "26": 0.06060606060606061, "27": 0.21875, "28": 0.15104166666666666, "29": 0.21428571428571427, "30": 0.1736111111111111},
  "recall": 0.06071929005137786,
  "scene_recalls": {"1": 0.1319796954314721, "2": 0.08163265306122448, "3": 0.056768558951965066, "4": 0.07692307692307693, "5": 0.06147540983606557, "6": 0.008547008547008548, "7": 0.11855670103092783, "8": 0.034013605442176874, "9": 0.023722627737226276, "10": 0.059027777777777776, "11": 0.06598984771573604, "12": 0.048109965635738834, "13": 0.04986149584487535, "14": 0.01791044776119403, "15": 0.15570934256055363, "16": 0.09302325581395349, "17": 0.049079754601226995, "18": 0.01730103806228374, "19": 0.14352941176470588, "20": 0.00922266139657444},
  "targets_count": 6423,
  "tp_count": 390
}