{
  "gt_count": 6900,
  "mean_obj_recall": 0.47105122999538906,
  "mean_scene_recall": 0.45482661714222256,
  "obj_recalls": {"1": 0.24091520861372812, "2": 0.2653061224489796, "3": 0.328125, "4": 0.17845117845117844, "5": 0.7263157894736842, "6": 0.5204081632653061, "7": 0.684, "8": 0.42, "9": 0.7886178861788617, "10": 0.5524475524475524, "11": 0.3314285714285714, "12": 0.5899280575539568, "13": 0.4928571428571429, "14": 0.3767123287671233, "15": 0.6164383561643836, "16": 0.35638297872340424, "17": 0.863013698630137, "18": 0.5547945205479452, "19": 0.3193717277486911, "20": 0.2833333333333333, "21": 0.4057142857142857, "22": 0.34574468085106386, "23": 0.4959677419354839, "24": 0.34375, "25": 0.2, "26": 0.45454545454545453, "27": 0.6770833333333334, "28": 0.5729166666666666, "29": 0.6122448979591837, "30": 0.5347222222222222},
  "recall": 0.4175618869687062,
  "scene_recalls": {"1": 0.4010152284263959, "2": 0.673469387755102, "3": 0.5764192139737991, "4": 0.4564102564102564, "5": 0.5122950819672131, "6": 0.4444444444444444, "7": 0.47680412371134023, "8": 0.40816326530612246, "9": 0.26277372262773724, "10": 0.5, "11": 0.7055837563451777, "12": 0.5567010309278351, "13": 0.3490304709141274, "14": 0.30149253731343284, "15": 0.5605536332179931, "16": 0.48320413436692505, "17": 0.42024539877300615, "18": 0.33217993079584773, "19": 0.48470588235294115, "20": 0.19104084321475626},
  "targets_count": 6423,
  "tp_count": 2682
}