{
  "gt_count": 6900,
  "mean_obj_recall": 0.4838208545489018,
  "mean_scene_recall": 0.46845451350328676,
  "obj_recalls": {"1": 0.2557200538358008, "2": 0.272108843537415, "3": 0.3359375, "4": 0.18686868686868688, "5": 0.7315789473684211, "6": 0.5306122448979592, "7": 0.7, "8": 0.47333333333333333, "9": 0.8048780487804879, "10": 0.5734265734265734, "11": 0.34285714285714286, "12": 0.5971223021582733, "13": 0.4928571428571429, "14": 0.3767123287671233, "15": 0.6164383561643836, "16": 0.35638297872340424, "17": 0.863013698630137, "18": 0.589041095890411, "19": 0.33507853403141363, "20": 0.325, "21": 0.41714285714285715, "22": 0.3723404255319149, "23": 0.5120967741935484, "24": 0.3541666666666667, "25": 0.2, "26": 0.45454545454545453, "27": 0.6979166666666666, "28": 0.5833333333333334, "29": 0.6224489795918368, "30": 0.5416666666666666},
  "recall": 0.4304841974155379,
  "scene_recalls": {"1": 0.41116751269035534, "2": 0.6870748299319728, "3": 0.5938864628820961, "4": 0.4666666666666667, "5": 0.5286885245901639, "6": 0.452991452991453, "7": 0.4845360824742268, "8": 0.4217687074829932, "9": 0.2791970802919708, "10": 0.5347222222222222, "11": 0.7309644670050761, "12": 0.563573883161512, "13": 0.3656509695290859, "14": 0.3253731343283582, "15": 0.5605536332179931, "16": 0.4909560723514212, "17": 0.44171779141104295, "18": 0.34256055363321797, "19": 0.4894117647058824, "20": 0.1976284584980237},
  "targets_count": 6423,
  "tp_count": 2765
}