{
  "gt_count": 6900,
  "mean_obj_recall": 0.05518404051337613,
  "mean_scene_recall": 0.049413550928680924,
  "obj_recalls": {"1": 0.04306864064602961, "2": 0.08843537414965986, "3": 0.0703125, "4": 0.05218855218855219, "5": 0.03684210526315789, "6": 0.0, "7": 0.008, "8": 0.06, "9": 0.056910569105691054, "10": 0.013986013986013986, "11": 0.02857142857142857, "12": 0.007194244604316547, "13": 0.04285714285714286, "14": 0.08904109589041095, "15": 0.06164383561643835, "16": 0.1595744680851064, "17": 0.4383561643835616, "18": 0.0273972602739726, "19": 0.020942408376963352, "20": 0.004166666666666667, "21": 0.005714285714285714, "22": 0.005319148936170213, "23": 0.024193548387096774, "24": 0.0625, "25": 0.0, "26": 0.020202020202020204, "27": 0.03125, "28": 0.041666666666666664, "29": 0.05102040816326531, "30": 0.10416666666666667},
  "recall": 0.054958742020862525,
  "scene_recalls": {"1": 0.05583756345177665, "2": 0.006802721088435374, "3": 0.043668122270742356, "4": 0.035897435897435895, "5": 0.045081967213114756, "6": 0.008547008547008548, "7": 0.11855670103092783, "8": 0.01020408163265306, "9": 0.05291970802919708, "10": 0.04513888888888889, "11": 0.050761421319796954, "12": 0.07903780068728522, "13": 0.024930747922437674, "14": 0.011940298507462687, "15": 0.04152249134948097, "16": 0.1343669250645995, "17": 0.03987730061349693, "18": 0.02422145328719723, "19": 0.09176470588235294, "20": 0.06719367588932806},
  "targets_count": 6423,
  "tp_count": 353
}