{
  "gt_count": 6900,
  "mean_obj_recall": 0.26265554642665534,
  "mean_scene_recall": 0.2448918224147016,
  "obj_recalls": {"1": 0.08748317631224764, "2": 0.12698412698412698, "3": 0.14583333333333334, "4": 0.03872053872053872, "5": 0.5368421052631579, "6": 0.16326530612244897, "7": 0.448, "8": 0.08666666666666667, "9": 0.532520325203252, "10": 0.21678321678321677, "11": 0.03428571428571429, "12": 0.2517985611510791, "13": 0.19285714285714287, "14": 0.1780821917808219, "15": 0.4726027397260274, "16": 0.22872340425531915, "17": 0.815068493150685, "18": 0.3219178082191781, "19": 0.17801047120418848, "20": 0.1, "21": 0.10857142857142857, "22": 0.13297872340425532, "23": 0.1935483870967742, "24": 0.140625, "25": 0.16842105263157894, "26": 0.2727272727272727, "27": 0.4791666666666667, "28": 0.4375, "29": 0.42857142857142855, "30": 0.3611111111111111},
  "recall": 0.22123618246925114,
  "scene_recalls": {"1": 0.25888324873096447, "2": 0.41496598639455784, "3": 0.2576419213973799, "4": 0.3128205128205128, "5": 0.27049180327868855, "6": 0.11965811965811966, "7": 0.3247422680412371, "8": 0.1870748299319728, "9": 0.09306569343065693, "10": 0.22569444444444445, "11": 0.41624365482233505, "12": 0.28865979381443296, "13": 0.16620498614958448, "14": 0.08656716417910448, "15": 0.3875432525951557, "16": 0.27906976744186046, "17": 0.25153374233128833, "18": 0.16262975778546712, "19": 0.31529411764705884, "20": 0.07905138339920949},
  "targets_count": 6423,
  "tp_count": 1421
}