{
  "gt_count": 6900,
  "mean_obj_recall": 0.028483745681531433,
  "mean_scene_recall": 0.021005405077997783,
  "obj_recalls": {"1": 0.005383580080753701, "2": 0.027210884353741496, "3": 0.028645833333333332, "4": 0.015151515151515152, "5": 0.015789473684210527, "6": 0.0, "7": 0.0, "8": 0.006666666666666667, "9": 0.012195121951219513, "10": 0.0, "11": 0.0, "12": 0.007194244604316547, "13": 0.02857142857142857, "14": 0.04794520547945205, "15": 0.0410958904109589, "16": 0.11170212765957446, "17": 0.3698630136986301, "18": 0.0136986301369863, "19": 0.0, "20": 0.0, "21": 0.0, "22": 0.0, "23": 0.004032258064516129, "24": 0.036458333333333336, "25": 0.0, "26": 0.0, "27": 0.0, "28": 0.0, "29": 0.02040816326530612, "30": 0.0625},
  "recall": 0.02444340650786237,
  "scene_recalls": {"1": 0.025380710659898477, "2": 0.0, "3": 0.013100436681222707, "4": 0.010256410256410256, "5": 0.012295081967213115, "6": 0.0, "7": 0.07731958762886598, "8": 0.0, "9": 0.021897810218978103, "10": 0.020833333333333332, "11": 0.015228426395939087, "12": 0.01718213058419244, "13": 0.0, "14": 0.0029850746268656717, "15": 0.010380622837370242, "16": 0.10852713178294573, "17": 0.006134969325153374, "18": 0.0, "19": 0.058823529411764705, "20": 0.019762845849802372},
  "targets_count": 6423,
  "tp_count": 157
}