{
  "gt_count": 6900,
  "mean_obj_recall": 0.5175396984936687,
  "mean_scene_recall": 0.4999724594247569,
  "obj_recalls": {"1": 0.2718707940780619, "2": 0.28798185941043086, "3": 0.3645833333333333, "4": 0.2053872053872054, "5": 0.7368421052631579, "6": 0.6020408163265306, "7": 0.736, "8": 0.5333333333333333, "9": 0.8170731707317073, "10": 0.5944055944055944, "11": 0.37714285714285717, "12": 0.6402877697841727, "13": 0.5285714285714286, "14": 0.4041095890410959, "15": 0.6438356164383562, "16": 0.40425531914893614, "17": 0.8698630136986302, "18": 0.6232876712328768, "19": 0.3717277486910995, "20": 0.37916666666666665, "21": 0.4685714285714286, "22": 0.40425531914893614, "23": 0.5685483870967742, "24": 0.3854166666666667, "25": 0.2631578947368421, "26": 0.47474747474747475, "27": 0.7291666666666666, "28": 0.625, "29": 0.6530612244897959, "30": 0.5625},
  "recall": 0.46053246146660437,
  "scene_recalls": {"1": 0.45685279187817257, "2": 0.7006802721088435, "3": 0.6244541484716157, "4": 0.5076923076923077, "5": 0.5532786885245902, "6": 0.5042735042735043, "7": 0.5180412371134021, "8": 0.4523809523809524, "9": 0.3010948905109489, "10": 0.5868055555555556, "11": 0.7563451776649747, "12": 0.5738831615120275, "13": 0.42382271468144045, "14": 0.36716417910447763, "15": 0.5813148788927336, "16": 0.5426356589147286, "17": 0.46319018404907975, "18": 0.36678200692041524, "19": 0.5105882352941177, "20": 0.20816864295125165},
  "targets_count": 6423,
  "tp_count": 2958
}