{
  "gt_count": 6900,
  "mean_obj_recall": 0.1755500783329675,
  "mean_scene_recall": 0.1653321923442219,
  "obj_recalls": {"1": 0.07133243606998654, "2": 0.20634920634920634, "3": 0.22135416666666666, "4": 0.1127946127946128, "5": 0.0, "6": 0.20408163265306123, "7": 0.156, "8": 0.38, "9": 0.5447154471544715, "10": 0.3006993006993007, "11": 0.045714285714285714, "12": 0.07194244604316546, "13": 0.11428571428571428, "14": 0.4315068493150685, "15": 0.0958904109589041, "16": 0.425531914893617, "17": 0.678082191780822, "18": 0.0684931506849315, "19": 0.06806282722513089, "20": 0.029166666666666667, "21": 0.022857142857142857, "22": 0.09042553191489362, "23": 0.18548387096774194, "24": 0.11458333333333333, "25": 0.06315789473684211, "26": 0.23232323232323232, "27": 0.020833333333333332, "28": 0.09895833333333333, "29": 0.16326530612244897, "30": 0.04861111111111111},
  "recall": 0.16674451191032227,
  "scene_recalls": {"1": 0.05583756345177665, "2": 0.14965986394557823, "3": 0.12663755458515283, "4": 0.1641025641025641, "5": 0.1598360655737705, "6": 0.08974358974358974, "7": 0.29896907216494845, "8": 0.047619047619047616, "9": 0.15693430656934307, "10": 0.19444444444444445, "11": 0.38071065989847713, "12": 0.2646048109965636, "13": 0.04986149584487535, "14": 0.06865671641791045, "15": 0.10726643598615918, "16": 0.3152454780361757, "17": 0.1901840490797546, "18": 0.15570934256055363, "19": 0.17647058823529413, "20": 0.1541501976284585},
  "targets_count": 6423,
  "tp_count": 1071
}