{
  "gt_count": 6900,
  "mean_obj_recall": 0.20832703822646417,
  "mean_scene_recall": 0.1973109177913422,
  "obj_recalls": {"1": 0.09286675639300135, "2": 0.23809523809523808, "3": 0.2526041666666667, "4": 0.14646464646464646, "5": 0.0, "6": 0.23469387755102042, "7": 0.192, "8": 0.42, "9": 0.5772357723577236, "10": 0.42657342657342656, "11": 0.11428571428571428, "12": 0.14388489208633093, "13": 0.14285714285714285, "14": 0.4589041095890411, "15": 0.0958904109589041, "16": 0.43617021276595747, "17": 0.7191780821917808, "18": 0.10273972602739725, "19": 0.08900523560209424, "20": 0.029166666666666667, "21": 0.05142857142857143, "22": 0.1276595744680851, "23": 0.24596774193548387, "24": 0.13020833333333334, "25": 0.09473684210526316, "26": 0.26262626262626265, "27": 0.03125, "28": 0.11979166666666667, "29": 0.20408163265306123, "30": 0.06944444444444445},
  "recall": 0.19803829985987856,
  "scene_recalls": {"1": 0.09137055837563451, "2": 0.1564625850340136, "3": 0.16593886462882096, "4": 0.1794871794871795, "5": 0.22131147540983606, "6": 0.14957264957264957, "7": 0.327319587628866, "8": 0.06462585034013606, "9": 0.18065693430656934, "10": 0.2326388888888889, "11": 0.4263959390862944, "12": 0.29896907216494845, "13": 0.06371191135734072, "14": 0.11044776119402985, "15": 0.1314878892733564, "16": 0.37209302325581395, "17": 0.22699386503067484, "18": 0.17301038062283736, "19": 0.19058823529411764, "20": 0.1831357048748353},
  "targets_count": 6423,
  "tp_count": 1272
}