{
  "gt_count": 6900,
  "mean_obj_recall": 0.1302904172024049,
  "mean_scene_recall": 0.11955016704305318,
  "obj_recalls": {"1": 0.04441453566621804, "2": 0.15873015873015872, "3": 0.15364583333333334, "4": 0.06397306397306397, "5": 0.0, "6": 0.16326530612244897, "7": 0.088, "8": 0.28, "9": 0.4959349593495935, "10": 0.1048951048951049, "11": 0.011428571428571429, "12": 0.014388489208633094, "13": 0.07857142857142857, "14": 0.3835616438356164, "15": 0.0821917808219178, "16": 0.3776595744680851, "17": 0.6232876712328768, "18": 0.0136986301369863, "19": 0.03664921465968586, "20": 0.020833333333333332, "21": 0.011428571428571429, "22": 0.05319148936170213, "23": 0.13709677419354838, "24": 0.057291666666666664, "25": 0.021052631578947368, "26": 0.1919191919191919, "27": 0.010416666666666666, "28": 0.057291666666666664, "29": 0.15306122448979592, "30": 0.020833333333333332},
  "recall": 0.12206134205200063,
  "scene_recalls": {"1": 0.015228426395939087, "2": 0.10884353741496598, "3": 0.07860262008733625, "4": 0.11794871794871795, "5": 0.0778688524590164, "6": 0.038461538461538464, "7": 0.25773195876288657, "8": 0.02040816326530612, "9": 0.11496350364963503, "10": 0.1284722222222222, "11": 0.2893401015228426, "12": 0.19931271477663232, "13": 0.0332409972299169, "14": 0.04776119402985075, "15": 0.08650519031141868, "16": 0.2454780361757106, "17": 0.13803680981595093, "18": 0.1384083044982699, "19": 0.15294117647058825, "20": 0.10144927536231885},
  "targets_count": 6423,
  "tp_count": 784
}