{
  "gt_count": 6900,
  "mean_obj_recall": 0.23596717629283953,
  "mean_scene_recall": 0.2256198390672874,
  "obj_recalls": {"1": 0.11843876177658143, "2": 0.26077097505668934, "3": 0.2864583333333333, "4": 0.1835016835016835, "5": 0.0, "6": 0.23469387755102042, "7": 0.22, "8": 0.46, "9": 0.6097560975609756, "10": 0.4825174825174825, "11": 0.17714285714285713, "12": 0.2158273381294964, "13": 0.17142857142857143, "14": 0.4794520547945205, "15": 0.10273972602739725, "16": 0.4521276595744681, "17": 0.7397260273972602, "18": 0.13013698630136986, "19": 0.1256544502617801, "20": 0.05, "21": 0.07428571428571429, "22": 0.15425531914893617, "23": 0.29838709677419356, "24": 0.16145833333333334, "25": 0.10526315789473684, "26": 0.29292929292929293, "27": 0.041666666666666664, "28": 0.14583333333333334, "29": 0.21428571428571427, "30": 0.09027777777777778},
  "recall": 0.22699673049976646,
  "scene_recalls": {"1": 0.1065989847715736, "2": 0.16326530612244897, "3": 0.20087336244541484, "4": 0.2, "5": 0.25, "6": 0.20085470085470086, "7": 0.35309278350515466, "8": 0.08503401360544217, "9": 0.20255474452554745, "10": 0.2881944444444444, "11": 0.4619289340101523, "12": 0.3402061855670103, "13": 0.08310249307479224, "14": 0.14029850746268657, "15": 0.14878892733564014, "16": 0.42377260981912146, "17": 0.24539877300613497, "18": 0.1903114186851211, "19": 0.20941176470588235, "20": 0.21870882740447958},
  "targets_count": 6423,
  "tp_count": 1458
}