{
  "gt_count": 6900,
  "mean_obj_recall": 0.25505271744049085,
  "mean_scene_recall": 0.2453075157908208,
  "obj_recalls": {"1": 0.13593539703903096, "2": 0.2789115646258503, "3": 0.3020833333333333, "4": 0.21043771043771045, "5": 0.0, "6": 0.24489795918367346, "7": 0.252, "8": 0.5066666666666667, "9": 0.6219512195121951, "10": 0.5034965034965035, "11": 0.22857142857142856, "12": 0.2733812949640288, "13": 0.19285714285714287, "14": 0.5, "15": 0.10273972602739725, "16": 0.4521276595744681, "17": 0.7397260273972602, "18": 0.15753424657534246, "19": 0.1518324607329843, "20": 0.0625, "21": 0.09142857142857143, "22": 0.16489361702127658, "23": 0.31451612903225806, "24": 0.17708333333333334, "25": 0.11578947368421053, "26": 0.3434343434343434, "27": 0.041666666666666664, "28": 0.16666666666666666, "29": 0.21428571428571427, "30": 0.10416666666666667},
  "recall": 0.2463023509263584,
  "scene_recalls": {"1": 0.1116751269035533, "2": 0.16326530612244897, "3": 0.24017467248908297, "4": 0.2512820512820513, "5": 0.2827868852459016, "6": 0.24786324786324787, "7": 0.36855670103092786, "8": 0.09863945578231292, "9": 0.22445255474452555, "10": 0.2951388888888889, "11": 0.467005076142132, "12": 0.3470790378006873, "13": 0.10249307479224377, "14": 0.16119402985074627, "15": 0.15916955017301038, "16": 0.4470284237726098, "17": 0.27607361963190186, "18": 0.20761245674740483, "19": 0.2188235294117647, "20": 0.23583662714097497},
  "targets_count": 6423,
  "tp_count": 1582
}