{
  "gt_count": 6900,
  "mean_obj_recall": 0.06946228894105397,
  "mean_scene_recall": 0.06302736900732307,
  "obj_recalls": {"1": 0.014804845222072678, "2": 0.07709750566893424, "3": 0.07552083333333333, "4": 0.03367003367003367, "5": 0.0, "6": 0.08163265306122448, "7": 0.024, "8": 0.16666666666666666, "9": 0.36585365853658536, "10": 0.006993006993006993, "11": 0.0, "12": 0.0, "13": 0.007142857142857143, "14": 0.19863013698630136, "15": 0.02054794520547945, "16": 0.25, "17": 0.4520547945205479, "18": 0.0, "19": 0.015706806282722512, "20": 0.008333333333333333, "21": 0.0, "22": 0.02127659574468085, "23": 0.06451612903225806, "24": 0.015625, "25": 0.0, "26": 0.050505050505050504, "27": 0.0, "28": 0.03125, "29": 0.10204081632653061, "30": 0.0},
  "recall": 0.06523431418340339,
  "scene_recalls": {"1": 0.01015228426395939, "2": 0.05442176870748299, "3": 0.048034934497816595, "4": 0.035897435897435895, "5": 0.03278688524590164, "6": 0.004273504273504274, "7": 0.14432989690721648, "8": 0.003401360544217687, "9": 0.06204379562043796, "10": 0.052083333333333336, "11": 0.18274111675126903, "12": 0.09278350515463918, "13": 0.002770083102493075, "14": 0.03283582089552239, "15": 0.04844290657439446, "16": 0.14728682170542637, "17": 0.0736196319018405, "18": 0.08996539792387544, "19": 0.08470588235294117, "20": 0.057971014492753624},
  "targets_count": 6423,
  "tp_count": 419
}