{
  "gt_count": 6900,
  "mean_obj_recall": 0.30075430631896144,
  "mean_scene_recall": 0.2920919550513075,
  "obj_recalls": {"1": 0.17227456258411844, "2": 0.30612244897959184, "3": 0.3307291666666667, "4": 0.23905723905723905, "5": 0.0, "6": 0.29591836734693877, "7": 0.348, "8": 0.62, "9": 0.6544715447154471, "10": 0.5804195804195804, "11": 0.3142857142857143, "12": 0.3669064748201439, "13": 0.21428571428571427, "14": 0.5068493150684932, "15": 0.1232876712328767, "16": 0.46808510638297873, "17": 0.7534246575342466, "18": 0.2054794520547945, "19": 0.21465968586387435, "20": 0.10416666666666667, "21": 0.14857142857142858, "22": 0.23404255319148937, "23": 0.39919354838709675, "24": 0.21875, "25": 0.11578947368421053, "26": 0.41414141414141414, "27": 0.09375, "28": 0.18229166666666666, "29": 0.24489795918367346, "30": 0.1527777777777778},
  "recall": 0.28958430639887905,
  "scene_recalls": {"1": 0.15228426395939088, "2": 0.24489795918367346, "3": 0.30131004366812225, "4": 0.3076923076923077, "5": 0.3114754098360656, "6": 0.3162393162393162, "7": 0.37628865979381443, "8": 0.17006802721088435, "9": 0.2572992700729927, "10": 0.3402777777777778, "11": 0.5177664974619289, "12": 0.3848797250859107, "13": 0.14127423822714683, "14": 0.23582089552238805, "15": 0.2041522491349481, "16": 0.4909560723514212, "17": 0.3067484662576687, "18": 0.25951557093425603, "19": 0.2541176470588235, "20": 0.26877470355731226},
  "targets_count": 6423,
  "tp_count": 1860
}