{
  "gt_count": 6900,
  "mean_obj_recall": 0.2700813466210395,
  "mean_scene_recall": 0.26139639164769407,
  "obj_recalls": {"1": 0.15343203230148048, "2": 0.29024943310657597, "3": 0.3072916666666667, "4": 0.21717171717171718, "5": 0.0, "6": 0.25510204081632654, "7": 0.288, "8": 0.5466666666666666, "9": 0.6300813008130082, "10": 0.5244755244755245, "11": 0.2571428571428571, "12": 0.30935251798561153, "13": 0.2, "14": 0.5068493150684932, "15": 0.1095890410958904, "16": 0.4574468085106383, "17": 0.7465753424657534, "18": 0.1643835616438356, "19": 0.17801047120418848, "20": 0.06666666666666667, "21": 0.09714285714285714, "22": 0.18617021276595744, "23": 0.3629032258064516, "24": 0.18229166666666666, "25": 0.11578947368421053, "26": 0.3434343434343434, "27": 0.0625, "28": 0.17708333333333334, "29": 0.23469387755102042, "30": 0.13194444444444445},
  "recall": 0.2610929472209248,
  "scene_recalls": {"1": 0.13705583756345177, "2": 0.19727891156462585, "3": 0.25327510917030566, "4": 0.2717948717948718, "5": 0.29098360655737704, "6": 0.2692307692307692, "7": 0.37628865979381443, "8": 0.11224489795918367, "9": 0.23357664233576642, "10": 0.3090277777777778, "11": 0.49238578680203043, "12": 0.35738831615120276, "13": 0.12188365650969529, "14": 0.191044776119403, "15": 0.1695501730103806, "16": 0.46511627906976744, "17": 0.2822085889570552, "18": 0.2179930795847751, "19": 0.23058823529411765, "20": 0.2490118577075099},
  "targets_count": 6423,
  "tp_count": 1677
}