{
  "gt_count": 6900,
  "mean_obj_recall": 0.28453953863157594,
  "mean_scene_recall": 0.2758570864537804,
  "obj_recalls": {"1": 0.1641991924629879, "2": 0.30385487528344673, "3": 0.3177083333333333, "4": 0.22727272727272727, "5": 0.0, "6": 0.2755102040816326, "7": 0.32, "8": 0.5733333333333334, "9": 0.6382113821138211, "10": 0.5524475524475524, "11": 0.2857142857142857, "12": 0.33093525179856115, "13": 0.2, "14": 0.5068493150684932, "15": 0.1095890410958904, "16": 0.46808510638297873, "17": 0.7465753424657534, "18": 0.18493150684931506, "19": 0.19895287958115182, "20": 0.07916666666666666, "21": 0.11428571428571428, "22": 0.19680851063829788, "23": 0.38306451612903225, "24": 0.203125, "25": 0.11578947368421053, "26": 0.40404040404040403, "27": 0.07291666666666667, "28": 0.18229166666666666, "29": 0.23469387755102042, "30": 0.14583333333333334},
  "recall": 0.27479371010431264,
  "scene_recalls": {"1": 0.14213197969543148, "2": 0.21768707482993196, "3": 0.27510917030567683, "4": 0.2923076923076923, "5": 0.29918032786885246, "6": 0.2905982905982906, "7": 0.37628865979381443, "8": 0.1326530612244898, "9": 0.24635036496350365, "10": 0.3194444444444444, "11": 0.49746192893401014, "12": 0.3745704467353952, "13": 0.1329639889196676, "14": 0.21492537313432836, "15": 0.19377162629757785, "16": 0.4754521963824289, "17": 0.294478527607362, "18": 0.2422145328719723, "19": 0.24, "20": 0.2595520421607378},
  "targets_count": 6423,
  "tp_count": 1765
}