{
  "gt_count": 6900,
  "mean_obj_recall": 0.05563205108503345,
  "mean_scene_recall": 0.049150603011492495,
  "obj_recalls": {"1": 0.02288021534320323, "2": 0.05442176870748299, "3": 0.0703125, "4": 0.03367003367003367, "5": 0.09473684210526316, "6": 0.01020408163265306, "7": 0.06, "8": 0.03333333333333333, "9": 0.11382113821138211, "10": 0.04895104895104895, "11": 0.005714285714285714, "12": 0.05755395683453238, "13": 0.06428571428571428, "14": 0.06164383561643835, "15": 0.13013698630136986, "16": 0.14361702127659576, "17": 0.3356164383561644, "18": 0.00684931506849315, "19": 0.015706806282722512, "20": 0.008333333333333333, "21": 0.017142857142857144, "22": 0.005319148936170213, "23": 0.04032258064516129, "24": 0.041666666666666664, "25": 0.031578947368421054, "26": 0.010101010101010102, "27": 0.14583333333333334, "28": 0.005208333333333333, "29": 0.0, "30": 0.0},
  "recall": 0.05153355130001557,
  "scene_recalls": {"1": 0.02030456852791878, "2": 0.04081632653061224, "3": 0.08296943231441048, "4": 0.02564102564102564, "5": 0.05737704918032787, "6": 0.017094017094017096, "7": 0.10309278350515463, "8": 0.04421768707482993, "9": 0.051094890510948905, "10": 0.03125, "11": 0.04568527918781726, "12": 0.08934707903780069, "13": 0.002770083102493075, "14": 0.014925373134328358, "15": 0.01384083044982699, "16": 0.09302325581395349, "17": 0.046012269938650305, "18": 0.06228373702422145, "19": 0.09647058823529411, "20": 0.04479578392621871},
  "targets_count": 6423,
  "tp_count": 331
}