{
  "gt_count": 6900,
  "mean_obj_recall": 0.018981782869353904,
  "mean_scene_recall": 0.013001616911203787,
  "obj_recalls": {"1": 0.004037685060565276, "2": 0.006802721088435374, "3": 0.028645833333333332, "4": 0.003367003367003367, "5": 0.015789473684210527, "6": 0.0, "7": 0.004, "8": 0.0, "9": 0.0040650406504065045, "10": 0.0, "11": 0.0, "12": 0.0, "13": 0.014285714285714285, "14": 0.00684931506849315, "15": 0.08904109589041095, "16": 0.05851063829787234, "17": 0.2054794520547945, "18": 0.0, "19": 0.0, "20": 0.0, "21": 0.0, "22": 0.0, "23": 0.024193548387096774, "24": 0.0, "25": 0.021052631578947368, "26": 0.0, "27": 0.08333333333333333, "28": 0.0, "29": 0.0, "30": 0.0},
  "recall": 0.015101977269188853,
  "scene_recalls": {"1": 0.01015228426395939, "2": 0.0, "3": 0.0, "4": 0.010256410256410256, "5": 0.02459016393442623, "6": 0.0, "7": 0.04639175257731959, "8": 0.01020408163265306, "9": 0.014598540145985401, "10": 0.003472222222222222, "11": 0.005076142131979695, "12": 0.006872852233676976, "13": 0.0, "14": 0.005970149253731343, "15": 0.006920415224913495, "16": 0.03617571059431524, "17": 0.003067484662576687, "18": 0.006920415224913495, "19": 0.058823529411764705, "20": 0.010540184453227932},
  "targets_count": 6423,
  "tp_count": 97
}