{
  "gt_count": 6900,
  "mean_obj_recall": 0.03140831313901323,
  "mean_scene_recall": 0.025719731475017882,
  "obj_recalls": {"1": 0.012113055181695828, "2": 0.024943310657596373, "3": 0.0546875, "4": 0.018518518518518517, "5": 0.031578947368421054, "6": 0.0, "7": 0.016, "8": 0.013333333333333334, "9": 0.056910569105691054, "10": 0.013986013986013986, "11": 0.0, "12": 0.007194244604316547, "13": 0.014285714285714285, "14": 0.03424657534246575, "15": 0.1095890410958904, "16": 0.09042553191489362, "17": 0.2602739726027397, "18": 0.0, "19": 0.005235602094240838, "20": 0.0, "21": 0.005714285714285714, "22": 0.005319148936170213, "23": 0.03225806451612903, "24": 0.0, "25": 0.021052631578947368, "26": 0.0, "27": 0.11458333333333333, "28": 0.0, "29": 0.0, "30": 0.0},
  "recall": 0.02849135917795423,
  "scene_recalls": {"1": 0.01015228426395939, "2": 0.013605442176870748, "3": 0.013100436681222707, "4": 0.010256410256410256, "5": 0.040983606557377046, "6": 0.004273504273504274, "7": 0.06701030927835051, "8": 0.02040816326530612, "9": 0.0364963503649635, "10": 0.010416666666666666, "11": 0.02030456852791878, "12": 0.061855670103092786, "13": 0.0, "14": 0.005970149253731343, "15": 0.010380622837370242, "16": 0.05167958656330749, "17": 0.02147239263803681, "18": 0.01730103806228374, "19": 0.07764705882352942, "20": 0.021080368906455864},
  "targets_count": 6423,
  "tp_count": 183
}