{
  "gt_count": 6900,
  "mean_obj_recall": 0.06659887174113471,
  "mean_scene_recall": 0.060441322622892465,
  "obj_recalls": {"1": 0.02557200538358008, "2": 0.06802721088435375, "3": 0.078125, "4": 0.03872053872053872, "5": 0.11052631578947368, "6": 0.01020408163265306, "7": 0.08, "8": 0.04666666666666667, "9": 0.15447154471544716, "10": 0.06993006993006994, "11": 0.005714285714285714, "12": 0.06474820143884892, "13": 0.06428571428571428, "14": 0.0684931506849315, "15": 0.14383561643835616, "16": 0.17553191489361702, "17": 0.3561643835616438, "18": 0.02054794520547945, "19": 0.015706806282722512, "20": 0.0125, "21": 0.03428571428571429, "22": 0.010638297872340425, "23": 0.06048387096774194, "24": 0.052083333333333336, "25": 0.031578947368421054, "26": 0.010101010101010102, "27": 0.16666666666666666, "28": 0.005208333333333333, "29": 0.01020408163265306, "30": 0.006944444444444444},
  "recall": 0.06212050443717889,
  "scene_recalls": {"1": 0.04060913705583756, "2": 0.05442176870748299, "3": 0.09170305676855896, "4": 0.03076923076923077, "5": 0.07377049180327869, "6": 0.017094017094017096, "7": 0.10824742268041238, "8": 0.05442176870748299, "9": 0.05291970802919708, "10": 0.04513888888888889, "11": 0.07106598984771574, "12": 0.10652920962199312, "13": 0.008310249307479225, "14": 0.01791044776119403, "15": 0.02422145328719723, "16": 0.10594315245478036, "17": 0.05214723926380368, "18": 0.07958477508650519, "19": 0.12, "20": 0.05401844532279315},
  "targets_count": 6423,
  "tp_count": 399
}