{
  "gt_count": 6900,
  "mean_obj_recall": 0.07700451469020565,
  "mean_scene_recall": 0.07103947866175744,
  "obj_recalls": {"1": 0.039030955585464336, "2": 0.07936507936507936, "3": 0.08072916666666667, "4": 0.04208754208754209, "5": 0.12105263157894737, "6": 0.02040816326530612, "7": 0.104, "8": 0.05333333333333334, "9": 0.18292682926829268, "10": 0.08391608391608392, "11": 0.022857142857142857, "12": 0.07913669064748201, "13": 0.08571428571428572, "14": 0.0821917808219178, "15": 0.1506849315068493, "16": 0.18085106382978725, "17": 0.3767123287671233, "18": 0.04794520547945205, "19": 0.020942408376963352, "20": 0.0125, "21": 0.04, "22": 0.010638297872340425, "23": 0.06854838709677419, "24": 0.057291666666666664, "25": 0.042105263157894736, "26": 0.010101010101010102, "27": 0.1875, "28": 0.010416666666666666, "29": 0.01020408163265306, "30": 0.006944444444444444},
  "recall": 0.07224038611240853,
  "scene_recalls": {"1": 0.050761421319796954, "2": 0.06802721088435375, "3": 0.11790393013100436, "4": 0.035897435897435895, "5": 0.10245901639344263, "6": 0.03418803418803419, "7": 0.11855670103092783, "8": 0.06462585034013606, "9": 0.058394160583941604, "10": 0.04513888888888889, "11": 0.07614213197969544, "12": 0.11683848797250859, "13": 0.013850415512465374, "14": 0.020895522388059702, "15": 0.02422145328719723, "16": 0.11369509043927649, "17": 0.0705521472392638, "18": 0.08996539792387544, "19": 0.13411764705882354, "20": 0.06455862977602109},
  "targets_count": 6423,
  "tp_count": 464
}