{
  "gt_count": 6900,
  "mean_obj_recall": 0.10503130556582184,
  "mean_scene_recall": 0.09948402304697325,
  "obj_recalls": {"1": 0.063257065948856, "2": 0.11337868480725624, "3": 0.09635416666666667, "4": 0.06734006734006734, "5": 0.14210526315789473, "6": 0.061224489795918366, "7": 0.168, "8": 0.08666666666666667, "9": 0.23983739837398374, "10": 0.13286713286713286, "11": 0.07428571428571429, "12": 0.11510791366906475, "13": 0.1, "14": 0.11643835616438356, "15": 0.17123287671232876, "16": 0.21808510638297873, "17": 0.410958904109589, "18": 0.0684931506849315, "19": 0.02617801047120419, "20": 0.0125, "21": 0.06285714285714286, "22": 0.026595744680851064, "23": 0.0967741935483871, "24": 0.078125, "25": 0.06315789473684211, "26": 0.030303030303030304, "27": 0.23958333333333334, "28": 0.03125, "29": 0.01020408163265306, "30": 0.027777777777777776},
  "recall": 0.09995329285380664,
  "scene_recalls": {"1": 0.07106598984771574, "2": 0.10884353741496598, "3": 0.15283842794759825, "4": 0.06153846153846154, "5": 0.13934426229508196, "6": 0.0641025641025641, "7": 0.13659793814432988, "8": 0.0782312925170068, "9": 0.08394160583941605, "10": 0.059027777777777776, "11": 0.10152284263959391, "12": 0.15807560137457044, "13": 0.0221606648199446, "14": 0.041791044776119404, "15": 0.05536332179930796, "16": 0.14728682170542637, "17": 0.12576687116564417, "18": 0.12110726643598616, "19": 0.17411764705882352, "20": 0.08695652173913043},
  "targets_count": 6423,
  "tp_count": 642
}