{
  "gt_count": 6900,
  "mean_obj_recall": 0.04325480574975701,
  "mean_scene_recall": 0.03716155619615981,
  "obj_recalls": {"1": 0.020188425302826378, "2": 0.04308390022675737, "3": 0.06510416666666667, "4": 0.02356902356902357, "5": 0.07894736842105263, "6": 0.0, "7": 0.028, "8": 0.02, "9": 0.08130081300813008, "10": 0.027972027972027972, "11": 0.005714285714285714, "12": 0.014388489208633094, "13": 0.03571428571428571, "14": 0.04794520547945205, "15": 0.11643835616438356, "16": 0.12234042553191489, "17": 0.3150684931506849, "18": 0.0, "19": 0.010471204188481676, "20": 0.004166666666666667, "21": 0.017142857142857144, "22": 0.005319148936170213, "23": 0.03225806451612903, "24": 0.015625, "25": 0.021052631578947368, "26": 0.0, "27": 0.14583333333333334, "28": 0.0, "29": 0.0, "30": 0.0},
  "recall": 0.0400124552389849,
  "scene_recalls": {"1": 0.01015228426395939, "2": 0.027210884353741496, "3": 0.048034934497816595, "4": 0.015384615384615385, "5": 0.05737704918032787, "6": 0.008547008547008548, "7": 0.08505154639175258, "8": 0.03741496598639456, "9": 0.041970802919708027, "10": 0.013888888888888888, "11": 0.025380710659898477, "12": 0.0859106529209622, "13": 0.0, "14": 0.008955223880597015, "15": 0.01384083044982699, "16": 0.07751937984496124, "17": 0.03067484662576687, "18": 0.03460207612456748, "19": 0.08705882352941176, "20": 0.034255599472990776},
  "targets_count": 6423,
  "tp_count": 257
}