{
  "gt_count": 6900,
  "mean_obj_recall": 0.0953102543644456,
  "mean_scene_recall": 0.08871854024647167,
  "obj_recalls": {"1": 0.05114401076716016, "2": 0.09750566893424037, "3": 0.0859375, "4": 0.06060606060606061, "5": 0.1368421052631579, "6": 0.04081632653061224, "7": 0.14, "8": 0.08, "9": 0.21544715447154472, "10": 0.11888111888111888, "11": 0.045714285714285714, "12": 0.10071942446043165, "13": 0.09285714285714286, "14": 0.1095890410958904, "15": 0.17123287671232876, "16": 0.21808510638297873, "17": 0.3972602739726027, "18": 0.06164383561643835, "19": 0.02617801047120419, "20": 0.0125, "21": 0.05714285714285714, "22": 0.02127659574468085, "23": 0.0967741935483871, "24": 0.06770833333333333, "25": 0.042105263157894736, "26": 0.030303030303030304, "27": 0.22916666666666666, "28": 0.020833333333333332, "29": 0.01020408163265306, "30": 0.020833333333333332},
  "recall": 0.08983341117857699,
  "scene_recalls": {"1": 0.06091370558375635, "2": 0.08843537414965986, "3": 0.13537117903930132, "4": 0.06153846153846154, "5": 0.12295081967213115, "6": 0.04700854700854701, "7": 0.12886597938144329, "8": 0.07482993197278912, "9": 0.072992700729927, "10": 0.052083333333333336, "11": 0.09644670050761421, "12": 0.13745704467353953, "13": 0.019390581717451522, "14": 0.03880597014925373, "15": 0.04152249134948097, "16": 0.1421188630490956, "17": 0.09202453987730061, "18": 0.11418685121107267, "19": 0.16705882352941176, "20": 0.08036890645586298},
  "targets_count": 6423,
  "tp_count": 577
}