{
  "gt_count": 6900,
  "mean_obj_recall": 0.0024250219891285745,
  "mean_scene_recall": 0.0016991794186212092,
  "obj_recalls": {"1": 0.0, "2": 0.0022675736961451248, "3": 0.0026041666666666665, "4": 0.0, "5": 0.005263157894736842, "6": 0.0, "7": 0.0, "8": 0.0, "9": 0.0, "10": 0.0, "11": 0.0, "12": 0.0, "13": 0.0, "14": 0.0, "15": 0.00684931506849315, "16": 0.010638297872340425, "17": 0.0410958904109589, "18": 0.0, "19": 0.0, "20": 0.0, "21": 0.0, "22": 0.0, "23": 0.004032258064516129, "24": 0.0, "25": 0.0, "26": 0.0, "27": 0.0, "28": 0.0, "29": 0.0, "30": 0.0},
  "recall": 0.0020239763350459287,
  "scene_recalls": {"1": 0.0, "2": 0.0, "3": 0.0, "4": 0.005128205128205128, "5": 0.0, "6": 0.0, "7": 0.007731958762886598, "8": 0.003401360544217687, "9": 0.0018248175182481751, "10": 0.0, "11": 0.0, "12": 0.0, "13": 0.0, "14": 0.0, "15": 0.0, "16": 0.00516795865633075, "17": 0.0, "18": 0.0, "19": 0.009411764705882352, "20": 0.0013175230566534915},
  "targets_count": 6423,
  "tp_count": 13
}