{
  "gt_count": 6900,
  "mean_obj_recall": 0.0864485008954322,
  "mean_scene_recall": 0.07996428347147386,
  "obj_recalls": {"1": 0.04441453566621804, "2": 0.09070294784580499, "3": 0.08333333333333333, "4": 0.050505050505050504, "5": 0.13157894736842105, "6": 0.04081632653061224, "7": 0.112, "8": 0.07333333333333333, "9": 0.1991869918699187, "10": 0.1048951048951049, "11": 0.02857142857142857, "12": 0.09352517985611511, "13": 0.09285714285714286, "14": 0.10273972602739725, "15": 0.15753424657534246, "16": 0.20212765957446807, "17": 0.3767123287671233, "18": 0.0547945205479452, "19": 0.020942408376963352, "20": 0.0125, "21": 0.045714285714285714, "22": 0.015957446808510637, "23": 0.08064516129032258, "24": 0.0625, "25": 0.042105263157894736, "26": 0.020202020202020204, "27": 0.20833333333333334, "28": 0.020833333333333332, "29": 0.01020408163265306, "30": 0.013888888888888888},
  "recall": 0.08095905340183715,
  "scene_recalls": {"1": 0.05583756345177665, "2": 0.08163265306122448, "3": 0.12663755458515283, "4": 0.05641025641025641, "5": 0.11885245901639344, "6": 0.042735042735042736, "7": 0.12628865979381443, "8": 0.06462585034013606, "9": 0.06386861313868614, "10": 0.04513888888888889, "11": 0.08121827411167512, "12": 0.12371134020618557, "13": 0.01662049861495845, "14": 0.03283582089552239, "15": 0.03460207612456748, "16": 0.12144702842377261, "17": 0.07975460122699386, "18": 0.10034602076124567, "19": 0.15294117647058825, "20": 0.07378129117259552},
  "targets_count": 6423,
  "tp_count": 520
}