{
  "gt_count": 6900,
  "mean_obj_recall": 0.21263669818349662,
  "mean_scene_recall": 0.19764094695117349,
  "obj_recalls": {"1": 0.11843876177658143, "2": 0.21541950113378686, "3": 0.3046875, "4": 0.1632996632996633, "5": 0.15263157894736842, "6": 0.14285714285714285, "7": 0.188, "8": 0.20666666666666667, "9": 0.3983739837398374, "10": 0.02097902097902098, "11": 0.06857142857142857, "12": 0.11510791366906475, "13": 0.2785714285714286, "14": 0.3767123287671233, "15": 0.3904109589041096, "16": 0.5851063829787234, "17": 0.6986301369863014, "18": 0.04794520547945205, "19": 0.05235602094240838, "20": 0.15416666666666667, "21": 0.045714285714285714, "22": 0.05851063829787234, "23": 0.21774193548387097, "24": 0.234375, "25": 0.010526315789473684, "26": 0.030303030303030304, "27": 0.25, "28": 0.046875, "29": 0.30612244897959184, "30": 0.5},
  "recall": 0.2056671337381286,
  "scene_recalls": {"1": 0.22842639593908629, "2": 0.1564625850340136, "3": 0.18777292576419213, "4": 0.06153846153846154, "5": 0.1762295081967213, "6": 0.08974358974358974, "7": 0.30412371134020616, "8": 0.09183673469387756, "9": 0.19708029197080293, "10": 0.21875, "11": 0.23857868020304568, "12": 0.3230240549828179, "13": 0.08033240997229917, "14": 0.11641791044776119, "15": 0.21453287197231835, "16": 0.32299741602067183, "17": 0.22085889570552147, "18": 0.14878892733564014, "19": 0.38823529411764707, "20": 0.18708827404479578},
  "targets_count": 6423,
  "tp_count": 1321
}