{
  "gt_count": 6900,
  "mean_obj_recall": 0.4158206010849464,
  "mean_scene_recall": 0.40489337062174197,
  "obj_recalls": {"1": 0.3082099596231494, "2": 0.3922902494331066, "3": 0.4713541666666667, "4": 0.35858585858585856, "5": 0.34210526315789475, "6": 0.3673469387755102, "7": 0.456, "8": 0.5133333333333333, "9": 0.7073170731707317, "10": 0.25874125874125875, "11": 0.28, "12": 0.41007194244604317, "13": 0.5285714285714286, "14": 0.5547945205479452, "15": 0.589041095890411, "16": 0.6542553191489362, "17": 0.8287671232876712, "18": 0.21232876712328766, "19": 0.2617801047120419, "20": 0.3625, "21": 0.25142857142857145, "22": 0.2074468085106383, "23": 0.40725806451612906, "24": 0.4114583333333333, "25": 0.11578947368421053, "26": 0.1919191919191919, "27": 0.6458333333333334, "28": 0.22395833333333334, "29": 0.5510204081632653, "30": 0.6111111111111112},
  "recall": 0.4044838860345633,
  "scene_recalls": {"1": 0.4010152284263959, "2": 0.36054421768707484, "3": 0.5109170305676856, "4": 0.24615384615384617, "5": 0.5081967213114754, "6": 0.2948717948717949, "7": 0.45618556701030927, "8": 0.282312925170068, "9": 0.3704379562043796, "10": 0.4236111111111111, "11": 0.5177664974619289, "12": 0.5532646048109966, "13": 0.24376731301939059, "14": 0.32238805970149254, "15": 0.4013840830449827, "16": 0.4806201550387597, "17": 0.44785276073619634, "18": 0.35294117647058826, "19": 0.56, "20": 0.36363636363636365},
  "targets_count": 6423,
  "tp_count": 2598
}