{
  "gt_count": 6900,
  "mean_obj_recall": 0.3482570671263809,
  "mean_scene_recall": 0.33674506156997874,
  "obj_recalls": {"1": 0.2193808882907133, "2": 0.34467120181405897, "3": 0.4322916666666667, "4": 0.30303030303030304, "5": 0.2789473684210526, "6": 0.2857142857142857, "7": 0.364, "8": 0.41333333333333333, "9": 0.6341463414634146, "10": 0.21678321678321677, "11": 0.22857142857142856, "12": 0.34532374100719426, "13": 0.4857142857142857, "14": 0.5068493150684932, "15": 0.5342465753424658, "16": 0.6436170212765957, "17": 0.7876712328767124, "18": 0.14383561643835616, "19": 0.18324607329842932, "20": 0.3, "21": 0.15428571428571428, "22": 0.14361702127659576, "23": 0.34274193548387094, "24": 0.328125, "25": 0.05263157894736842, "26": 0.09090909090909091, "27": 0.5, "28": 0.11458333333333333, "29": 0.5, "30": 0.5694444444444444},
  "recall": 0.3380040479526701,
  "scene_recalls": {"1": 0.3604060913705584, "2": 0.3129251700680272, "3": 0.44541484716157204, "4": 0.15897435897435896, "5": 0.4016393442622951, "6": 0.2264957264957265, "7": 0.3943298969072165, "8": 0.22789115646258504, "9": 0.30474452554744524, "10": 0.3229166666666667, "11": 0.4365482233502538, "12": 0.5051546391752577, "13": 0.16897506925207756, "14": 0.24776119402985075, "15": 0.32525951557093424, "16": 0.43669250645994834, "17": 0.3803680981595092, "18": 0.25951557093425603, "19": 0.5105882352941177, "20": 0.308300395256917},
  "targets_count": 6423,
  "tp_count": 2171
}