{
  "gt_count": 6900,
  "mean_obj_recall": 0.319379053520748,
  "mean_scene_recall": 0.30614899912109783,
  "obj_recalls": {"1": 0.1816958277254374, "2": 0.3197278911564626, "3": 0.40625, "4": 0.2676767676767677, "5": 0.23684210526315788, "6": 0.2857142857142857, "7": 0.328, "8": 0.3333333333333333, "9": 0.6178861788617886, "10": 0.18181818181818182, "11": 0.21142857142857144, "12": 0.2949640287769784, "13": 0.44285714285714284, "14": 0.4657534246575342, "15": 0.4931506849315068, "16": 0.6436170212765957, "17": 0.773972602739726, "18": 0.136986301369863, "19": 0.14659685863874344, "20": 0.26666666666666666, "21": 0.11428571428571428, "22": 0.12234042553191489, "23": 0.31451612903225806, "24": 0.3072916666666667, "25": 0.042105263157894736, "26": 0.08080808080808081, "27": 0.4375, "28": 0.09895833333333333, "29": 0.45918367346938777, "30": 0.5694444444444444},
  "recall": 0.3082671648762261,
  "scene_recalls": {"1": 0.3401015228426396, "2": 0.2925170068027211, "3": 0.388646288209607, "4": 0.11794871794871795, "5": 0.3524590163934426, "6": 0.20512820512820512, "7": 0.36597938144329895, "8": 0.19047619047619047, "9": 0.28284671532846717, "10": 0.3020833333333333, "11": 0.39593908629441626, "12": 0.47079037800687284, "13": 0.1440443213296399, "14": 0.21492537313432836, "15": 0.3044982698961938, "16": 0.4186046511627907, "17": 0.34049079754601225, "18": 0.22837370242214533, "19": 0.49176470588235294, "20": 0.2753623188405797},
  "targets_count": 6423,
  "tp_count": 1980
}