{
  "gt_count": 6900,
  "mean_obj_recall": 0.386537901049409,
  "mean_scene_recall": 0.3758887894622892,
  "obj_recalls": {"1": 0.2772543741588156, "2": 0.3764172335600907, "3": 0.4505208333333333, "4": 0.33164983164983164, "5": 0.3157894736842105, "6": 0.3469387755102041, "7": 0.424, "8": 0.49333333333333335, "9": 0.6747967479674797, "10": 0.23076923076923078, "11": 0.25142857142857145, "12": 0.381294964028777, "13": 0.5214285714285715, "14": 0.5273972602739726, "15": 0.5684931506849316, "16": 0.648936170212766, "17": 0.8013698630136986, "18": 0.1780821917808219, "19": 0.2198952879581152, "20": 0.3333333333333333, "21": 0.21714285714285714, "22": 0.1702127659574468, "23": 0.3790322580645161, "24": 0.3645833333333333, "25": 0.08421052631578947, "26": 0.15151515151515152, "27": 0.59375, "28": 0.171875, "29": 0.5204081632653061, "30": 0.5902777777777778},
  "recall": 0.37599252685660906,
  "scene_recalls": {"1": 0.3756345177664975, "2": 0.3401360544217687, "3": 0.4759825327510917, "4": 0.2153846153846154, "5": 0.46311475409836067, "6": 0.2692307692307692, "7": 0.42010309278350516, "8": 0.25170068027210885, "9": 0.3467153284671533, "10": 0.3819444444444444, "11": 0.49238578680203043, "12": 0.5395189003436426, "13": 0.19667590027700832, "14": 0.28955223880597014, "15": 0.370242214532872, "16": 0.46770025839793283, "17": 0.4294478527607362, "18": 0.314878892733564, "19": 0.5388235294117647, "20": 0.3386034255599473},
  "targets_count": 6423,
  "tp_count": 2415
}