{
  "gt_count": 6900,
  "mean_obj_recall": 0.4047379899651745,
  "mean_scene_recall": 0.39426535164452076,
  "obj_recalls": {"1": 0.29071332436069985, "2": 0.3877551020408163, "3": 0.4661458333333333, "4": 0.3468013468013468, "5": 0.33157894736842103, "6": 0.3469387755102041, "7": 0.452, "8": 0.5066666666666667, "9": 0.6910569105691057, "10": 0.24475524475524477, "11": 0.26857142857142857, "12": 0.39568345323741005, "13": 0.5214285714285715, "14": 0.547945205479452, "15": 0.5684931506849316, "16": 0.6542553191489362, "17": 0.8287671232876712, "18": 0.1917808219178082, "19": 0.25654450261780104, "20": 0.35833333333333334, "21": 0.24571428571428572, "22": 0.18617021276595744, "23": 0.4032258064516129, "24": 0.3958333333333333, "25": 0.10526315789473684, "26": 0.18181818181818182, "27": 0.6145833333333334, "28": 0.20833333333333334, "29": 0.5408163265306123, "30": 0.6041666666666666},
  "recall": 0.39374124241008873,
  "scene_recalls": {"1": 0.39593908629441626, "2": 0.36054421768707484, "3": 0.49344978165938863, "4": 0.2358974358974359, "5": 0.48770491803278687, "6": 0.2777777777777778, "7": 0.44329896907216493, "8": 0.2687074829931973, "9": 0.3594890510948905, "10": 0.4201388888888889, "11": 0.5076142131979695, "12": 0.5532646048109966, "13": 0.22714681440443213, "14": 0.31343283582089554, "15": 0.3944636678200692, "16": 0.4702842377260982, "17": 0.43558282208588955, "18": 0.33217993079584773, "19": 0.5552941176470588, "20": 0.3530961791831357},
  "targets_count": 6423,
  "tp_count": 2529
}