{
  "gt_count": 6900,
  "mean_obj_recall": 0.01958474612876958,
  "mean_scene_recall": 0.01456934677195378,
  "obj_recalls": {"1": 0.005383580080753701, "2": 0.011337868480725623, "3": 0.010416666666666666, "4": 0.006734006734006734, "5": 0.0, "6": 0.0, "7": 0.004, "8": 0.013333333333333334, "9": 0.008130081300813009, "10": 0.0, "11": 0.0, "12": 0.0, "13": 0.014285714285714285, "14": 0.0273972602739726, "15": 0.06164383561643835, "16": 0.11702127659574468, "17": 0.13013698630136986, "18": 0.0, "19": 0.0, "20": 0.004166666666666667, "21": 0.0, "22": 0.0, "23": 0.012096774193548387, "24": 0.026041666666666668, "25": 0.0, "26": 0.0, "27": 0.010416666666666666, "28": 0.0, "29": 0.0, "30": 0.125},
  "recall": 0.01650319165498988,
  "scene_recalls": {"1": 0.03553299492385787, "2": 0.0, "3": 0.008733624454148471, "4": 0.0, "5": 0.004098360655737705, "6": 0.0, "7": 0.020618556701030927, "8": 0.006802721088435374, "9": 0.0072992700729927005, "10": 0.017361111111111112, "11": 0.0, "12": 0.010309278350515464, "13": 0.0, "14": 0.0, "15": 0.02422145328719723, "16": 0.06201550387596899, "17": 0.006134969325153374, "18": 0.0034602076124567475, "19": 0.07294117647058823, "20": 0.011857707509881422},
  "targets_count": 6423,
  "tp_count": 106
}