{
  "gt_count": 6900,
  "mean_obj_recall": 0.36773491666016767,
  "mean_scene_recall": 0.35690253175949044,
  "obj_recalls": {"1": 0.2503364737550471, "2": 0.36054421768707484, "3": 0.4453125, "4": 0.3181818181818182, "5": 0.2894736842105263, "6": 0.32653061224489793, "7": 0.392, "8": 0.46, "9": 0.6585365853658537, "10": 0.22377622377622378, "11": 0.25142857142857145, "12": 0.3669064748201439, "13": 0.5071428571428571, "14": 0.5273972602739726, "15": 0.5547945205479452, "16": 0.6436170212765957, "17": 0.7945205479452054, "18": 0.1643835616438356, "19": 0.19895287958115182, "20": 0.32083333333333336, "21": 0.18285714285714286, "22": 0.15425531914893617, "23": 0.36693548387096775, "24": 0.34375, "25": 0.06315789473684211, "26": 0.10101010101010101, "27": 0.5416666666666666, "28": 0.13020833333333334, "29": 0.5102040816326531, "30": 0.5833333333333334},
  "recall": 0.3577767398411957,
  "scene_recalls": {"1": 0.36548223350253806, "2": 0.32653061224489793, "3": 0.462882096069869, "4": 0.18461538461538463, "5": 0.4385245901639344, "6": 0.24358974358974358, "7": 0.4097938144329897, "8": 0.23469387755102042, "9": 0.3266423357664234, "10": 0.3680555555555556, "11": 0.4619289340101523, "12": 0.5223367697594502, "13": 0.18282548476454294, "14": 0.2626865671641791, "15": 0.3391003460207612, "16": 0.4599483204134367, "17": 0.4171779141104294, "18": 0.2837370242214533, "19": 0.5247058823529411, "20": 0.3227931488801054},
  "targets_count": 6423,
  "tp_count": 2298
}