{
  "gt_count": 6900,
  "mean_obj_recall": 0.2758936095204962,
  "mean_scene_recall": 0.2633368396818363,
  "obj_recalls": {"1": 0.14939434724091522, "2": 0.29931972789115646, "3": 0.3645833333333333, "4": 0.22053872053872053, "5": 0.20526315789473684, "6": 0.23469387755102042, "7": 0.284, "8": 0.26666666666666666, "9": 0.5609756097560976, "10": 0.0979020979020979, "11": 0.12571428571428572, "12": 0.20863309352517986, "13": 0.39285714285714285, "14": 0.4178082191780822, "15": 0.4452054794520548, "16": 0.6223404255319149, "17": 0.7534246575342466, "18": 0.1095890410958904, "19": 0.1099476439790576, "20": 0.2375, "21": 0.08571428571428572, "22": 0.09042553191489362, "23": 0.2903225806451613, "24": 0.28125, "25": 0.010526315789473684, "26": 0.030303030303030304, "27": 0.3541666666666667, "28": 0.06770833333333333, "29": 0.41836734693877553, "30": 0.5416666666666666},
  "recall": 0.2677876381753075,
  "scene_recalls": {"1": 0.3096446700507614, "2": 0.2653061224489796, "3": 0.29694323144104806, "4": 0.08205128205128205, "5": 0.2581967213114754, "6": 0.15384615384615385, "7": 0.34536082474226804, "8": 0.1598639455782313, "9": 0.2427007299270073, "10": 0.2673611111111111, "11": 0.3147208121827411, "12": 0.422680412371134, "13": 0.11634349030470914, "14": 0.191044776119403, "15": 0.2698961937716263, "16": 0.3798449612403101, "17": 0.29141104294478526, "18": 0.21107266435986158, "19": 0.4447058823529412, "20": 0.2437417654808959},
  "targets_count": 6423,
  "tp_count": 1720
}