{
  "gt_count": 6900,
  "mean_obj_recall": 0.11843496914799158,
  "mean_scene_recall": 0.09983671834073167,
  "obj_recalls": {"1": 0.04576043068640646, "2": 0.09977324263038549, "3": 0.14583333333333334, "4": 0.06228956228956229, "5": 0.05789473684210526, "6": 0.05102040816326531, "7": 0.052, "8": 0.10666666666666667, "9": 0.23170731707317074, "10": 0.0, "11": 0.0, "12": 0.014388489208633094, "13": 0.1357142857142857, "14": 0.19863013698630136, "15": 0.3150684931506849, "16": 0.4521276595744681, "17": 0.589041095890411, "18": 0.00684931506849315, "19": 0.010471204188481676, "20": 0.05416666666666667, "21": 0.005714285714285714, "22": 0.015957446808510637, "23": 0.07661290322580645, "24": 0.140625, "25": 0.0, "26": 0.0, "27": 0.13541666666666666, "28": 0.020833333333333332, "29": 0.1326530612244898, "30": 0.3958333333333333},
  "recall": 0.10789350770667912,
  "scene_recalls": {"1": 0.1319796954314721, "2": 0.047619047619047616, "3": 0.05240174672489083, "4": 0.02564102564102564, "5": 0.06967213114754098, "6": 0.008547008547008548, "7": 0.19072164948453607, "8": 0.05442176870748299, "9": 0.08759124087591241, "10": 0.07291666666666667, "11": 0.1065989847715736, "12": 0.15463917525773196, "13": 0.0221606648199446, "14": 0.04477611940298507, "15": 0.14186851211072665, "16": 0.2454780361757106, "17": 0.0950920245398773, "18": 0.0726643598615917, "19": 0.2823529411764706, "20": 0.08959156785243742},
  "targets_count": 6423,
  "tp_count": 693
}