{
  "gt_count": 1517,
  "mean_obj_recall": 0.14188828173868506,
  "mean_scene_recall": 0.1439446366782007,
  "obj_recalls": {"1": 0.13142857142857142, "5": 0.1457286432160804, "6": 0.16374269005847952, "8": 0.06, "9": 0.25555555555555554, "10": 0.07222222222222222, "11": 0.07142857142857142, "12": 0.235},
  "recall": 0.1439446366782007,
  "scene_recalls": {"2": 0.1439446366782007},
  "targets_count": 1445,
  "tp_count": 208
}