{
  "gt_count": 1517,
  "mean_obj_recall": 0.3128215455934644,
  "mean_scene_recall": 0.3217993079584775,
  "obj_recalls": {"1": 0.22857142857142856, "5": 0.6080402010050251, "6": 0.2573099415204678, "8": 0.31, "9": 0.37777777777777777, "10": 0.044444444444444446, "11": 0.22142857142857142, "12": 0.455},
  "recall": 0.3217993079584775,
  "scene_recalls": {"2": 0.3217993079584775},
  "targets_count": 1445,
  "tp_count": 465
}