{
  "gt_count": 1517,
  "mean_obj_recall": 0.016279263380394034,
  "mean_scene_recall": 0.01660899653979239,
  "obj_recalls": {"1": 0.011428571428571429, "5": 0.01507537688442211, "6": 0.0, "8": 0.0, "9": 0.044444444444444446, "10": 0.0, "11": 0.014285714285714285, "12": 0.045},
  "recall": 0.01660899653979239,
  "scene_recalls": {"2": 0.01660899653979239},
  "targets_count": 1445,
  "tp_count": 24
}