{
  "gt_count": 1517,
  "mean_obj_recall": 0.15878606430229678,
  "mean_scene_recall": 0.16470588235294117,
  "obj_recalls": {"1": 0.09142857142857143, "5": 0.35678391959798994, "6": 0.05263157894736842, "8": 0.07, "9": 0.2722222222222222, "10": 0.022222222222222223, "11": 0.1, "12": 0.305},
  "recall": 0.16470588235294117,
  "scene_recalls": {"2": 0.16470588235294117},
  "targets_count": 1445,
  "tp_count": 238
}