{
  "gt_count": 1517,
  "mean_obj_recall": 0.3954099208448256,
  "mean_scene_recall": 0.4055363321799308,
  "obj_recalls": {"1": 0.3485714285714286, "5": 0.6934673366834171, "6": 0.3216374269005848, "8": 0.455, "9": 0.4777777777777778, "10": 0.06111111111111111, "11": 0.2857142857142857, "12": 0.52},
  "recall": 0.4055363321799308,
  "scene_recalls": {"2": 0.4055363321799308},
  "targets_count": 1445,
  "tp_count": 586
}