{
  "gt_count": 1517,
  "mean_obj_recall": 0.09596607462962263,
  "mean_scene_recall": 0.09826989619377163,
  "obj_recalls": {"1": 0.05714285714285714, "5": 0.07537688442211055, "6": 0.09941520467836257, "8": 0.055, "9": 0.20555555555555555, "10": 0.06666666666666667, "11": 0.02857142857142857, "12": 0.18},
  "recall": 0.09826989619377163,
  "scene_recalls": {"2": 0.09826989619377163},
  "targets_count": 1445,
  "tp_count": 142
}