{
  "gt_count": 1517,
  "mean_obj_recall": 0.07283373320235262,
  "mean_scene_recall": 0.07474048442906574,
  "obj_recalls": {"1": 0.04, "5": 0.05527638190954774, "6": 0.05263157894736842, "8": 0.035, "9": 0.17222222222222222, "10": 0.06111111111111111, "11": 0.02142857142857143, "12": 0.145},
  "recall": 0.07474048442906574,
  "scene_recalls": {"2": 0.07474048442906574},
  "targets_count": 1445,
  "tp_count": 108
}