{
  "gt_count": 1517,
  "mean_obj_recall": 0.34484852730654103,
  "mean_scene_recall": 0.35363321799307956,
  "obj_recalls": {"1": 0.26285714285714284, "5": 0.6331658291457286, "6": 0.2807017543859649, "8": 0.365, "9": 0.4222222222222222, "10": 0.05555555555555555, "11": 0.2642857142857143, "12": 0.475},
  "recall": 0.35363321799307956,
  "scene_recalls": {"2": 0.35363321799307956},
  "targets_count": 1445,
  "tp_count": 511
}