{
  "gt_count": 1517,
  "mean_obj_recall": 0.15030726942985606,
  "mean_scene_recall": 0.1522491349480969,
  "obj_recalls": {"1": 0.13142857142857142, "5": 0.16080402010050251, "6": 0.1695906432748538, "8": 0.07, "9": 0.25555555555555554, "10": 0.07222222222222222, "11": 0.09285714285714286, "12": 0.25},
  "recall": 0.1522491349480969,
  "scene_recalls": {"2": 0.1522491349480969},
  "targets_count": 1445,
  "tp_count": 220
}