{
  "gt_count": 1517,
  "mean_obj_recall": 0.12893868884942675,
  "mean_scene_recall": 0.1314878892733564,
  "obj_recalls": {"1": 0.10857142857142857, "5": 0.12562814070351758, "6": 0.14619883040935672, "8": 0.06, "9": 0.24444444444444444, "10": 0.06666666666666667, "11": 0.05, "12": 0.23},
  "recall": 0.1314878892733564,
  "scene_recalls": {"2": 0.1314878892733564},
  "targets_count": 1445,
  "tp_count": 190
}