{
  "gt_count": 1517,
  "mean_obj_recall": 0.3764317304987762,
  "mean_scene_recall": 0.386159169550173,
  "obj_recalls": {"1": 0.3028571428571429, "5": 0.6834170854271356, "6": 0.30994152046783624, "8": 0.425, "9": 0.46111111111111114, "10": 0.05555555555555555, "11": 0.2785714285714286, "12": 0.495},
  "recall": 0.386159169550173,
  "scene_recalls": {"2": 0.386159169550173},
  "targets_count": 1445,
  "tp_count": 558
}