{
  "gt_count": 1517,
  "mean_obj_recall": 0.011746031746031747,
  "mean_scene_recall": 0.011764705882352941,
  "obj_recalls": {"1": 0.005714285714285714, "5": 0.0, "6": 0.0, "8": 0.005, "9": 0.05, "10": 0.011111111111111112, "11": 0.007142857142857143, "12": 0.015},
  "recall": 0.011764705882352941,
  "scene_recalls": {"2": 0.011764705882352941},
  "targets_count": 1445,
  "tp_count": 17
}