{
  "gt_count": 1517,
  "mean_obj_recall": 0.11705425099599921,
  "mean_scene_recall": 0.11972318339100346,
  "obj_recalls": {"1": 0.08571428571428572, "5": 0.10050251256281408, "6": 0.13450292397660818, "8": 0.06, "9": 0.23333333333333334, "10": 0.06666666666666667, "11": 0.03571428571428571, "12": 0.22},
  "recall": 0.11972318339100346,
  "scene_recalls": {"2": 0.11972318339100346},
  "targets_count": 1445,
  "tp_count": 173
}