{
  "gt_count": 1517,
  "mean_obj_recall": 0.04190114629118861,
  "mean_scene_recall": 0.042906574394463666,
  "obj_recalls": {"1": 0.017142857142857144, "5": 0.02512562814070352, "6": 0.017543859649122806, "8": 0.02, "9": 0.1111111111111111, "10": 0.05, "11": 0.014285714285714285, "12": 0.08},
  "recall": 0.042906574394463666,
  "scene_recalls": {"2": 0.042906574394463666},
  "targets_count": 1445,
  "tp_count": 62
}