{
  "gt_count": 1517,
  "mean_obj_recall": 0.08625495900555408,
  "mean_scene_recall": 0.08996539792387544,
  "obj_recalls": {"1": 0.04, "5": 0.1658291457286432, "6": 0.017543859649122806, "8": 0.03, "9": 0.15555555555555556, "10": 0.011111111111111112, "11": 0.05, "12": 0.22},
  "recall": 0.08996539792387544,
  "scene_recalls": {"2": 0.08996539792387544},
  "targets_count": 1445,
  "tp_count": 130
}