{
  "gt_count": 1517,
  "mean_obj_recall": 0.22051552142500308,
  "mean_scene_recall": 0.22768166089965397,
  "obj_recalls": {"1": 0.14285714285714285, "5": 0.44221105527638194, "6": 0.14619883040935672, "8": 0.14, "9": 0.31666666666666665, "10": 0.03333333333333333, "11": 0.14285714285714285, "12": 0.4},
  "recall": 0.22768166089965397,
  "scene_recalls": {"2": 0.22768166089965397},
  "targets_count": 1445,
  "tp_count": 329
}