{
  "gt_count": 1517,
  "mean_obj_recall": 0.2772930625348967,
  "mean_scene_recall": 0.28512110726643597,
  "obj_recalls": {"1": 0.2, "5": 0.5577889447236181, "6": 0.2222222222222222, "8": 0.23, "9": 0.34444444444444444, "10": 0.03888888888888889, "11": 0.2, "12": 0.425},
  "recall": 0.28512110726643597,
  "scene_recalls": {"2": 0.28512110726643597},
  "targets_count": 1445,
  "tp_count": 412
}