{
  "gt_count": 1517,
  "mean_obj_recall": 0.15914970371909673,
  "mean_scene_recall": 0.16055363321799307,
  "obj_recalls": {"1": 0.15428571428571428, "5": 0.1708542713567839, "6": 0.17543859649122806, "8": 0.075, "9": 0.25555555555555554, "10": 0.07777777777777778, "11": 0.11428571428571428, "12": 0.25},
  "recall": 0.16055363321799307,
  "scene_recalls": {"2": 0.16055363321799307},
  "targets_count": 1445,
  "tp_count": 232
}