{
  "gt_count": 1517,
  "mean_obj_recall": 0.1040372943455792,
  "mean_scene_recall": 0.10519031141868512,
  "obj_recalls": {"1": 0.08571428571428572, "5": 0.07537688442211055, "6": 0.07017543859649122, "8": 0.045, "9": 0.26666666666666666, "10": 0.07222222222222222, "11": 0.05714285714285714, "12": 0.16},
  "recall": 0.10519031141868512,
  "scene_recalls": {"2": 0.10519031141868512},
  "targets_count": 1445,
  "tp_count": 152
}