{
  "gt_count": 1517,
  "mean_obj_recall": 0.18424108585953997,
  "mean_scene_recall": 0.18685121107266436,
  "obj_recalls": {"1": 0.16, "5": 0.17587939698492464, "6": 0.14035087719298245, "8": 0.075, "9": 0.3888888888888889, "10": 0.11666666666666667, "11": 0.10714285714285714, "12": 0.31},
  "recall": 0.18685121107266436,
  "scene_recalls": {"2": 0.18685121107266436},
  "targets_count": 1445,
  "tp_count": 270
}