{
  "gt_count": 1517,
  "mean_obj_recall": 0.3606009763730935,
  "mean_scene_recall": 0.3681660899653979,
  "obj_recalls": {"1": 0.26857142857142857, "5": 0.6633165829145728, "6": 0.2631578947368421, "8": 0.14, "9": 0.5333333333333333, "10": 0.15, "11": 0.2714285714285714, "12": 0.595},
  "recall": 0.3681660899653979,
  "scene_recalls": {"2": 0.3681660899653979},
  "targets_count": 1445,
  "tp_count": 532
}