{
  "gt_count": 1517,
  "mean_obj_recall": 0.6962546205337463,
  "mean_scene_recall": 0.7051903114186852,
  "obj_recalls": {"1": 0.7428571428571429, "5": 0.949748743718593, "6": 0.6549707602339181, "8": 0.695, "9": 0.7888888888888889, "10": 0.3, "11": 0.5785714285714286, "12": 0.86},
  "recall": 0.7051903114186852,
  "scene_recalls": {"2": 0.7051903114186852},
  "targets_count": 1445,
  "tp_count": 1019
}