{
  "gt_count": 1517,
  "mean_obj_recall": 0.2137767051632431,
  "mean_scene_recall": 0.2193771626297578,
  "obj_recalls": {"1": 0.13714285714285715, "5": 0.38190954773869346, "6": 0.09941520467836257, "8": 0.05, "9": 0.40555555555555556, "10": 0.08333333333333333, "11": 0.14285714285714285, "12": 0.41},
  "recall": 0.2193771626297578,
  "scene_recalls": {"2": 0.2193771626297578},
  "targets_count": 1445,
  "tp_count": 317
}