{
  "gt_count": 1517,
  "mean_obj_recall": 0.6662279678467526,
  "mean_scene_recall": 0.6747404844290658,
  "obj_recalls": {"1": 0.6914285714285714, "5": 0.9346733668341709, "6": 0.631578947368421, "8": 0.63, "9": 0.7833333333333333, "10": 0.26666666666666666, "11": 0.5571428571428572, "12": 0.835},
  "recall": 0.6747404844290658,
  "scene_recalls": {"2": 0.6747404844290658},
  "targets_count": 1445,
  "tp_count": 975
}