{
  "gt_count": 1517,
  "mean_obj_recall": 0.29465856590807,
  "mean_scene_recall": 0.2968858131487889,
  "obj_recalls": {"1": 0.2742857142857143, "5": 0.36180904522613067, "6": 0.2631578947368421, "8": 0.12, "9": 0.5055555555555555, "10": 0.18888888888888888, "11": 0.22857142857142856, "12": 0.415},
  "recall": 0.2968858131487889,
  "scene_recalls": {"2": 0.2968858131487889},
  "targets_count": 1445,
  "tp_count": 429
}