{
  "gt_count": 1517,
  "mean_obj_recall": 0.5676198714961609,
  "mean_scene_recall": 0.5750865051903115,
  "obj_recalls": {"1": 0.5028571428571429, "5": 0.8592964824120602, "6": 0.5380116959064327, "8": 0.42, "9": 0.7333333333333333, "10": 0.2388888888888889, "11": 0.4785714285714286, "12": 0.77},
  "recall": 0.5750865051903115,
  "scene_recalls": {"2": 0.5750865051903115},
  "targets_count": 1445,
  "tp_count": 831
}