{
  "gt_count": 1517,
  "mean_obj_recall": 0.7173526860492941,
  "mean_scene_recall": 0.726643598615917,
  "obj_recalls": {"1": 0.7828571428571428, "5": 0.9547738693467337, "6": 0.6666666666666666, "8": 0.755, "9": 0.8111111111111111, "10": 0.3055555555555556, "11": 0.5928571428571429, "12": 0.87},
  "recall": 0.726643598615917,
  "scene_recalls": {"2": 0.726643598615917},
  "targets_count": 1445,
  "tp_count": 1050
}