{
  "gt_count": 1517,
  "mean_obj_recall": 0.3194194972355512,
  "mean_scene_recall": 0.3217993079584775,
  "obj_recalls": {"1": 0.3142857142857143, "5": 0.40703517587939697, "6": 0.2807017543859649, "8": 0.13, "9": 0.5222222222222223, "10": 0.2111111111111111, "11": 0.25, "12": 0.44},
  "recall": 0.3217993079584775,
  "scene_recalls": {"2": 0.3217993079584775},
  "targets_count": 1445,
  "tp_count": 465
}