{
  "gt_count": 1517,
  "mean_obj_recall": 0.23868199340478502,
  "mean_scene_recall": 0.24083044982698962,
  "obj_recalls": {"1": 0.19428571428571428, "5": 0.25125628140703515, "6": 0.21637426900584794, "8": 0.1, "9": 0.45555555555555555, "10": 0.15555555555555556, "11": 0.17142857142857143, "12": 0.365},
  "recall": 0.24083044982698962,
  "scene_recalls": {"2": 0.24083044982698962},
  "targets_count": 1445,
  "tp_count": 348
}