{
  "gt_count": 1517,
  "mean_obj_recall": 0.34002366678841156,
  "mean_scene_recall": 0.34256055363321797,
  "obj_recalls": {"1": 0.34285714285714286, "5": 0.44221105527638194, "6": 0.28654970760233917, "8": 0.16, "9": 0.5333333333333333, "10": 0.21666666666666667, "11": 0.2785714285714286, "12": 0.46},
  "recall": 0.34256055363321797,
  "scene_recalls": {"2": 0.34256055363321797},
  "targets_count": 1445,
  "tp_count": 495
}