{
  "gt_count": 1517,
  "mean_obj_recall": 0.48540380473797556,
  "mean_scene_recall": 0.4934256055363322,
  "obj_recalls": {"1": 0.4057142857142857, "5": 0.7889447236180904, "6": 0.4444444444444444, "8": 0.315, "9": 0.6444444444444445, "10": 0.2111111111111111, "11": 0.37857142857142856, "12": 0.695},
  "recall": 0.4934256055363322,
  "scene_recalls": {"2": 0.4934256055363322},
  "targets_count": 1445,
  "tp_count": 713
}