{
  "gt_count": 1517,
  "mean_obj_recall": 0.6228319149003161,
  "mean_scene_recall": 0.6311418685121107,
  "obj_recalls": {"1": 0.6, "5": 0.8944723618090452, "6": 0.5906432748538012, "8": 0.55, "9": 0.7555555555555555, "10": 0.25555555555555554, "11": 0.5214285714285715, "12": 0.815},
  "recall": 0.6311418685121107,
  "scene_recalls": {"2": 0.6311418685121107},
  "targets_count": 1445,
  "tp_count": 912
}