{
  "gt_count": 1517,
  "mean_obj_recall": 0.06316847919631575,
  "mean_scene_recall": 0.06505190311418685,
  "obj_recalls": {"1": 0.04, "5": 0.09045226130653267, "6": 0.005847953216374269, "8": 0.005, "9": 0.1388888888888889, "10": 0.044444444444444446, "11": 0.03571428571428571, "12": 0.145},
  "recall": 0.06505190311418685,
  "scene_recalls": {"2": 0.06505190311418685},
  "targets_count": 1445,
  "tp_count": 94
}