{
  "gt_count": 1517,
  "mean_obj_recall": 0.27071791444692134,
  "mean_scene_recall": 0.27335640138408307,
  "obj_recalls": {"1": 0.25142857142857145, "5": 0.3165829145728643, "6": 0.25146198830409355, "8": 0.11, "9": 0.48333333333333334, "10": 0.17222222222222222, "11": 0.18571428571428572, "12": 0.395},
  "recall": 0.27335640138408307,
  "scene_recalls": {"2": 0.27335640138408307},
  "targets_count": 1445,
  "tp_count": 395
}