{
  "gt_count": 1517,
  "mean_obj_recall": 0.3491605872931911,
  "mean_scene_recall": 0.35155709342560554,
  "obj_recalls": {"1": 0.35428571428571426, "5": 0.45226130653266333, "6": 0.2982456140350877, "8": 0.16, "9": 0.55, "10": 0.22777777777777777, "11": 0.2857142857142857, "12": 0.465},
  "recall": 0.35155709342560554,
  "scene_recalls": {"2": 0.35155709342560554},
  "targets_count": 1445,
  "tp_count": 508
}