{
  "gt_count": 6900,
  "mean_obj_recall": 0.013602728495206976,
  "mean_scene_recall": 0.00953743328736097,
  "obj_recalls": {"1": 0.004037685060565276, "2": 0.011337868480725623, "3": 0.013020833333333334, "4": 0.003367003367003367, "5": 0.005263157894736842, "6": 0.0, "7": 0.0, "8": 0.006666666666666667, "9": 0.008130081300813009, "10": 0.0, "11": 0.0, "12": 0.0, "13": 0.007142857142857143, "14": 0.0136986301369863, "15": 0.0273972602739726, "16": 0.03723404255319149, "17": 0.2534246575342466, "18": 0.0, "19": 0.0, "20": 0.0, "21": 0.0, "22": 0.0, "23": 0.0, "24": 0.010416666666666666, "25": 0.0, "26": 0.0, "27": 0.0, "28": 0.0, "29": 0.0, "30": 0.006944444444444444},
  "recall": 0.011365405573719446,
  "scene_recalls": {"1": 0.005076142131979695, "2": 0.0, "3": 0.0, "4": 0.005128205128205128, "5": 0.0, "6": 0.0, "7": 0.04896907216494845, "8": 0.0, "9": 0.010948905109489052, "10": 0.006944444444444444, "11": 0.015228426395939087, "12": 0.006872852233676976, "13": 0.0, "14": 0.0, "15": 0.0, "16": 0.059431524547803614, "17": 0.003067484662576687, "18": 0.0, "19": 0.021176470588235293, "20": 0.007905138339920948},
  "targets_count": 6423,
  "tp_count": 73
}