{
  "gt_count": 6900,
  "mean_obj_recall": 0.03242586791638919,
  "mean_scene_recall": 0.02784166492139841,
  "obj_recalls": {"1": 0.024226110363391656, "2": 0.047619047619047616, "3": 0.03125, "4": 0.030303030303030304, "5": 0.02631578947368421, "6": 0.0, "7": 0.008, "8": 0.03333333333333333, "9": 0.024390243902439025, "10": 0.0, "11": 0.017142857142857144, "12": 0.007194244604316547, "13": 0.03571428571428571, "14": 0.0410958904109589, "15": 0.03424657534246575, "16": 0.09042553191489362, "17": 0.3287671232876712, "18": 0.00684931506849315, "19": 0.005235602094240838, "20": 0.004166666666666667, "21": 0.0, "22": 0.005319148936170213, "23": 0.012096774193548387, "24": 0.03125, "25": 0.0, "26": 0.0, "27": 0.010416666666666666, "28": 0.03125, "29": 0.030612244897959183, "30": 0.05555555555555555},
  "recall": 0.03160516892417873,
  "scene_recalls": {"1": 0.025380710659898477, "2": 0.0, "3": 0.017467248908296942, "4": 0.02564102564102564, "5": 0.01639344262295082, "6": 0.008547008547008548, "7": 0.07474226804123711, "8": 0.003401360544217687, "9": 0.021897810218978103, "10": 0.024305555555555556, "11": 0.025380710659898477, "12": 0.03436426116838488, "13": 0.01662049861495845, "14": 0.005970149253731343, "15": 0.020761245674740483, "16": 0.09302325581395349, "17": 0.03067484662576687, "18": 0.01730103806228374, "19": 0.05411764705882353, "20": 0.04084321475625823},
  "targets_count": 6423,
  "tp_count": 203
}