{
  "gt_count": 6900,
  "mean_obj_recall": 0.01723059391219122,
  "mean_scene_recall": 0.01275793360382399,
  "obj_recalls": {"1": 0.004037685060565276, "2": 0.015873015873015872, "3": 0.018229166666666668, "4": 0.008417508417508417, "5": 0.010526315789473684, "6": 0.0, "7": 0.0, "8": 0.006666666666666667, "9": 0.008130081300813009, "10": 0.0, "11": 0.0, "12": 0.007194244604316547, "13": 0.014285714285714285, "14": 0.0136986301369863, "15": 0.03424657534246575, "16": 0.05319148936170213, "17": 0.2876712328767123, "18": 0.0, "19": 0.005235602094240838, "20": 0.0, "21": 0.0, "22": 0.0, "23": 0.0, "24": 0.015625, "25": 0.0, "26": 0.0, "27": 0.0, "28": 0.0, "29": 0.0, "30": 0.013888888888888888},
  "recall": 0.014790596294566402,
  "scene_recalls": {"1": 0.005076142131979695, "2": 0.0, "3": 0.008733624454148471, "4": 0.005128205128205128, "5": 0.00819672131147541, "6": 0.0, "7": 0.059278350515463915, "8": 0.003401360544217687, "9": 0.012773722627737226, "10": 0.010416666666666666, "11": 0.015228426395939087, "12": 0.013745704467353952, "13": 0.0, "14": 0.0, "15": 0.0034602076124567475, "16": 0.07493540051679587, "17": 0.003067484662576687, "18": 0.0, "19": 0.021176470588235293, "20": 0.010540184453227932},
  "targets_count": 6423,
  "tp_count": 95
}