{
  "gt_count": 6900,
  "mean_obj_recall": 0.2205409575562843,
  "mean_scene_recall": 0.20789081103258486,
  "obj_recalls": {"1": 0.0847913862718708, "2": 0.09523809523809523, "3": 0.12239583333333333, "4": 0.04208754208754209, "5": 0.4052631578947368, "6": 0.15306122448979592, "7": 0.452, "8": 0.09333333333333334, "9": 0.5040650406504065, "10": 0.21678321678321677, "11": 0.02857142857142857, "12": 0.2302158273381295, "13": 0.16428571428571428, "14": 0.136986301369863, "15": 0.363013698630137, "16": 0.1276595744680851, "17": 0.7465753424657534, "18": 0.2808219178082192, "19": 0.1099476439790576, "20": 0.07916666666666666, "21": 0.14285714285714285, "22": 0.15425531914893617, "23": 0.16532258064516128, "24": 0.13020833333333334, "25": 0.11578947368421053, "26": 0.1717171717171717, "27": 0.4895833333333333, "28": 0.2708333333333333, "29": 0.2755102040816326, "30": 0.2638888888888889},
  "recall": 0.18838548964658258,
  "scene_recalls": {"1": 0.17766497461928935, "2": 0.3401360544217687, "3": 0.24017467248908297, "4": 0.19487179487179487, "5": 0.2786885245901639, "6": 0.1111111111111111, "7": 0.2551546391752577, "8": 0.1564625850340136, "9": 0.07116788321167883, "10": 0.2048611111111111, "11": 0.38071065989847713, "12": 0.27147766323024053, "13": 0.12465373961218837, "14": 0.08059701492537313, "15": 0.29411764705882354, "16": 0.24806201550387597, "17": 0.2361963190184049, "18": 0.1695501730103806, "19": 0.24705882352941178, "20": 0.07509881422924901},
  "targets_count": 6423,
  "tp_count": 1210
}