{
  "gt_count": 6900,
  "mean_obj_recall": 0.33204527883077045,
  "mean_scene_recall": 0.32016494942175905,
  "obj_recalls": {"1": 0.15343203230148048, "2": 0.1655328798185941, "3": 0.203125, "4": 0.12121212121212122, "5": 0.5368421052631579, "6": 0.29591836734693877, "7": 0.596, "8": 0.24666666666666667, "9": 0.6382113821138211, "10": 0.3916083916083916, "11": 0.21142857142857144, "12": 0.4316546762589928, "13": 0.30714285714285716, "14": 0.2054794520547945, "15": 0.4383561643835616, "16": 0.2074468085106383, "17": 0.821917808219178, "18": 0.410958904109589, "19": 0.18848167539267016, "20": 0.17916666666666667, "21": 0.2571428571428571, "22": 0.25, "23": 0.3387096774193548, "24": 0.21354166666666666, "25": 0.1368421052631579, "26": 0.26262626262626265, "27": 0.6041666666666666, "28": 0.3645833333333333, "29": 0.40816326530612246, "30": 0.375},
  "recall": 0.29223104468316985,
  "scene_recalls": {"1": 0.27411167512690354, "2": 0.5170068027210885, "3": 0.37554585152838427, "4": 0.26153846153846155, "5": 0.39344262295081966, "6": 0.29914529914529914, "7": 0.32216494845360827, "8": 0.24829931972789115, "9": 0.1624087591240876, "10": 0.3576388888888889, "11": 0.5583756345177665, "12": 0.37800687285223367, "13": 0.2299168975069252, "14": 0.19402985074626866, "15": 0.4117647058823529, "16": 0.3643410852713178, "17": 0.3312883435582822, "18": 0.2422145328719723, "19": 0.35294117647058826, "20": 0.12911725955204217},
  "targets_count": 6423,
  "tp_count": 1877
}