{
  "gt_count": 6900,
  "mean_obj_recall": 0.024092720460826892,
  "mean_scene_recall": 0.019238661702875547,
  "obj_recalls": {"1": 0.012113055181695828, "2": 0.031746031746031744, "3": 0.020833333333333332, "4": 0.020202020202020204, "5": 0.015789473684210527, "6": 0.0, "7": 0.004, "8": 0.006666666666666667, "9": 0.012195121951219513, "10": 0.0, "11": 0.0, "12": 0.007194244604316547, "13": 0.02857142857142857, "14": 0.0273972602739726, "15": 0.03424657534246575, "16": 0.0851063829787234, "17": 0.3219178082191781, "18": 0.00684931506849315, "19": 0.005235602094240838, "20": 0.0, "21": 0.0, "22": 0.0, "23": 0.008064516129032258, "24": 0.03125, "25": 0.0, "26": 0.0, "27": 0.010416666666666666, "28": 0.005208333333333333, "29": 0.0, "30": 0.027777777777777776},
  "recall": 0.022419430172816442,
  "scene_recalls": {"1": 0.01015228426395939, "2": 0.0, "3": 0.008733624454148471, "4": 0.010256410256410256, "5": 0.012295081967213115, "6": 0.0, "7": 0.06701030927835051, "8": 0.003401360544217687, "9": 0.014598540145985401, "10": 0.017361111111111112, "11": 0.015228426395939087, "12": 0.027491408934707903, "13": 0.00554016620498615, "14": 0.0029850746268656717, "15": 0.006920415224913495, "16": 0.08527131782945736, "17": 0.015337423312883436, "18": 0.010380622837370242, "19": 0.04941176470588235, "20": 0.022397891963109356},
  "targets_count": 6423,
  "tp_count": 144
}