{
  "gt_count": 6900,
  "mean_obj_recall": 0.3421262147407594,
  "mean_scene_recall": 0.32992201242761415,
  "obj_recalls": {"1": 0.15612382234185734, "2": 0.17687074829931973, "3": 0.20833333333333334, "4": 0.12121212121212122, "5": 0.5526315789473685, "6": 0.3163265306122449, "7": 0.612, "8": 0.26, "9": 0.6422764227642277, "10": 0.3916083916083916, "11": 0.21714285714285714, "12": 0.4316546762589928, "13": 0.32857142857142857, "14": 0.2054794520547945, "15": 0.4383561643835616, "16": 0.21808510638297873, "17": 0.8287671232876712, "18": 0.4178082191780822, "19": 0.193717277486911, "20": 0.1875, "21": 0.2857142857142857, "22": 0.2712765957446808, "23": 0.3709677419354839, "24": 0.21875, "25": 0.1368421052631579, "26": 0.2828282828282828, "27": 0.6041666666666666, "28": 0.375, "29": 0.4387755102040816, "30": 0.375},
  "recall": 0.3011054024599097,
  "scene_recalls": {"1": 0.2893401015228426, "2": 0.5306122448979592, "3": 0.38427947598253276, "4": 0.27692307692307694, "5": 0.3975409836065574, "6": 0.3076923076923077, "7": 0.32989690721649484, "8": 0.2619047619047619, "9": 0.16605839416058393, "10": 0.375, "11": 0.5685279187817259, "12": 0.3848797250859107, "13": 0.2409972299168975, "14": 0.21791044776119403, "15": 0.42214532871972316, "16": 0.3669250645994832, "17": 0.3343558282208589, "18": 0.24567474048442905, "19": 0.36470588235294116, "20": 0.13306982872200263},
  "targets_count": 6423,
  "tp_count": 1934
}