{
  "gt_count": 6900,
  "mean_obj_recall": 0.29023865218492756,
  "mean_scene_recall": 0.2770857325665099,
  "obj_recalls": {"1": 0.11440107671601615, "2": 0.15192743764172337, "3": 0.16927083333333334, "4": 0.08754208754208755, "5": 0.4789473684210526, "6": 0.23469387755102042, "7": 0.516, "8": 0.16, "9": 0.6138211382113821, "10": 0.34965034965034963, "11": 0.1657142857142857, "12": 0.381294964028777, "13": 0.2571428571428571, "14": 0.1780821917808219, "15": 0.4246575342465753, "16": 0.19148936170212766, "17": 0.7876712328767124, "18": 0.3698630136986301, "19": 0.16753926701570682, "20": 0.1375, "21": 0.18857142857142858, "22": 0.2127659574468085, "23": 0.2620967741935484, "24": 0.18229166666666666, "25": 0.1368421052631579, "26": 0.23232323232323232, "27": 0.5416666666666666, "28": 0.3229166666666667, "29": 0.35714285714285715, "30": 0.3333333333333333},
  "recall": 0.2520628989568737,
  "scene_recalls": {"1": 0.24873096446700507, "2": 0.4489795918367347, "3": 0.32751091703056767, "4": 0.22564102564102564, "5": 0.3524590163934426, "6": 0.2264957264957265, "7": 0.30412371134020616, "8": 0.20408163265306123, "9": 0.11678832116788321, "10": 0.2951388888888889, "11": 0.4873096446700508, "12": 0.3470790378006873, "13": 0.16897506925207756, "14": 0.1582089552238806, "15": 0.36678200692041524, "16": 0.3359173126614987, "17": 0.294478527607362, "18": 0.20761245674740483, "19": 0.32, "20": 0.10540184453227931},
  "targets_count": 6423,
  "tp_count": 1619
}