{
  "gt_count": 6900,
  "mean_obj_recall": 0.02812934553248687,
  "mean_scene_recall": 0.02325434496259268,
  "obj_recalls": {"1": 0.018842530282637954, "2": 0.04308390022675737, "3": 0.026041666666666668, "4": 0.021885521885521887, "5": 0.021052631578947368, "6": 0.0, "7": 0.004, "8": 0.02, "9": 0.016260162601626018, "10": 0.0, "11": 0.005714285714285714, "12": 0.007194244604316547, "13": 0.02857142857142857, "14": 0.03424657534246575, "15": 0.03424657534246575, "16": 0.0851063829787234, "17": 0.3287671232876712, "18": 0.00684931506849315, "19": 0.005235602094240838, "20": 0.0, "21": 0.0, "22": 0.005319148936170213, "23": 0.012096774193548387, "24": 0.03125, "25": 0.0, "26": 0.0, "27": 0.010416666666666666, "28": 0.015625, "29": 0.02040816326530612, "30": 0.041666666666666664},
  "recall": 0.02677876381753075,
  "scene_recalls": {"1": 0.015228426395939087, "2": 0.0, "3": 0.013100436681222707, "4": 0.02564102564102564, "5": 0.01639344262295082, "6": 0.0, "7": 0.07216494845360824, "8": 0.003401360544217687, "9": 0.020072992700729927, "10": 0.024305555555555556, "11": 0.015228426395939087, "12": 0.030927835051546393, "13": 0.008310249307479225, "14": 0.0029850746268656717, "15": 0.01730103806228374, "16": 0.08785529715762273, "17": 0.018404907975460124, "18": 0.010380622837370242, "19": 0.05176470588235294, "20": 0.03162055335968379},
  "targets_count": 6423,
  "tp_count": 172
}