{
  "gt_count": 6900,
  "mean_obj_recall": 0.3073525453557184,
  "mean_scene_recall": 0.2957309942156104,
  "obj_recalls": {"1": 0.13189771197846567, "2": 0.15873015873015872, "3": 0.18229166666666666, "4": 0.10606060606060606, "5": 0.5157894736842106, "6": 0.24489795918367346, "7": 0.564, "8": 0.18666666666666668, "9": 0.6260162601626016, "10": 0.36363636363636365, "11": 0.18285714285714286, "12": 0.4028776978417266, "13": 0.2857142857142857, "14": 0.19863013698630136, "15": 0.4315068493150685, "16": 0.19148936170212766, "17": 0.7945205479452054, "18": 0.3835616438356164, "19": 0.17801047120418848, "20": 0.15416666666666667, "21": 0.22857142857142856, "22": 0.22872340425531915, "23": 0.2903225806451613, "24": 0.1875, "25": 0.1368421052631579, "26": 0.23232323232323232, "27": 0.5729166666666666, "28": 0.3385416666666667, "29": 0.3673469387755102, "30": 0.3541666666666667},
  "recall": 0.269500233535731,
  "scene_recalls": {"1": 0.25888324873096447, "2": 0.47619047619047616, "3": 0.3537117903930131, "4": 0.24615384615384617, "5": 0.36885245901639346, "6": 0.2564102564102564, "7": 0.30927835051546393, "8": 0.22789115646258504, "9": 0.13503649635036497, "10": 0.3125, "11": 0.5076142131979695, "12": 0.35738831615120276, "13": 0.19113573407202217, "14": 0.1761194029850746, "15": 0.39100346020761245, "16": 0.3462532299741602, "17": 0.3159509202453988, "18": 0.23183391003460208, "19": 0.33647058823529413, "20": 0.11594202898550725},
  "targets_count": 6423,
  "tp_count": 1731
}