{
  "gt_count": 6900,
  "mean_obj_recall": 0.05288843528529364,
  "mean_scene_recall": 0.03978375761881453,
  "obj_recalls": {"1": 0.0026917900403768506, "2": 0.0022675736961451248, "3": 0.010416666666666666, "4": 0.003367003367003367, "5": 0.07368421052631578, "6": 0.0, "7": 0.044, "8": 0.013333333333333334, "9": 0.02032520325203252, "10": 0.006993006993006993, "11": 0.0, "12": 0.007194244604316547, "13": 0.0, "14": 0.0136986301369863, "15": 0.14383561643835616, "16": 0.02127659574468085, "17": 0.4246575342465753, "18": 0.0410958904109589, "19": 0.010471204188481676, "20": 0.008333333333333333, "21": 0.011428571428571429, "22": 0.015957446808510637, "23": 0.036290322580645164, "24": 0.020833333333333332, "25": 0.042105263157894736, "26": 0.030303030303030304, "27": 0.20833333333333334, "28": 0.09895833333333333, "29": 0.14285714285714285, "30": 0.13194444444444445},
  "recall": 0.03721002646738284,
  "scene_recalls": {"1": 0.08629441624365482, "2": 0.04081632653061224, "3": 0.021834061135371178, "4": 0.05128205128205128, "5": 0.04918032786885246, "6": 0.0, "7": 0.08505154639175258, "8": 0.023809523809523808, "9": 0.009124087591240875, "10": 0.034722222222222224, "11": 0.03553299492385787, "12": 0.020618556701030927, "13": 0.0221606648199446, "14": 0.011940298507462687, "15": 0.11418685121107267, "16": 0.06201550387596899, "17": 0.024539877300613498, "18": 0.0034602076124567475, "19": 0.09647058823529411, "20": 0.002635046113306983},
  "targets_count": 6423,
  "tp_count": 239
}