{
  "gt_count": 6900,
  "mean_obj_recall": 0.1548618481652889,
  "mean_scene_recall": 0.14002335135452953,
  "obj_recalls": {"1": 0.04441453566621804, "2": 0.049886621315192746, "3": 0.0703125, "4": 0.013468013468013467, "5": 0.3, "6": 0.07142857142857142, "7": 0.288, "8": 0.04, "9": 0.3048780487804878, "10": 0.0979020979020979, "11": 0.011428571428571429, "12": 0.1223021582733813, "13": 0.07142857142857142, "14": 0.0821917808219178, "15": 0.3150684931506849, "16": 0.05851063829787234, "17": 0.7123287671232876, "18": 0.19863013698630136, "19": 0.06282722513089005, "20": 0.05416666666666667, "21": 0.07428571428571429, "22": 0.09574468085106383, "23": 0.07258064516129033, "24": 0.06770833333333333, "25": 0.10526315789473684, "26": 0.1414141414141414, "27": 0.4270833333333333, "28": 0.22916666666666666, "29": 0.25510204081632654, "30": 0.20833333333333334},
  "recall": 0.1250194613109139,
  "scene_recalls": {"1": 0.13705583756345177, "2": 0.2585034013605442, "3": 0.13973799126637554, "4": 0.15897435897435896, "5": 0.20081967213114754, "6": 0.03418803418803419, "7": 0.2036082474226804, "8": 0.09523809523809523, "9": 0.03467153284671533, "10": 0.12152777777777778, "11": 0.24873096446700507, "12": 0.17525773195876287, "13": 0.07756232686980609, "14": 0.03582089552238806, "15": 0.25259515570934254, "16": 0.17054263565891473, "17": 0.15030674846625766, "18": 0.08650519031141868, "19": 0.18588235294117647, "20": 0.03293807641633729},
  "targets_count": 6423,
  "tp_count": 803
}