{
  "gt_count": 6900,
  "mean_obj_recall": 0.3218467142253732,
  "mean_scene_recall": 0.30947403909053206,
  "obj_recalls": {"1": 0.1426648721399731, "2": 0.16099773242630386, "3": 0.1953125, "4": 0.1127946127946128, "5": 0.531578947368421, "6": 0.2755102040816326, "7": 0.576, "8": 0.22, "9": 0.6382113821138211, "10": 0.3776223776223776, "11": 0.19428571428571428, "12": 0.4244604316546763, "13": 0.3, "14": 0.19863013698630136, "15": 0.4383561643835616, "16": 0.2074468085106383, "17": 0.8013698630136986, "18": 0.3904109589041096, "19": 0.18848167539267016, "20": 0.1625, "21": 0.2342857142857143, "22": 0.25, "23": 0.31048387096774194, "24": 0.203125, "25": 0.1368421052631579, "26": 0.25252525252525254, "27": 0.6041666666666666, "28": 0.3645833333333333, "29": 0.3877551020408163, "30": 0.375},
  "recall": 0.28226685349525144,
  "scene_recalls": {"1": 0.2639593908629442, "2": 0.4965986394557823, "3": 0.36681222707423583, "4": 0.2512820512820513, "5": 0.38114754098360654, "6": 0.28205128205128205, "7": 0.3118556701030928, "8": 0.23469387755102042, "9": 0.14963503649635038, "10": 0.3333333333333333, "11": 0.5431472081218274, "12": 0.36769759450171824, "13": 0.2188365650969529, "14": 0.1880597014925373, "15": 0.4117647058823529, "16": 0.35400516795865633, "17": 0.32515337423312884, "18": 0.23529411764705882, "19": 0.35294117647058826, "20": 0.12121212121212122},
  "targets_count": 6423,
  "tp_count": 1813
}