{
  "gt_count": 6900,
  "mean_obj_recall": 0.0196058322310464,
  "mean_scene_recall": 0.01494358948402156,
  "obj_recalls": {"1": 0.006729475100942127, "2": 0.02040816326530612, "3": 0.018229166666666668, "4": 0.013468013468013467, "5": 0.010526315789473684, "6": 0.0, "7": 0.0, "8": 0.006666666666666667, "9": 0.008130081300813009, "10": 0.0, "11": 0.0, "12": 0.007194244604316547, "13": 0.014285714285714285, "14": 0.0136986301369863, "15": 0.03424657534246575, "16": 0.06914893617021277, "17": 0.3150684931506849, "18": 0.0, "19": 0.005235602094240838, "20": 0.0, "21": 0.0, "22": 0.0, "23": 0.0, "24": 0.03125, "25": 0.0, "26": 0.0, "27": 0.0, "28": 0.0, "29": 0.0, "30": 0.013888888888888888},
  "recall": 0.017437334578857232,
  "scene_recalls": {"1": 0.005076142131979695, "2": 0.0, "3": 0.008733624454148471, "4": 0.005128205128205128, "5": 0.00819672131147541, "6": 0.0, "7": 0.061855670103092786, "8": 0.003401360544217687, "9": 0.012773722627737226, "10": 0.013888888888888888, "11": 0.015228426395939087, "12": 0.020618556701030927, "13": 0.0, "14": 0.0029850746268656717, "15": 0.0034602076124567475, "16": 0.08010335917312661, "17": 0.003067484662576687, "18": 0.006920415224913495, "19": 0.03294117647058824, "20": 0.014492753623188406},
  "targets_count": 6423,
  "tp_count": 112
}