{
  "gt_count": 6900,
  "mean_obj_recall": 0.009447992037970133,
  "mean_scene_recall": 0.00614120511627656,
  "obj_recalls": {"1": 0.0013458950201884253, "2": 0.0045351473922902496, "3": 0.005208333333333333, "4": 0.003367003367003367, "5": 0.005263157894736842, "6": 0.0, "7": 0.0, "8": 0.0, "9": 0.0040650406504065045, "10": 0.0, "11": 0.0, "12": 0.0, "13": 0.007142857142857143, "14": 0.0136986301369863, "15": 0.00684931506849315, "16": 0.02127659574468085, "17": 0.2054794520547945, "18": 0.0, "19": 0.0, "20": 0.0, "21": 0.0, "22": 0.0, "23": 0.0, "24": 0.005208333333333333, "25": 0.0, "26": 0.0, "27": 0.0, "28": 0.0, "29": 0.0, "30": 0.0},
  "recall": 0.007473143390938813,
  "scene_recalls": {"1": 0.0, "2": 0.0, "3": 0.0, "4": 0.0, "5": 0.0, "6": 0.0, "7": 0.03865979381443299, "8": 0.0, "9": 0.005474452554744526, "10": 0.003472222222222222, "11": 0.01015228426395939, "12": 0.0, "13": 0.0, "14": 0.0, "15": 0.0, "16": 0.04392764857881137, "17": 0.003067484662576687, "18": 0.0, "19": 0.01411764705882353, "20": 0.003952569169960474},
  "targets_count": 6423,
  "tp_count": 48
}