{
  "gt_count": 6900,
  "mean_obj_recall": 0.2635248999293923,
  "mean_scene_recall": 0.2496472972138602,
  "obj_recalls": {"1": 0.1009421265141319, "2": 0.13151927437641722, "3": 0.15364583333333334, "4": 0.06397306397306397, "5": 0.4631578947368421, "6": 0.20408163265306123, "7": 0.488, "8": 0.12, "9": 0.573170731707317, "10": 0.32867132867132864, "11": 0.08571428571428572, "12": 0.302158273381295, "13": 0.22857142857142856, "14": 0.1643835616438356, "15": 0.410958904109589, "16": 0.17553191489361702, "17": 0.773972602739726, "18": 0.3561643835616438, "19": 0.14659685863874344, "20": 0.11666666666666667, "21": 0.18285714285714286, "22": 0.19148936170212766, "23": 0.21370967741935484, "24": 0.17708333333333334, "25": 0.1368421052631579, "26": 0.1919191919191919, "27": 0.5104166666666666, "28": 0.2916666666666667, "29": 0.3163265306122449, "30": 0.3055555555555556},
  "recall": 0.22730811147438892,
  "scene_recalls": {"1": 0.22842639593908629, "2": 0.3945578231292517, "3": 0.2925764192139738, "4": 0.2153846153846154, "5": 0.3319672131147541, "6": 0.1623931623931624, "7": 0.28865979381443296, "8": 0.1836734693877551, "9": 0.0948905109489051, "10": 0.2604166666666667, "11": 0.45685279187817257, "12": 0.30927835051546393, "13": 0.14681440443213298, "14": 0.14029850746268657, "15": 0.3217993079584775, "16": 0.30749354005167956, "17": 0.2791411042944785, "18": 0.17993079584775087, "19": 0.3035294117647059, "20": 0.09486166007905138},
  "targets_count": 6423,
  "tp_count": 1460
}