{
  "gt_count": 6900,
  "mean_obj_recall": 0.3526400063753246,
  "mean_scene_recall": 0.33893736898464677,
  "obj_recalls": {"1": 0.16150740242261102, "2": 0.17687074829931973, "3": 0.21614583333333334, "4": 0.12794612794612795, "5": 0.5684210526315789, "6": 0.32653061224489793, "7": 0.624, "8": 0.28, "9": 0.6422764227642277, "10": 0.3986013986013986, "11": 0.22285714285714286, "12": 0.43884892086330934, "13": 0.36428571428571427, "14": 0.2191780821917808, "15": 0.4520547945205479, "16": 0.21808510638297873, "17": 0.8287671232876712, "18": 0.4178082191780822, "19": 0.193717277486911, "20": 0.19166666666666668, "21": 0.30857142857142855, "22": 0.28191489361702127, "23": 0.3790322580645161, "24": 0.23958333333333334, "25": 0.15789473684210525, "26": 0.30303030303030304, "27": 0.625, "28": 0.390625, "29": 0.4489795918367347, "30": 0.375},
  "recall": 0.3098240697493383,
  "scene_recalls": {"1": 0.29441624365482233, "2": 0.5306122448979592, "3": 0.40611353711790393, "4": 0.27692307692307694, "5": 0.4098360655737705, "6": 0.3162393162393162, "7": 0.33762886597938147, "8": 0.272108843537415, "9": 0.1678832116788321, "10": 0.3888888888888889, "11": 0.5736040609137056, "12": 0.3917525773195876, "13": 0.25761772853185594, "14": 0.22388059701492538, "15": 0.43944636678200694, "16": 0.3772609819121447, "17": 0.34049079754601225, "18": 0.25951557093425603, "19": 0.3788235294117647, "20": 0.13570487483530963},
  "targets_count": 6423,
  "tp_count": 1990
}