{
  "gt_count": 6900,
  "mean_obj_recall": 0.04066820756588907,
  "mean_scene_recall": 0.03558355026118834,
  "obj_recalls": {"1": 0.03230148048452221, "2": 0.05215419501133787, "3": 0.046875, "4": 0.030303030303030304, "5": 0.02631578947368421, "6": 0.0, "7": 0.008, "8": 0.04666666666666667, "9": 0.04065040650406504, "10": 0.0, "11": 0.03428571428571429, "12": 0.014388489208633094, "13": 0.04285714285714286, "14": 0.04794520547945205, "15": 0.0410958904109589, "16": 0.10106382978723404, "17": 0.3356164383561644, "18": 0.02054794520547945, "19": 0.015706806282722512, "20": 0.004166666666666667, "21": 0.011428571428571429, "22": 0.005319148936170213, "23": 0.012096774193548387, "24": 0.036458333333333336, "25": 0.010526315789473684, "26": 0.030303030303030304, "27": 0.020833333333333332, "28": 0.052083333333333336, "29": 0.030612244897959183, "30": 0.06944444444444445},
  "recall": 0.03907831231511755,
  "scene_recalls": {"1": 0.03553299492385787, "2": 0.0, "3": 0.03056768558951965, "4": 0.041025641025641026, "5": 0.01639344262295082, "6": 0.01282051282051282, "7": 0.08505154639175258, "8": 0.003401360544217687, "9": 0.025547445255474453, "10": 0.03125, "11": 0.04060913705583756, "12": 0.05154639175257732, "13": 0.030470914127423823, "14": 0.005970149253731343, "15": 0.03460207612456748, "16": 0.10077519379844961, "17": 0.03680981595092025, "18": 0.01730103806228374, "19": 0.06588235294117648, "20": 0.0461133069828722},
  "targets_count": 6423,
  "tp_count": 251
}