{
  "gt_count": 6900,
  "mean_obj_recall": 0.14552811745203884,
  "mean_scene_recall": 0.13421350253052625,
  "obj_recalls": {"1": 0.07537012113055182, "2": 0.10884353741496598, "3": 0.17708333333333334, "4": 0.10437710437710437, "5": 0.12631578947368421, "6": 0.07142857142857142, "7": 0.108, "8": 0.16, "9": 0.3089430894308943, "10": 0.055944055944055944, "11": 0.08, "12": 0.12949640287769784, "13": 0.17142857142857143, "14": 0.2328767123287671, "15": 0.19863013698630136, "16": 0.32978723404255317, "17": 0.5273972602739726, "18": 0.0547945205479452, "19": 0.06806282722513089, "20": 0.125, "21": 0.022857142857142857, "22": 0.0425531914893617, "23": 0.16129032258064516, "24": 0.10416666666666667, "25": 0.021052631578947368, "26": 0.030303030303030304, "27": 0.2604166666666667, "28": 0.03125, "29": 0.21428571428571427, "30": 0.2638888888888889},
  "recall": 0.13638486688463336,
  "scene_recalls": {"1": 0.12690355329949238, "2": 0.11564625850340136, "3": 0.18777292576419213, "4": 0.035897435897435895, "5": 0.14754098360655737, "6": 0.07264957264957266, "7": 0.20876288659793815, "8": 0.0782312925170068, "9": 0.12226277372262774, "10": 0.1388888888888889, "11": 0.13705583756345177, "12": 0.1958762886597938, "13": 0.0664819944598338, "14": 0.07761194029850746, "15": 0.16262975778546712, "16": 0.21705426356589147, "17": 0.1411042944785276, "18": 0.1245674740484429, "19": 0.22588235294117648, "20": 0.10144927536231885},
  "targets_count": 6423,
  "tp_count": 876
}