{
  "gt_count": 6900,
  "mean_obj_recall": 0.16094985893069075,
  "mean_scene_recall": 0.14913188390859394,
  "obj_recalls": {"1": 0.08075370121130551, "2": 0.12698412698412698, "3": 0.1953125, "4": 0.11784511784511785, "5": 0.12631578947368421, "6": 0.08163265306122448, "7": 0.136, "8": 0.2, "9": 0.32113821138211385, "10": 0.08391608391608392, "11": 0.09142857142857143, "12": 0.14388489208633093, "13": 0.2, "14": 0.2534246575342466, "15": 0.2054794520547945, "16": 0.35638297872340424, "17": 0.541095890410959, "18": 0.0547945205479452, "19": 0.07329842931937172, "20": 0.13333333333333333, "21": 0.03428571428571429, "22": 0.05851063829787234, "23": 0.18951612903225806, "24": 0.109375, "25": 0.021052631578947368, "26": 0.06060606060606061, "27": 0.2916666666666667, "28": 0.052083333333333336, "29": 0.22448979591836735, "30": 0.2638888888888889},
  "recall": 0.15101977269188852,
  "scene_recalls": {"1": 0.13705583756345177, "2": 0.11564625850340136, "3": 0.1965065502183406, "4": 0.07179487179487179, "5": 0.18032786885245902, "6": 0.08974358974358974, "7": 0.21391752577319587, "8": 0.08163265306122448, "9": 0.12956204379562045, "10": 0.14930555555555555, "11": 0.15736040609137056, "12": 0.22336769759450173, "13": 0.08310249307479224, "14": 0.10149253731343283, "15": 0.17647058823529413, "16": 0.23772609819121446, "17": 0.1441717791411043, "18": 0.1314878892733564, "19": 0.2447058823529412, "20": 0.11725955204216074},
  "targets_count": 6423,
  "tp_count": 970
}