{
  "gt_count": 6900,
  "mean_obj_recall": 0.18381199800266318,
  "mean_scene_recall": 0.17314631114369977,
  "obj_recalls": {"1": 0.11036339165545088, "2": 0.15192743764172337, "3": 0.2109375, "4": 0.13131313131313133, "5": 0.14736842105263157, "6": 0.11224489795918367, "7": 0.16, "8": 0.22, "9": 0.35772357723577236, "10": 0.11188811188811189, "11": 0.14285714285714285, "12": 0.17266187050359713, "13": 0.21428571428571427, "14": 0.2876712328767123, "15": 0.2328767123287671, "16": 0.3670212765957447, "17": 0.5616438356164384, "18": 0.07534246575342465, "19": 0.09424083769633508, "20": 0.15416666666666667, "21": 0.05714285714285714, "22": 0.07446808510638298, "23": 0.2056451612903226, "24": 0.13020833333333334, "25": 0.021052631578947368, "26": 0.08080808080808081, "27": 0.3020833333333333, "28": 0.08333333333333333, "29": 0.2653061224489796, "30": 0.2777777777777778},
  "recall": 0.17390627432663863,
  "scene_recalls": {"1": 0.16243654822335024, "2": 0.14285714285714285, "3": 0.2445414847161572, "4": 0.08717948717948718, "5": 0.20491803278688525, "6": 0.1111111111111111, "7": 0.2345360824742268, "8": 0.10884353741496598, "9": 0.1478102189781022, "10": 0.1701388888888889, "11": 0.18274111675126903, "12": 0.2508591065292096, "13": 0.09141274238227147, "14": 0.12238805970149254, "15": 0.21107266435986158, "16": 0.2532299741602067, "17": 0.18404907975460122, "18": 0.1522491349480969, "19": 0.2635294117647059, "20": 0.1370223978919631},
  "targets_count": 6423,
  "tp_count": 1117
}