{
  "gt_count": 6900,
  "mean_obj_recall": 0.07198890842134428,
  "mean_scene_recall": 0.06132466889649725,
  "obj_recalls": {"1": 0.034993270524899055, "2": 0.045351473922902494, "3": 0.06770833333333333, "4": 0.04040404040404041, "5": 0.042105263157894736, "6": 0.01020408163265306, "7": 0.04, "8": 0.06, "9": 0.13008130081300814, "10": 0.0, "11": 0.011428571428571429, "12": 0.014388489208633094, "13": 0.08571428571428572, "14": 0.13013698630136986, "15": 0.1232876712328767, "16": 0.22872340425531915, "17": 0.410958904109589, "18": 0.00684931506849315, "19": 0.015706806282722512, "20": 0.041666666666666664, "21": 0.0, "22": 0.015957446808510637, "23": 0.07661290322580645, "24": 0.07291666666666667, "25": 0.0, "26": 0.0, "27": 0.14583333333333334, "28": 0.005208333333333333, "29": 0.10204081632653061, "30": 0.2013888888888889},
  "recall": 0.06476724272146972,
  "scene_recalls": {"1": 0.05583756345177665, "2": 0.047619047619047616, "3": 0.039301310043668124, "4": 0.010256410256410256, "5": 0.045081967213114756, "6": 0.01282051282051282, "7": 0.12886597938144329, "8": 0.04081632653061224, "9": 0.05291970802919708, "10": 0.05555555555555555, "11": 0.04568527918781726, "12": 0.09965635738831616, "13": 0.01662049861495845, "14": 0.03880597014925373, "15": 0.10380622837370242, "16": 0.14470284237726097, "17": 0.06134969325153374, "18": 0.04844290657439446, "19": 0.1388235294117647, "20": 0.039525691699604744},
  "targets_count": 6423,
  "tp_count": 416
}