{
  "gt_count": 6900,
  "mean_obj_recall": 0.10184171929698448,
  "mean_scene_recall": 0.09015016562134673,
  "obj_recalls": {"1": 0.047106325706594884, "2": 0.07936507936507936, "3": 0.1171875, "4": 0.058922558922558925, "5": 0.07368421052631578, "6": 0.02040816326530612, "7": 0.068, "8": 0.1, "9": 0.21544715447154472, "10": 0.013986013986013986, "11": 0.02857142857142857, "12": 0.02877697841726619, "13": 0.12142857142857143, "14": 0.1780821917808219, "15": 0.17123287671232876, "16": 0.2925531914893617, "17": 0.4657534246575342, "18": 0.0273972602739726, "19": 0.031413612565445025, "20": 0.06666666666666667, "21": 0.005714285714285714, "22": 0.02127659574468085, "23": 0.10887096774193548, "24": 0.08333333333333333, "25": 0.010526315789473684, "26": 0.010101010101010102, "27": 0.19791666666666666, "28": 0.005208333333333333, "29": 0.16326530612244897, "30": 0.24305555555555555},
  "recall": 0.09341429238673517,
  "scene_recalls": {"1": 0.09137055837563451, "2": 0.061224489795918366, "3": 0.10043668122270742, "4": 0.015384615384615385, "5": 0.07377049180327869, "6": 0.021367521367521368, "7": 0.16494845360824742, "8": 0.05442176870748299, "9": 0.07846715328467153, "10": 0.09722222222222222, "11": 0.07614213197969544, "12": 0.15463917525773196, "13": 0.027700831024930747, "14": 0.041791044776119404, "15": 0.13494809688581316, "16": 0.1731266149870801, "17": 0.0950920245398773, "18": 0.09342560553633218, "19": 0.18823529411764706, "20": 0.05928853754940711},
  "targets_count": 6423,
  "tp_count": 600
}