{
  "gt_count": 6900,
  "mean_obj_recall": 0.1712689739922113,
  "mean_scene_recall": 0.16060468141629902,
  "obj_recalls": {"1": 0.09286675639300135, "2": 0.14058956916099774, "3": 0.20833333333333334, "4": 0.12121212121212122, "5": 0.14210526315789473, "6": 0.08163265306122448, "7": 0.156, "8": 0.2, "9": 0.3333333333333333, "10": 0.11188811188811189, "11": 0.12571428571428572, "12": 0.16546762589928057, "13": 0.2, "14": 0.2534246575342466, "15": 0.2191780821917808, "16": 0.3670212765957447, "17": 0.547945205479452, "18": 0.06164383561643835, "19": 0.07853403141361257, "20": 0.14583333333333334, "21": 0.04, "22": 0.07446808510638298, "23": 0.1975806451612903, "24": 0.125, "25": 0.021052631578947368, "26": 0.06060606060606061, "27": 0.2916666666666667, "28": 0.0625, "29": 0.23469387755102042, "30": 0.2777777777777778},
  "recall": 0.1619181068036743,
  "scene_recalls": {"1": 0.14720812182741116, "2": 0.1292517006802721, "3": 0.22707423580786026, "4": 0.07179487179487179, "5": 0.20081967213114754, "6": 0.10256410256410256, "7": 0.2190721649484536, "8": 0.09183673469387756, "9": 0.13503649635036497, "10": 0.16319444444444445, "11": 0.16751269035532995, "12": 0.24398625429553264, "13": 0.0886426592797784, "14": 0.11343283582089553, "15": 0.18685121107266436, "16": 0.24031007751937986, "17": 0.15950920245398773, "18": 0.1384083044982699, "19": 0.2564705882352941, "20": 0.12911725955204217},
  "targets_count": 6423,
  "tp_count": 1040
}