{
  "gt_count": 6900,
  "mean_obj_recall": 0.03855804771131775,
  "mean_scene_recall": 0.030092778418795547,
  "obj_recalls": {"1": 0.012113055181695828, "2": 0.02040816326530612, "3": 0.036458333333333336, "4": 0.02356902356902357, "5": 0.010526315789473684, "6": 0.0, "7": 0.008, "8": 0.04, "9": 0.028455284552845527, "10": 0.0, "11": 0.0, "12": 0.0, "13": 0.05, "14": 0.0547945205479452, "15": 0.10273972602739725, "16": 0.15425531914893617, "17": 0.22602739726027396, "18": 0.0, "19": 0.0, "20": 0.008333333333333333, "21": 0.0, "22": 0.0, "23": 0.04032258064516129, "24": 0.036458333333333336, "25": 0.0, "26": 0.0, "27": 0.10416666666666667, "28": 0.0, "29": 0.061224489795918366, "30": 0.1388888888888889},
  "recall": 0.03269500233535731,
  "scene_recalls": {"1": 0.030456852791878174, "2": 0.006802721088435374, "3": 0.013100436681222707, "4": 0.005128205128205128, "5": 0.020491803278688523, "6": 0.0, "7": 0.06701030927835051, "8": 0.017006802721088437, "9": 0.020072992700729927, "10": 0.020833333333333332, "11": 0.025380710659898477, "12": 0.05154639175257732, "13": 0.00554016620498615, "14": 0.014925373134328358, "15": 0.0726643598615917, "16": 0.09043927648578812, "17": 0.009202453987730062, "18": 0.020761245674740483, "19": 0.08941176470588236, "20": 0.021080368906455864},
  "targets_count": 6423,
  "tp_count": 210
}