{
  "gt_count": 6900,
  "mean_obj_recall": 0.12479743404443229,
  "mean_scene_recall": 0.11359870592094348,
  "obj_recalls": {"1": 0.06056527590847914, "2": 0.09523809523809523, "3": 0.13802083333333334, "4": 0.08754208754208755, "5": 0.11578947368421053, "6": 0.061224489795918366, "7": 0.088, "8": 0.12666666666666668, "9": 0.25609756097560976, "10": 0.027972027972027972, "11": 0.05714285714285714, "12": 0.07194244604316546, "13": 0.14285714285714285, "14": 0.2191780821917808, "15": 0.1780821917808219, "16": 0.30851063829787234, "17": 0.5, "18": 0.03424657534246575, "19": 0.04712041884816754, "20": 0.10833333333333334, "21": 0.011428571428571429, "22": 0.03723404255319149, "23": 0.13306451612903225, "24": 0.10416666666666667, "25": 0.010526315789473684, "26": 0.020202020202020204, "27": 0.23958333333333334, "28": 0.015625, "29": 0.1836734693877551, "30": 0.2638888888888889},
  "recall": 0.11583372255955161,
  "scene_recalls": {"1": 0.10152284263959391, "2": 0.10204081632653061, "3": 0.14410480349344978, "4": 0.02564102564102564, "5": 0.10655737704918032, "6": 0.05555555555555555, "7": 0.18814432989690721, "8": 0.06802721088435375, "9": 0.09671532846715329, "10": 0.125, "11": 0.10152284263959391, "12": 0.17869415807560138, "13": 0.04986149584487535, "14": 0.05970149253731343, "15": 0.1522491349480969, "16": 0.19121447028423771, "17": 0.12269938650306748, "18": 0.11764705882352941, "19": 0.20470588235294118, "20": 0.08036890645586298},
  "targets_count": 6423,
  "tp_count": 744
}