{
  "gt_count": 6900,
  "mean_obj_recall": 0.007453361015008395,
  "mean_scene_recall": 0.0050950549244690654,
  "obj_recalls": {"1": 0.0, "2": 0.0, "3": 0.0026041666666666665, "4": 0.0016835016835016834, "5": 0.0, "6": 0.0, "7": 0.004, "8": 0.006666666666666667, "9": 0.0, "10": 0.0, "11": 0.0, "12": 0.0, "13": 0.007142857142857143, "14": 0.00684931506849315, "15": 0.0410958904109589, "16": 0.0425531914893617, "17": 0.04794520547945205, "18": 0.0, "19": 0.0, "20": 0.0, "21": 0.0, "22": 0.0, "23": 0.004032258064516129, "24": 0.010416666666666666, "25": 0.0, "26": 0.0, "27": 0.0, "28": 0.0, "29": 0.0, "30": 0.04861111111111111},
  "recall": 0.005760548030515336,
  "scene_recalls": {"1": 0.005076142131979695, "2": 0.0, "3": 0.004366812227074236, "4": 0.0, "5": 0.0, "6": 0.0, "7": 0.010309278350515464, "8": 0.003401360544217687, "9": 0.0018248175182481751, "10": 0.003472222222222222, "11": 0.0, "12": 0.006872852233676976, "13": 0.0, "14": 0.0, "15": 0.010380622837370242, "16": 0.023255813953488372, "17": 0.0, "18": 0.0, "19": 0.03294117647058824, "20": 0.0},
  "targets_count": 6423,
  "tp_count": 37
}