{
  "gt_count": 6900,
  "mean_obj_recall": 0.19637759137925143,
  "mean_scene_recall": 0.1860314753998885,
  "obj_recalls": {"1": 0.12113055181695828, "2": 0.16326530612244897, "3": 0.21875, "4": 0.14309764309764308, "5": 0.15263157894736842, "6": 0.1326530612244898, "7": 0.18, "8": 0.24, "9": 0.37398373983739835, "10": 0.11888111888111888, "11": 0.16, "12": 0.18705035971223022, "13": 0.2357142857142857, "14": 0.2876712328767123, "15": 0.23972602739726026, "16": 0.3882978723404255, "17": 0.5684931506849316, "18": 0.0958904109589041, "19": 0.10471204188481675, "20": 0.1625, "21": 0.08, "22": 0.0851063829787234, "23": 0.21370967741935484, "24": 0.13020833333333334, "25": 0.021052631578947368, "26": 0.10101010101010101, "27": 0.3229166666666667, "28": 0.09895833333333333, "29": 0.2653061224489796, "30": 0.2986111111111111},
  "recall": 0.18605013233691423,
  "scene_recalls": {"1": 0.17766497461928935, "2": 0.1564625850340136, "3": 0.26200873362445415, "4": 0.09743589743589744, "5": 0.21721311475409835, "6": 0.1282051282051282, "7": 0.23711340206185566, "8": 0.11904761904761904, "9": 0.1551094890510949, "10": 0.1840277777777778, "11": 0.20304568527918782, "12": 0.2542955326460481, "13": 0.10526315789473684, "14": 0.12835820895522387, "15": 0.22491349480968859, "16": 0.26098191214470284, "17": 0.20552147239263804, "18": 0.17301038062283736, "19": 0.2847058823529412, "20": 0.14624505928853754},
  "targets_count": 6423,
  "tp_count": 1195
}