{
  "gt_count": 6900,
  "mean_obj_recall": 0.019866967099294752,
  "mean_scene_recall": 0.01719822705436794,
  "obj_recalls": {"1": 0.0013458950201884253, "2": 0.0022675736961451248, "3": 0.020833333333333332, "4": 0.003367003367003367, "5": 0.0, "6": 0.01020408163265306, "7": 0.008, "8": 0.08, "9": 0.10569105691056911, "10": 0.0, "11": 0.0, "12": 0.0, "13": 0.0, "14": 0.06164383561643835, "15": 0.00684931506849315, "16": 0.026595744680851064, "17": 0.19863013698630136, "18": 0.0, "19": 0.0, "20": 0.0, "21": 0.0, "22": 0.0, "23": 0.004032258064516129, "24": 0.010416666666666666, "25": 0.0, "26": 0.030303030303030304, "27": 0.0, "28": 0.015625, "29": 0.01020408163265306, "30": 0.0},
  "recall": 0.016658882142301105,
  "scene_recalls": {"1": 0.0, "2": 0.006802721088435374, "3": 0.026200873362445413, "4": 0.020512820512820513, "5": 0.004098360655737705, "6": 0.0, "7": 0.05412371134020619, "8": 0.0, "9": 0.009124087591240875, "10": 0.010416666666666666, "11": 0.05583756345177665, "12": 0.027491408934707903, "13": 0.0, "14": 0.0, "15": 0.010380622837370242, "16": 0.05167958656330749, "17": 0.02147239263803681, "18": 0.031141868512110725, "19": 0.009411764705882352, "20": 0.005270092226613966},
  "targets_count": 6423,
  "tp_count": 107
}