{
  "gt_count": 6900,
  "mean_obj_recall": 0.027769278106883264,
  "mean_scene_recall": 0.024368480998221517,
  "obj_recalls": {"1": 0.004037685060565276, "2": 0.011337868480725623, "3": 0.033854166666666664, "4": 0.010101010101010102, "5": 0.0, "6": 0.04081632653061224, "7": 0.008, "8": 0.1, "9": 0.13414634146341464, "10": 0.0, "11": 0.0, "12": 0.0, "13": 0.0, "14": 0.0821917808219178, "15": 0.02054794520547945, "16": 0.03723404255319149, "17": 0.2191780821917808, "18": 0.0, "19": 0.005235602094240838, "20": 0.0, "21": 0.0, "22": 0.0, "23": 0.004032258064516129, "24": 0.015625, "25": 0.0, "26": 0.0707070707070707, "27": 0.0, "28": 0.015625, "29": 0.02040816326530612, "30": 0.0},
  "recall": 0.023664954071306244,
  "scene_recalls": {"1": 0.0, "2": 0.027210884353741496, "3": 0.03056768558951965, "4": 0.03076923076923077, "5": 0.004098360655737705, "6": 0.0, "7": 0.07474226804123711, "8": 0.0, "9": 0.016423357664233577, "10": 0.017361111111111112, "11": 0.07106598984771574, "12": 0.037800687285223365, "13": 0.0, "14": 0.0, "15": 0.020761245674740483, "16": 0.059431524547803614, "17": 0.03067484662576687, "18": 0.04152249134948097, "19": 0.011764705882352941, "20": 0.013175230566534914},
  "targets_count": 6423,
  "tp_count": 152
}