{
  "gt_count": 6900,
  "mean_obj_recall": 0.043017962077173136,
  "mean_scene_recall": 0.039604617275742875,
  "obj_recalls": {"1": 0.017496635262449527, "2": 0.036281179138321996, "3": 0.059895833333333336, "4": 0.02356902356902357, "5": 0.0, "6": 0.05102040816326531, "7": 0.016, "8": 0.15333333333333332, "9": 0.17479674796747968, "10": 0.04195804195804196, "11": 0.0, "12": 0.007194244604316547, "13": 0.014285714285714285, "14": 0.1095890410958904, "15": 0.02054794520547945, "16": 0.05319148936170213, "17": 0.3013698630136986, "18": 0.0136986301369863, "19": 0.015706806282722512, "20": 0.0, "21": 0.0, "22": 0.005319148936170213, "23": 0.012096774193548387, "24": 0.020833333333333332, "25": 0.0, "26": 0.09090909090909091, "27": 0.0, "28": 0.020833333333333332, "29": 0.030612244897959183, "30": 0.0},
  "recall": 0.03923400280242877,
  "scene_recalls": {"1": 0.0, "2": 0.04081632653061224, "3": 0.05240174672489083, "4": 0.041025641025641026, "5": 0.028688524590163935, "6": 0.0, "7": 0.0979381443298969, "8": 0.006802721088435374, "9": 0.041970802919708027, "10": 0.024305555555555556, "11": 0.116751269035533, "12": 0.05154639175257732, "13": 0.002770083102493075, "14": 0.0029850746268656717, "15": 0.031141868512110725, "16": 0.08785529715762273, "17": 0.06441717791411043, "18": 0.04844290657439446, "19": 0.02588235294117647, "20": 0.026350461133069828},
  "targets_count": 6423,
  "tp_count": 252
}