{
  "gt_count": 6900,
  "mean_obj_recall": 0.07120098849117006,
  "mean_scene_recall": 0.06674904474782248,
  "obj_recalls": {"1": 0.033647375504710635, "2": 0.045351473922902494, "3": 0.09895833333333333, "4": 0.05555555555555555, "5": 0.0, "6": 0.12244897959183673, "7": 0.048, "8": 0.24, "9": 0.1951219512195122, "10": 0.0979020979020979, "11": 0.017142857142857144, "12": 0.04316546762589928, "13": 0.02857142857142857, "14": 0.14383561643835616, "15": 0.03424657534246575, "16": 0.07446808510638298, "17": 0.3698630136986301, "18": 0.0410958904109589, "19": 0.03664921465968586, "20": 0.008333333333333333, "21": 0.011428571428571429, "22": 0.015957446808510637, "23": 0.05241935483870968, "24": 0.041666666666666664, "25": 0.031578947368421054, "26": 0.12121212121212122, "27": 0.010416666666666666, "28": 0.052083333333333336, "29": 0.05102040816326531, "30": 0.013888888888888888},
  "recall": 0.06523431418340339,
  "scene_recalls": {"1": 0.02030456852791878, "2": 0.06802721088435375, "3": 0.06550218340611354, "4": 0.08717948717948718, "5": 0.036885245901639344, "6": 0.05982905982905983, "7": 0.12886597938144329, "8": 0.017006802721088437, "9": 0.07481751824817519, "10": 0.06944444444444445, "11": 0.18781725888324874, "12": 0.07560137457044673, "13": 0.019390581717451522, "14": 0.011940298507462687, "15": 0.04498269896193772, "16": 0.12661498708010335, "17": 0.10122699386503067, "18": 0.04844290657439446, "19": 0.042352941176470586, "20": 0.048748353096179184},
  "targets_count": 6423,
  "tp_count": 419
}