{
  "gt_count": 6900,
  "mean_obj_recall": 0.036003388901031025,
  "mean_scene_recall": 0.03264634305306839,
  "obj_recalls": {"1": 0.012113055181695828, "2": 0.024943310657596373, "3": 0.049479166666666664, "4": 0.020202020202020204, "5": 0.0, "6": 0.05102040816326531, "7": 0.008, "8": 0.13333333333333333, "9": 0.15853658536585366, "10": 0.013986013986013986, "11": 0.0, "12": 0.007194244604316547, "13": 0.007142857142857143, "14": 0.1095890410958904, "15": 0.02054794520547945, "16": 0.0425531914893617, "17": 0.2465753424657534, "18": 0.0136986301369863, "19": 0.005235602094240838, "20": 0.0, "21": 0.0, "22": 0.005319148936170213, "23": 0.008064516129032258, "24": 0.015625, "25": 0.0, "26": 0.09090909090909091, "27": 0.0, "28": 0.015625, "29": 0.02040816326530612, "30": 0.0},
  "recall": 0.032227930873423634,
  "scene_recalls": {"1": 0.0, "2": 0.034013605442176874, "3": 0.043668122270742356, "4": 0.041025641025641026, "5": 0.01639344262295082, "6": 0.0, "7": 0.09020618556701031, "8": 0.0, "9": 0.032846715328467155, "10": 0.020833333333333332, "11": 0.09137055837563451, "12": 0.044673539518900345, "13": 0.002770083102493075, "14": 0.0, "15": 0.02422145328719723, "16": 0.06976744186046512, "17": 0.05521472392638037, "18": 0.04498269896193772, "19": 0.021176470588235293, "20": 0.019762845849802372},
  "targets_count": 6423,
  "tp_count": 207
}