{
  "gt_count": 6900,
  "mean_obj_recall": 0.06524347549420194,
  "mean_scene_recall": 0.06063833859932578,
  "obj_recalls": {"1": 0.029609690444145357, "2": 0.04308390022675737, "3": 0.09635416666666667, "4": 0.04882154882154882, "5": 0.0, "6": 0.12244897959183673, "7": 0.036, "8": 0.22, "9": 0.1951219512195122, "10": 0.07692307692307693, "11": 0.005714285714285714, "12": 0.03597122302158273, "13": 0.02857142857142857, "14": 0.14383561643835616, "15": 0.03424657534246575, "16": 0.07446808510638298, "17": 0.3493150684931507, "18": 0.03424657534246575, "19": 0.031413612565445025, "20": 0.004166666666666667, "21": 0.005714285714285714, "22": 0.010638297872340425, "23": 0.04838709677419355, "24": 0.036458333333333336, "25": 0.031578947368421054, "26": 0.1111111111111111, "27": 0.010416666666666666, "28": 0.041666666666666664, "29": 0.05102040816326531, "30": 0.0},
  "recall": 0.05962945664019929,
  "scene_recalls": {"1": 0.015228426395939087, "2": 0.06802721088435375, "3": 0.06550218340611354, "4": 0.06153846153846154, "5": 0.036885245901639344, "6": 0.04700854700854701, "7": 0.1211340206185567, "8": 0.017006802721088437, "9": 0.07116788321167883, "10": 0.059027777777777776, "11": 0.17766497461928935, "12": 0.07216494845360824, "13": 0.013850415512465374, "14": 0.008955223880597015, "15": 0.04498269896193772, "16": 0.11627906976744186, "17": 0.08282208588957055, "18": 0.04844290657439446, "19": 0.03764705882352941, "20": 0.04743083003952569},
  "targets_count": 6423,
  "tp_count": 383
}