{
  "gt_count": 6900,
  "mean_obj_recall": 0.05814229835600763,
  "mean_scene_recall": 0.053647833439287695,
  "obj_recalls": {"1": 0.02557200538358008, "2": 0.04081632653061224, "3": 0.07552083333333333, "4": 0.03535353535353535, "5": 0.0, "6": 0.11224489795918367, "7": 0.032, "8": 0.21333333333333335, "9": 0.1910569105691057, "10": 0.06293706293706294, "11": 0.0, "12": 0.02877697841726619, "13": 0.02142857142857143, "14": 0.13013698630136986, "15": 0.03424657534246575, "16": 0.06914893617021277, "17": 0.3424657534246575, "18": 0.02054794520547945, "19": 0.02617801047120419, "20": 0.004166666666666667, "21": 0.005714285714285714, "22": 0.010638297872340425, "23": 0.036290322580645164, "24": 0.026041666666666668, "25": 0.021052631578947368, "26": 0.09090909090909091, "27": 0.010416666666666666, "28": 0.036458333333333336, "29": 0.04081632653061224, "30": 0.0},
  "recall": 0.05246769422388292,
  "scene_recalls": {"1": 0.01015228426395939, "2": 0.06802721088435375, "3": 0.0611353711790393, "4": 0.05128205128205128, "5": 0.03278688524590164, "6": 0.029914529914529916, "7": 0.1134020618556701, "8": 0.017006802721088437, "9": 0.058394160583941604, "10": 0.03819444444444445, "11": 0.15736040609137056, "12": 0.06529209621993128, "13": 0.013850415512465374, "14": 0.008955223880597015, "15": 0.03806228373702422, "16": 0.1111111111111111, "17": 0.07975460122699386, "18": 0.04844290657439446, "19": 0.03294117647058824, "20": 0.03689064558629776},
  "targets_count": 6423,
  "tp_count": 337
}