{
  "gt_count": 6900,
  "mean_obj_recall": 0.05098849294332223,
  "mean_scene_recall": 0.04682131500003932,
  "obj_recalls": {"1": 0.02288021534320323, "2": 0.03854875283446712, "3": 0.0625, "4": 0.030303030303030304, "5": 0.0, "6": 0.09183673469387756, "7": 0.02, "8": 0.17333333333333334, "9": 0.18699186991869918, "10": 0.055944055944055944, "11": 0.0, "12": 0.014388489208633094, "13": 0.02142857142857143, "14": 0.1232876712328767, "15": 0.03424657534246575, "16": 0.05851063829787234, "17": 0.3287671232876712, "18": 0.0136986301369863, "19": 0.020942408376963352, "20": 0.004166666666666667, "21": 0.0, "22": 0.005319148936170213, "23": 0.028225806451612902, "24": 0.026041666666666668, "25": 0.010526315789473684, "26": 0.09090909090909091, "27": 0.0, "28": 0.026041666666666668, "29": 0.04081632653061224, "30": 0.0},
  "recall": 0.046084384244122686,
  "scene_recalls": {"1": 0.01015228426395939, "2": 0.061224489795918366, "3": 0.056768558951965066, "4": 0.041025641025641026, "5": 0.028688524590163935, "6": 0.008547008547008548, "7": 0.1056701030927835, "8": 0.017006802721088437, "9": 0.04744525547445255, "10": 0.03125, "11": 0.13705583756345177, "12": 0.054982817869415807, "13": 0.00554016620498615, "14": 0.005970149253731343, "15": 0.03460207612456748, "16": 0.10594315245478036, "17": 0.0736196319018405, "18": 0.04844290657439446, "19": 0.02823529411764706, "20": 0.034255599472990776},
  "targets_count": 6423,
  "tp_count": 296
}