{
  "gt_count": 6900,
  "mean_obj_recall": 0.009224310386729068,
  "mean_scene_recall": 0.006921502463838542,
  "obj_recalls": {"1": 0.0, "2": 0.0, "3": 0.005208333333333333, "4": 0.0, "5": 0.0, "6": 0.0, "7": 0.0, "8": 0.04666666666666667, "9": 0.02032520325203252, "10": 0.0, "11": 0.0, "12": 0.0, "13": 0.0, "14": 0.04794520547945205, "15": 0.0, "16": 0.015957446808510637, "17": 0.1095890410958904, "18": 0.0, "19": 0.0, "20": 0.0, "21": 0.0, "22": 0.0, "23": 0.0, "24": 0.005208333333333333, "25": 0.0, "26": 0.0, "27": 0.0, "28": 0.015625, "29": 0.01020408163265306, "30": 0.0},
  "recall": 0.007006071929005138,
  "scene_recalls": {"1": 0.0, "2": 0.0, "3": 0.017467248908296942, "4": 0.005128205128205128, "5": 0.0, "6": 0.0, "7": 0.041237113402061855, "8": 0.0, "9": 0.0, "10": 0.003472222222222222, "11": 0.015228426395939087, "12": 0.006872852233676976, "13": 0.0, "14": 0.0, "15": 0.010380622837370242, "16": 0.020671834625323, "17": 0.006134969325153374, "18": 0.0034602076124567475, "19": 0.007058823529411765, "20": 0.0013175230566534915},
  "targets_count": 6423,
  "tp_count": 45
}