{
  "gt_count": 6900,
  "mean_obj_recall": 0.4876656241655899,
  "mean_scene_recall": 0.47780761804660943,
  "obj_recalls": {"1": 0.3445491251682369, "2": 0.5215419501133787, "3": 0.5729166666666666, "4": 0.45286195286195285, "5": 0.4052631578947368, "6": 0.45918367346938777, "7": 0.552, "8": 0.5733333333333334, "9": 0.7967479674796748, "10": 0.32167832167832167, "11": 0.32571428571428573, "12": 0.5035971223021583, "13": 0.6214285714285714, "14": 0.6232876712328768, "15": 0.7054794520547946, "16": 0.7393617021276596, "17": 0.8835616438356164, "18": 0.3013698630136986, "19": 0.31413612565445026, "20": 0.4375, "21": 0.28, "22": 0.24468085106382978, "23": 0.4637096774193548, "24": 0.4895833333333333, "25": 0.16842105263157894, "26": 0.2222222222222222, "27": 0.71875, "28": 0.23958333333333334, "29": 0.6530612244897959, "30": 0.6944444444444444},
  "recall": 0.4778141055581504,
  "scene_recalls": {"1": 0.5126903553299492, "2": 0.4557823129251701, "3": 0.5895196506550219, "4": 0.28717948717948716, "5": 0.5901639344262295, "6": 0.37606837606837606, "7": 0.5515463917525774, "8": 0.3333333333333333, "9": 0.46715328467153283, "10": 0.5034722222222222, "11": 0.583756345177665, "12": 0.6701030927835051, "13": 0.29085872576177285, "14": 0.373134328358209, "15": 0.4290657439446367, "16": 0.5633074935400517, "17": 0.5, "18": 0.4117647058823529, "19": 0.6258823529411764, "20": 0.4413702239789196},
  "targets_count": 6423,
  "tp_count": 3069
}