{
  "gt_count": 6900,
  "mean_obj_recall": 0.40246310666668605,
  "mean_scene_recall": 0.39236923502515697,
  "obj_recalls": {"1": 0.2503364737550471, "2": 0.4399092970521542, "3": 0.5260416666666666, "4": 0.38047138047138046, "5": 0.34210526315789475, "6": 0.3979591836734694, "7": 0.404, "8": 0.42, "9": 0.7439024390243902, "10": 0.24475524475524477, "11": 0.26857142857142857, "12": 0.3669064748201439, "13": 0.5785714285714286, "14": 0.547945205479452, "15": 0.6712328767123288, "16": 0.7287234042553191, "17": 0.8287671232876712, "18": 0.2328767123287671, "19": 0.2094240837696335, "20": 0.3458333333333333, "21": 0.13142857142857142, "22": 0.14893617021276595, "23": 0.38306451612903225, "24": 0.4375, "25": 0.07368421052631578, "26": 0.1111111111111111, "27": 0.5, "28": 0.14583333333333334, "29": 0.5612244897959183, "30": 0.6527777777777778},
  "recall": 0.395298147283201,
  "scene_recalls": {"1": 0.43147208121827413, "2": 0.3877551020408163, "3": 0.5065502183406113, "4": 0.1794871794871795, "5": 0.4672131147540984, "6": 0.2606837606837607, "7": 0.4845360824742268, "8": 0.24149659863945577, "9": 0.38503649635036497, "10": 0.3888888888888889, "11": 0.5025380710659898, "12": 0.6116838487972509, "13": 0.2077562326869806, "14": 0.2746268656716418, "15": 0.33217993079584773, "16": 0.5038759689922481, "17": 0.4294478527607362, "18": 0.30103806228373703, "19": 0.5835294117647059, "20": 0.3675889328063241},
  "targets_count": 6423,
  "tp_count": 2539
}