{
  "gt_count": 6900,
  "mean_obj_recall": 0.2706105948900508,
  "mean_scene_recall": 0.25706301784929797,
  "obj_recalls": {"1": 0.15343203230148048, "2": 0.3129251700680272, "3": 0.3880208333333333, "4": 0.24074074074074073, "5": 0.22105263157894736, "6": 0.25510204081632654, "7": 0.228, "8": 0.23333333333333334, "9": 0.5528455284552846, "10": 0.03496503496503497, "11": 0.08571428571428572, "12": 0.15827338129496402, "13": 0.37857142857142856, "14": 0.4589041095890411, "15": 0.5753424657534246, "16": 0.6861702127659575, "17": 0.7397260273972602, "18": 0.10273972602739725, "19": 0.07853403141361257, "20": 0.2, "21": 0.05714285714285714, "22": 0.0851063829787234, "23": 0.24596774193548387, "24": 0.3229166666666667, "25": 0.010526315789473684, "26": 0.04040404040404041, "27": 0.2708333333333333, "28": 0.078125, "29": 0.3673469387755102, "30": 0.5555555555555556},
  "recall": 0.26638642378950644,
  "scene_recalls": {"1": 0.27918781725888325, "2": 0.23809523809523808, "3": 0.2445414847161572, "4": 0.09230769230769231, "5": 0.2540983606557377, "6": 0.13247863247863248, "7": 0.39690721649484534, "8": 0.12585034013605442, "9": 0.25547445255474455, "10": 0.2847222222222222, "11": 0.3096446700507614, "12": 0.44329896907216493, "13": 0.10803324099722991, "14": 0.14626865671641792, "15": 0.2422145328719723, "16": 0.3850129198966408, "17": 0.26993865030674846, "18": 0.20069204152249134, "19": 0.47294117647058825, "20": 0.2595520421607378},
  "targets_count": 6423,
  "tp_count": 1711
}