{
  "gt_count": 6900,
  "mean_obj_recall": 0.4395757766525121,
  "mean_scene_recall": 0.4308137069979788,
  "obj_recalls": {"1": 0.2920592193808883, "2": 0.47845804988662133, "3": 0.546875, "4": 0.4107744107744108, "5": 0.38421052631578945, "6": 0.41836734693877553, "7": 0.476, "8": 0.4866666666666667, "9": 0.7682926829268293, "10": 0.27972027972027974, "11": 0.3142857142857143, "12": 0.45323741007194246, "13": 0.5928571428571429, "14": 0.589041095890411, "15": 0.684931506849315, "16": 0.7340425531914894, "17": 0.8424657534246576, "18": 0.2534246575342466, "19": 0.25654450261780104, "20": 0.39166666666666666, "21": 0.2, "22": 0.18085106382978725, "23": 0.41935483870967744, "24": 0.46875, "25": 0.12631578947368421, "26": 0.13131313131313133, "27": 0.5833333333333334, "28": 0.171875, "29": 0.5918367346938775, "30": 0.6597222222222222},
  "recall": 0.43204110228865017,
  "scene_recalls": {"1": 0.4619289340101523, "2": 0.42857142857142855, "3": 0.5545851528384279, "4": 0.2205128205128205, "5": 0.5204918032786885, "6": 0.3162393162393162, "7": 0.5077319587628866, "8": 0.2891156462585034, "9": 0.4251824817518248, "10": 0.4513888888888889, "11": 0.5482233502538071, "12": 0.6357388316151202, "13": 0.2409972299168975, "14": 0.3074626865671642, "15": 0.356401384083045, "16": 0.537467700258398, "17": 0.4723926380368098, "18": 0.3460207612456747, "19": 0.5952941176470589, "20": 0.4005270092226614},
  "targets_count": 6423,
  "tp_count": 2775
}