{
  "gt_count": 6900,
  "mean_obj_recall": 0.5050632620975806,
  "mean_scene_recall": 0.4940448957084912,
  "obj_recalls": {"1": 0.3553162853297443, "2": 0.5238095238095238, "3": 0.5807291666666666, "4": 0.4612794612794613, "5": 0.41578947368421054, "6": 0.46938775510204084, "7": 0.572, "8": 0.5733333333333334, "9": 0.8048780487804879, "10": 0.3706293706293706, "11": 0.35428571428571426, "12": 0.5251798561151079, "13": 0.6285714285714286, "14": 0.6301369863013698, "15": 0.7191780821917808, "16": 0.7393617021276596, "17": 0.8835616438356164, "18": 0.3150684931506849, "19": 0.33507853403141363, "20": 0.4666666666666667, "21": 0.32, "22": 0.2712765957446808, "23": 0.5, "24": 0.5104166666666666, "25": 0.2, "26": 0.24242424242424243, "27": 0.71875, "28": 0.2760416666666667, "29": 0.673469387755102, "30": 0.7152777777777778},
  "recall": 0.49353884477658416,
  "scene_recalls": {"1": 0.5279187817258884, "2": 0.46258503401360546, "3": 0.5982532751091703, "4": 0.29743589743589743, "5": 0.6024590163934426, "6": 0.4017094017094017, "7": 0.5644329896907216, "8": 0.35034013605442177, "9": 0.4726277372262774, "10": 0.5277777777777778, "11": 0.6040609137055838, "12": 0.6804123711340206, "13": 0.32409972299168976, "14": 0.41194029850746267, "15": 0.45674740484429066, "16": 0.5762273901808785, "17": 0.5184049079754601, "18": 0.41522491349480967, "19": 0.6376470588235295, "20": 0.4505928853754941},
  "targets_count": 6423,
  "tp_count": 3170
}