{
  "gt_count": 6900,
  "mean_obj_recall": 0.4639405088466192,
  "mean_scene_recall": 0.45526102904690846,
  "obj_recalls": {"1": 0.3203230148048452, "2": 0.5011337868480725, "3": 0.5572916666666666, "4": 0.4377104377104377, "5": 0.39473684210526316, "6": 0.4387755102040816, "7": 0.524, "8": 0.5466666666666666, "9": 0.7764227642276422, "10": 0.2937062937062937, "11": 0.32, "12": 0.48201438848920863, "13": 0.6071428571428571, "14": 0.6095890410958904, "15": 0.684931506849315, "16": 0.7340425531914894, "17": 0.8698630136986302, "18": 0.273972602739726, "19": 0.28272251308900526, "20": 0.4083333333333333, "21": 0.2342857142857143, "22": 0.20212765957446807, "23": 0.4475806451612903, "24": 0.484375, "25": 0.15789473684210525, "26": 0.18181818181818182, "27": 0.6354166666666666, "28": 0.20833333333333334, "29": 0.6224489795918368, "30": 0.6805555555555556},
  "recall": 0.4557060563599564,
  "scene_recalls": {"1": 0.4873096446700508, "2": 0.43537414965986393, "3": 0.5807860262008734, "4": 0.26153846153846155, "5": 0.5409836065573771, "6": 0.3504273504273504, "7": 0.520618556701031, "8": 0.30612244897959184, "9": 0.4470802919708029, "10": 0.4756944444444444, "11": 0.5736040609137056, "12": 0.6701030927835051, "13": 0.26869806094182824, "14": 0.33432835820895523, "15": 0.39100346020761245, "16": 0.5478036175710594, "17": 0.4938650306748466, "18": 0.3875432525951557, "19": 0.6094117647058823, "20": 0.42292490118577075},
  "targets_count": 6423,
  "tp_count": 2927
}