{
  "gt_count": 6900,
  "mean_obj_recall": 0.5188270373999672,
  "mean_scene_recall": 0.5086757122586617,
  "obj_recalls": {"1": 0.3768506056527591, "2": 0.5306122448979592, "3": 0.5911458333333334, "4": 0.4713804713804714, "5": 0.4473684210526316, "6": 0.5, "7": 0.584, "8": 0.58, "9": 0.8130081300813008, "10": 0.40559440559440557, "11": 0.35428571428571426, "12": 0.5467625899280576, "13": 0.6357142857142857, "14": 0.6301369863013698, "15": 0.726027397260274, "16": 0.7446808510638298, "17": 0.8835616438356164, "18": 0.3150684931506849, "19": 0.3403141361256545, "20": 0.4875, "21": 0.33714285714285713, "22": 0.30319148936170215, "23": 0.5040322580645161, "24": 0.515625, "25": 0.2, "26": 0.2828282828282828, "27": 0.7395833333333334, "28": 0.3125, "29": 0.6836734693877551, "30": 0.7222222222222222},
  "recall": 0.5070839171726608,
  "scene_recalls": {"1": 0.5329949238578681, "2": 0.4897959183673469, "3": 0.6026200873362445, "4": 0.3282051282051282, "5": 0.6147540983606558, "6": 0.4230769230769231, "7": 0.5747422680412371, "8": 0.36054421768707484, "9": 0.4835766423357664, "10": 0.5381944444444444, "11": 0.6294416243654822, "12": 0.6872852233676976, "13": 0.3490304709141274, "14": 0.4298507462686567, "15": 0.47750865051903113, "16": 0.58656330749354, "17": 0.5245398773006135, "18": 0.4359861591695502, "19": 0.6423529411764706, "20": 0.4624505928853755},
  "targets_count": 6423,
  "tp_count": 3257
}