{
  "gt_count": 6900,
  "mean_obj_recall": 0.026151819494180596,
  "mean_scene_recall": 0.01938552191132708,
  "obj_recalls": {"1": 0.009421265141318977, "2": 0.022675736961451247, "3": 0.015625, "4": 0.006734006734006734, "5": 0.0, "6": 0.0, "7": 0.004, "8": 0.013333333333333334, "9": 0.008130081300813009, "10": 0.0, "11": 0.0, "12": 0.0, "13": 0.02142857142857143, "14": 0.03424657534246575, "15": 0.0821917808219178, "16": 0.18085106382978725, "17": 0.18493150684931506, "18": 0.0, "19": 0.0, "20": 0.008333333333333333, "21": 0.0, "22": 0.0, "23": 0.012096774193548387, "24": 0.03125, "25": 0.0, "26": 0.0, "27": 0.010416666666666666, "28": 0.0, "29": 0.0, "30": 0.1388888888888889},
  "recall": 0.022575120660127665,
  "scene_recalls": {"1": 0.04568527918781726, "2": 0.0, "3": 0.008733624454148471, "4": 0.0, "5": 0.004098360655737705, "6": 0.0, "7": 0.041237113402061855, "8": 0.01020408163265306, "9": 0.012773722627737226, "10": 0.017361111111111112, "11": 0.0, "12": 0.010309278350515464, "13": 0.002770083102493075, "14": 0.0, "15": 0.02422145328719723, "16": 0.09043927648578812, "17": 0.006134969325153374, "18": 0.006920415224913495, "19": 0.08705882352941176, "20": 0.019762845849802372},
  "targets_count": 6423,
  "tp_count": 145
}