{
  "gt_count": 6900,
  "mean_obj_recall": 0.35247721881472505,
  "mean_scene_recall": 0.3406150519124388,
  "obj_recalls": {"1": 0.2032301480484522, "2": 0.4013605442176871, "3": 0.4791666666666667, "4": 0.31986531986531985, "5": 0.28421052631578947, "6": 0.35714285714285715, "7": 0.336, "8": 0.3466666666666667, "9": 0.6869918699186992, "10": 0.16083916083916083, "11": 0.18857142857142858, "12": 0.2949640287769784, "13": 0.5142857142857142, "14": 0.4931506849315068, "15": 0.6301369863013698, "16": 0.7180851063829787, "17": 0.8082191780821918, "18": 0.1643835616438356, "19": 0.16753926701570682, "20": 0.30416666666666664, "21": 0.09142857142857143, "22": 0.11702127659574468, "23": 0.34274193548387094, "24": 0.3802083333333333, "25": 0.042105263157894736, "26": 0.06060606060606061, "27": 0.3958333333333333, "28": 0.109375, "29": 0.5510204081632653, "30": 0.625},
  "recall": 0.3456328818309201,
  "scene_recalls": {"1": 0.4010152284263959, "2": 0.3333333333333333, "3": 0.4017467248908297, "4": 0.12307692307692308, "5": 0.35655737704918034, "6": 0.2222222222222222, "7": 0.44072164948453607, "8": 0.20068027210884354, "9": 0.3375912408759124, "10": 0.3576388888888889, "11": 0.41624365482233505, "12": 0.570446735395189, "13": 0.16066481994459833, "14": 0.23880597014925373, "15": 0.3079584775086505, "16": 0.46770025839793283, "17": 0.35276073619631904, "18": 0.2698961937716263, "19": 0.5317647058823529, "20": 0.3214756258234519},
  "targets_count": 6423,
  "tp_count": 2220
}