{
  "gt_count": 6900,
  "mean_obj_recall": 0.1497080496689222,
  "mean_scene_recall": 0.1292899442889502,
  "obj_recalls": {"1": 0.06864064602960969, "2": 0.1655328798185941, "3": 0.19270833333333334, "4": 0.08922558922558922, "5": 0.06842105263157895, "6": 0.07142857142857142, "7": 0.072, "8": 0.11333333333333333, "9": 0.2886178861788618, "10": 0.0, "11": 0.005714285714285714, "12": 0.04316546762589928, "13": 0.20714285714285716, "14": 0.2671232876712329, "15": 0.4041095890410959, "16": 0.574468085106383, "17": 0.6164383561643836, "18": 0.02054794520547945, "19": 0.010471204188481676, "20": 0.09583333333333334, "21": 0.005714285714285714, "22": 0.031914893617021274, "23": 0.0846774193548387, "24": 0.18229166666666666, "25": 0.0, "26": 0.0, "27": 0.14583333333333334, "28": 0.03125, "29": 0.20408163265306123, "30": 0.4305555555555556},
  "recall": 0.1404328195547252,
  "scene_recalls": {"1": 0.16751269035532995, "2": 0.06802721088435375, "3": 0.06986899563318777, "4": 0.03076923076923077, "5": 0.09836065573770492, "6": 0.021367521367521368, "7": 0.24484536082474226, "8": 0.05442176870748299, "9": 0.12043795620437957, "10": 0.11805555555555555, "11": 0.1319796954314721, "12": 0.20962199312714777, "13": 0.04155124653739612, "14": 0.056716417910447764, "15": 0.16608996539792387, "16": 0.2971576227390181, "17": 0.12576687116564417, "18": 0.09342560553633218, "19": 0.3341176470588235, "20": 0.13570487483530963},
  "targets_count": 6423,
  "tp_count": 902
}