{
  "gt_count": 6900,
  "mean_obj_recall": 0.032417504385671696,
  "mean_scene_recall": 0.027298450634408937,
  "obj_recalls": {"1": 0.0026917900403768506, "2": 0.02040816326530612, "3": 0.033854166666666664, "4": 0.008417508417508417, "5": 0.0, "6": 0.030612244897959183, "7": 0.008, "8": 0.11333333333333333, "9": 0.15040650406504066, "10": 0.0, "11": 0.0, "12": 0.0, "13": 0.0, "14": 0.1095890410958904, "15": 0.00684931506849315, "16": 0.0425531914893617, "17": 0.2876712328767123, "18": 0.0, "19": 0.0, "20": 0.0, "21": 0.0, "22": 0.0, "23": 0.020161290322580645, "24": 0.010416666666666666, "25": 0.0, "26": 0.030303030303030304, "27": 0.0, "28": 0.015625, "29": 0.08163265306122448, "30": 0.0},
  "recall": 0.02740152576677565,
  "scene_recalls": {"1": 0.005076142131979695, "2": 0.02040816326530612, "3": 0.039301310043668124, "4": 0.020512820512820513, "5": 0.012295081967213115, "6": 0.0, "7": 0.07216494845360824, "8": 0.0, "9": 0.020072992700729927, "10": 0.017361111111111112, "11": 0.07614213197969544, "12": 0.044673539518900345, "13": 0.0, "14": 0.005970149253731343, "15": 0.03460207612456748, "16": 0.07235142118863049, "17": 0.03067484662576687, "18": 0.02768166089965398, "19": 0.02823529411764706, "20": 0.01844532279314888},
  "targets_count": 6423,
  "tp_count": 176
}