{
  "gt_count": 6900,
  "mean_obj_recall": 0.12994909710810792,
  "mean_scene_recall": 0.12303299299634632,
  "obj_recalls": {"1": 0.05518169582772544, "2": 0.11564625850340136, "3": 0.171875, "4": 0.09090909090909091, "5": 0.0, "6": 0.15306122448979592, "7": 0.1, "8": 0.34, "9": 0.3821138211382114, "10": 0.21678321678321677, "11": 0.06857142857142857, "12": 0.10071942446043165, "13": 0.08571428571428572, "14": 0.2602739726027397, "15": 0.06164383561643835, "16": 0.2074468085106383, "17": 0.5273972602739726, "18": 0.0821917808219178, "19": 0.06282722513089005, "20": 0.016666666666666666, "21": 0.022857142857142857, "22": 0.05851063829787234, "23": 0.14112903225806453, "24": 0.0625, "25": 0.042105263157894736, "26": 0.1717171717171717, "27": 0.020833333333333332, "28": 0.09895833333333333, "29": 0.15306122448979592, "30": 0.027777777777777776},
  "recall": 0.12143858010275572,
  "scene_recalls": {"1": 0.04568527918781726, "2": 0.09523809523809523, "3": 0.12663755458515283, "4": 0.12307692307692308, "5": 0.11475409836065574, "6": 0.09829059829059829, "7": 0.20876288659793815, "8": 0.03741496598639456, "9": 0.11131386861313869, "10": 0.13541666666666666, "11": 0.30456852791878175, "12": 0.18556701030927836, "13": 0.038781163434903045, "14": 0.056716417910447764, "15": 0.09342560553633218, "16": 0.2532299741602067, "17": 0.1441717791411043, "18": 0.10380622837370242, "19": 0.08235294117647059, "20": 0.10144927536231885},
  "targets_count": 6423,
  "tp_count": 780
}