{
  "gt_count": 6900,
  "mean_obj_recall": 0.15082874020851084,
  "mean_scene_recall": 0.14313673034160543,
  "obj_recalls": {"1": 0.06460296096904442, "2": 0.14058956916099774, "3": 0.19010416666666666, "4": 0.11616161616161616, "5": 0.0, "6": 0.17346938775510204, "7": 0.12, "8": 0.38, "9": 0.3943089430894309, "10": 0.2727272727272727, "11": 0.12, "12": 0.16546762589928057, "13": 0.10714285714285714, "14": 0.2602739726027397, "15": 0.0821917808219178, "16": 0.21808510638297873, "17": 0.5616438356164384, "18": 0.10273972602739725, "19": 0.07853403141361257, "20": 0.020833333333333332, "21": 0.04, "22": 0.0797872340425532, "23": 0.17338709677419356, "24": 0.08854166666666667, "25": 0.042105263157894736, "26": 0.20202020202020202, "27": 0.020833333333333332, "28": 0.11458333333333333, "29": 0.15306122448979592, "30": 0.041666666666666664},
  "recall": 0.141678343453215,
  "scene_recalls": {"1": 0.04568527918781726, "2": 0.10884353741496598, "3": 0.14847161572052403, "4": 0.13846153846153847, "5": 0.14344262295081966, "6": 0.15384615384615385, "7": 0.22938144329896906, "8": 0.04421768707482993, "9": 0.12408759124087591, "10": 0.1597222222222222, "11": 0.3299492385786802, "12": 0.19931271477663232, "13": 0.05817174515235457, "14": 0.07761194029850746, "15": 0.11072664359861592, "16": 0.2842377260981912, "17": 0.16257668711656442, "18": 0.11764705882352941, "19": 0.1011764705882353, "20": 0.1251646903820817},
  "targets_count": 6423,
  "tp_count": 910
}