{
  "gt_count": 6900,
  "mean_obj_recall": 0.10418575128692656,
  "mean_scene_recall": 0.09558780422698669,
  "obj_recalls": {"1": 0.039030955585464336, "2": 0.09523809523809523, "3": 0.14583333333333334, "4": 0.05555555555555555, "5": 0.0, "6": 0.1326530612244898, "7": 0.072, "8": 0.28, "9": 0.3333333333333333, "10": 0.13286713286713286, "11": 0.011428571428571429, "12": 0.050359712230215826, "13": 0.07857142857142857, "14": 0.2534246575342466, "15": 0.06164383561643835, "16": 0.17553191489361702, "17": 0.5068493150684932, "18": 0.0410958904109589, "19": 0.041884816753926704, "20": 0.016666666666666666, "21": 0.011428571428571429, "22": 0.0425531914893617, "23": 0.0967741935483871, "24": 0.041666666666666664, "25": 0.042105263157894736, "26": 0.15151515151515152, "27": 0.010416666666666666, "28": 0.052083333333333336, "29": 0.15306122448979592, "30": 0.0},
  "recall": 0.09528257823446988,
  "scene_recalls": {"1": 0.025380710659898477, "2": 0.08843537414965986, "3": 0.09170305676855896, "4": 0.09230769230769231, "5": 0.06557377049180328, "6": 0.04700854700854701, "7": 0.18814432989690721, "8": 0.027210884353741496, "9": 0.08394160583941605, "10": 0.08680555555555555, "11": 0.25888324873096447, "12": 0.13745704467353953, "13": 0.027700831024930747, "14": 0.03880597014925373, "15": 0.07958477508650519, "16": 0.20930232558139536, "17": 0.1165644171779141, "18": 0.08996539792387544, "19": 0.07529411764705882, "20": 0.08168642951251646},
  "targets_count": 6423,
  "tp_count": 612
}