{
  "gt_count": 6900,
  "mean_obj_recall": 0.08548525324432703,
  "mean_scene_recall": 0.07761816996495347,
  "obj_recalls": {"1": 0.02826379542395693, "2": 0.07482993197278912, "3": 0.10677083333333333, "4": 0.03872053872053872, "5": 0.0, "6": 0.11224489795918367, "7": 0.052, "8": 0.24666666666666667, "9": 0.3252032520325203, "10": 0.09090909090909091, "11": 0.0, "12": 0.007194244604316547, "13": 0.05714285714285714, "14": 0.2534246575342466, "15": 0.04794520547945205, "16": 0.15425531914893617, "17": 0.4863013698630137, "18": 0.0136986301369863, "19": 0.020942408376963352, "20": 0.0, "21": 0.005714285714285714, "22": 0.02127659574468085, "23": 0.07258064516129033, "24": 0.036458333333333336, "25": 0.031578947368421054, "26": 0.1111111111111111, "27": 0.010416666666666666, "28": 0.036458333333333336, "29": 0.12244897959183673, "30": 0.0},
  "recall": 0.07706679121905652,
  "scene_recalls": {"1": 0.02030456852791878, "2": 0.07482993197278912, "3": 0.07423580786026202, "4": 0.07692307692307693, "5": 0.04918032786885246, "6": 0.021367521367521368, "7": 0.16752577319587628, "8": 0.017006802721088437, "9": 0.06204379562043796, "10": 0.059027777777777776, "11": 0.2182741116751269, "12": 0.11683848797250859, "13": 0.008310249307479225, "14": 0.029850746268656716, "15": 0.058823529411764705, "16": 0.1937984496124031, "17": 0.09815950920245399, "18": 0.08304498269896193, "19": 0.06352941176470588, "20": 0.05928853754940711},
  "targets_count": 6423,
  "tp_count": 495
}