{
  "gt_count": 6900,
  "mean_obj_recall": 0.15842237782827773,
  "mean_scene_recall": 0.15110859724757625,
  "obj_recalls": {"1": 0.06864064602960969, "2": 0.14965986394557823, "3": 0.19791666666666666, "4": 0.12289562289562289, "5": 0.0, "6": 0.1836734693877551, "7": 0.128, "8": 0.42, "9": 0.4024390243902439, "10": 0.2727272727272727, "11": 0.14285714285714285, "12": 0.2014388489208633, "13": 0.10714285714285714, "14": 0.2671232876712329, "15": 0.0821917808219178, "16": 0.21808510638297873, "17": 0.5684931506849316, "18": 0.10273972602739725, "19": 0.08900523560209424, "20": 0.020833333333333332, "21": 0.04, "22": 0.10106382978723404, "23": 0.1774193548387097, "24": 0.09375, "25": 0.042105263157894736, "26": 0.21212121212121213, "27": 0.020833333333333332, "28": 0.11458333333333333, "29": 0.16326530612244897, "30": 0.041666666666666664},
  "recall": 0.14884010586953136,
  "scene_recalls": {"1": 0.05583756345177665, "2": 0.12244897959183673, "3": 0.1703056768558952, "4": 0.1641025641025641, "5": 0.14754098360655737, "6": 0.16666666666666666, "7": 0.2345360824742268, "8": 0.04421768707482993, "9": 0.12956204379562045, "10": 0.1701388888888889, "11": 0.3299492385786802, "12": 0.20618556701030927, "13": 0.06371191135734072, "14": 0.08656716417910448, "15": 0.11072664359861592, "16": 0.29457364341085274, "17": 0.1687116564417178, "18": 0.12110726643598616, "19": 0.10352941176470588, "20": 0.13175230566534915},
  "targets_count": 6423,
  "tp_count": 956
}