{
  "gt_count": 6900,
  "mean_obj_recall": 0.06483124803840781,
  "mean_scene_recall": 0.05676302183297467,
  "obj_recalls": {"1": 0.014804845222072678, "2": 0.05668934240362812, "3": 0.07552083333333333, "4": 0.018518518518518517, "5": 0.0, "6": 0.09183673469387756, "7": 0.016, "8": 0.18, "9": 0.2764227642276423, "10": 0.027972027972027972, "11": 0.0, "12": 0.007194244604316547, "13": 0.02142857142857143, "14": 0.22602739726027396, "15": 0.0410958904109589, "16": 0.11170212765957446, "17": 0.4315068493150685, "18": 0.0, "19": 0.010471204188481676, "20": 0.0, "21": 0.0, "22": 0.010638297872340425, "23": 0.056451612903225805, "24": 0.03125, "25": 0.0, "26": 0.1111111111111111, "27": 0.010416666666666666, "28": 0.026041666666666668, "29": 0.09183673469387756, "30": 0.0},
  "recall": 0.05682702786859723,
  "scene_recalls": {"1": 0.005076142131979695, "2": 0.05442176870748299, "3": 0.056768558951965066, "4": 0.05641025641025641, "5": 0.03278688524590164, "6": 0.004273504273504274, "7": 0.13402061855670103, "8": 0.003401360544217687, "9": 0.041970802919708027, "10": 0.04513888888888889, "11": 0.17258883248730963, "12": 0.07560137457044673, "13": 0.008310249307479225, "14": 0.023880597014925373, "15": 0.04844290657439446, "16": 0.14987080103359174, "17": 0.05521472392638037, "18": 0.06920415224913495, "19": 0.05176470588235294, "20": 0.0461133069828722},
  "targets_count": 6423,
  "tp_count": 365
}