{
  "gt_count": 6900,
  "mean_obj_recall": 0.14184230298511494,
  "mean_scene_recall": 0.1345953409208543,
  "obj_recalls": {"1": 0.06056527590847914, "2": 0.1360544217687075, "3": 0.1875, "4": 0.10437710437710437, "5": 0.0, "6": 0.16326530612244897, "7": 0.112, "8": 0.35333333333333333, "9": 0.3861788617886179, "10": 0.25874125874125875, "11": 0.10285714285714286, "12": 0.1366906474820144, "13": 0.09285714285714286, "14": 0.2602739726027397, "15": 0.07534246575342465, "16": 0.2127659574468085, "17": 0.541095890410959, "18": 0.0958904109589041, "19": 0.07329842931937172, "20": 0.016666666666666666, "21": 0.03428571428571429, "22": 0.06382978723404255, "23": 0.15725806451612903, "24": 0.078125, "25": 0.042105263157894736, "26": 0.1919191919191919, "27": 0.020833333333333332, "28": 0.109375, "29": 0.15306122448979592, "30": 0.034722222222222224},
  "recall": 0.13327105713840884,
  "scene_recalls": {"1": 0.04568527918781726, "2": 0.10204081632653061, "3": 0.14847161572052403, "4": 0.13333333333333333, "5": 0.13524590163934427, "6": 0.1282051282051282, "7": 0.22422680412371135, "8": 0.04421768707482993, "9": 0.12043795620437957, "10": 0.14930555555555555, "11": 0.3096446700507614, "12": 0.19931271477663232, "13": 0.05263157894736842, "14": 0.0626865671641791, "15": 0.10034602076124567, "16": 0.2739018087855297, "17": 0.15644171779141106, "18": 0.10380622837370242, "19": 0.08470588235294117, "20": 0.11725955204216074},
  "targets_count": 6423,
  "tp_count": 856
}