{
  "gt_count": 6900,
  "mean_obj_recall": 0.11726897815896485,
  "mean_scene_recall": 0.10912284154923521,
  "obj_recalls": {"1": 0.04845222072678331, "2": 0.10657596371882086, "3": 0.16145833333333334, "4": 0.06734006734006734, "5": 0.0, "6": 0.15306122448979592, "7": 0.084, "8": 0.30666666666666664, "9": 0.35365853658536583, "10": 0.18181818181818182, "11": 0.05142857142857143, "12": 0.06474820143884892, "13": 0.07857142857142857, "14": 0.2602739726027397, "15": 0.06164383561643835, "16": 0.19148936170212766, "17": 0.5205479452054794, "18": 0.07534246575342465, "19": 0.041884816753926704, "20": 0.016666666666666666, "21": 0.011428571428571429, "22": 0.047872340425531915, "23": 0.125, "24": 0.057291666666666664, "25": 0.042105263157894736, "26": 0.15151515151515152, "27": 0.010416666666666666, "28": 0.07291666666666667, "29": 0.15306122448979592, "30": 0.020833333333333332},
  "recall": 0.1083605791686128,
  "scene_recalls": {"1": 0.03553299492385787, "2": 0.09523809523809523, "3": 0.1091703056768559, "4": 0.10256410256410256, "5": 0.08196721311475409, "6": 0.07692307692307693, "7": 0.2036082474226804, "8": 0.027210884353741496, "9": 0.10218978102189781, "10": 0.11805555555555555, "11": 0.28426395939086296, "12": 0.16494845360824742, "13": 0.030470914127423823, "14": 0.041791044776119404, "15": 0.08996539792387544, "16": 0.23255813953488372, "17": 0.12269938650306748, "18": 0.09342560553633218, "19": 0.07764705882352942, "20": 0.0922266139657444},
  "targets_count": 6423,
  "tp_count": 696
}