{
  "gt_count": 6900,
  "mean_obj_recall": 0.4228428480427418,
  "mean_scene_recall": 0.42107239729922064,
  "obj_recalls": {"1": 0.3162853297442799, "2": 0.42630385487528344, "3": 0.421875, "4": 0.32491582491582494, "5": 0.5947368421052631, "6": 0.30612244897959184, "7": 0.572, "8": 0.49333333333333335, "9": 0.7439024390243902, "10": 0.5384615384615384, "11": 0.4742857142857143, "12": 0.48201438848920863, "13": 0.55, "14": 0.5273972602739726, "15": 0.6027397260273972, "16": 0.7074468085106383, "17": 0.7876712328767124, "18": 0.3424657534246575, "19": 0.23036649214659685, "20": 0.1375, "21": 0.29714285714285715, "22": 0.1702127659574468, "23": 0.5403225806451613, "24": 0.453125, "25": 0.29473684210526313, "26": 0.13131313131313133, "27": 0.5833333333333334, "28": 0.23958333333333334, "29": 0.17346938775510204, "30": 0.2222222222222222},
  "recall": 0.4144480772224817,
  "scene_recalls": {"1": 0.3401015228426396, "2": 0.4965986394557823, "3": 0.5982532751091703, "4": 0.31794871794871793, "5": 0.4918032786885246, "6": 0.358974358974359, "7": 0.4536082474226804, "8": 0.3469387755102041, "9": 0.3740875912408759, "10": 0.3854166666666667, "11": 0.6345177664974619, "12": 0.5807560137457045, "13": 0.23545706371191136, "14": 0.2537313432835821, "15": 0.20761245674740483, "16": 0.5555555555555556, "17": 0.46932515337423314, "18": 0.40484429065743943, "19": 0.5364705882352941, "20": 0.3794466403162055},
  "targets_count": 6423,
  "tp_count": 2662
}