{
  "gt_count": 6900,
  "mean_obj_recall": 0.4725654174945707,
  "mean_scene_recall": 0.4674290291905753,
  "obj_recalls": {"1": 0.34858681022880217, "2": 0.4489795918367347, "3": 0.4557291666666667, "4": 0.35185185185185186, "5": 0.6210526315789474, "6": 0.3673469387755102, "7": 0.6, "8": 0.5866666666666667, "9": 0.7886178861788617, "10": 0.5734265734265734, "11": 0.4857142857142857, "12": 0.5179856115107914, "13": 0.6071428571428571, "14": 0.5684931506849316, "15": 0.6164383561643836, "16": 0.7074468085106383, "17": 0.7945205479452054, "18": 0.3904109589041096, "19": 0.2774869109947644, "20": 0.1875, "21": 0.37142857142857144, "22": 0.26595744680851063, "23": 0.592741935483871, "24": 0.4635416666666667, "25": 0.43157894736842106, "26": 0.25252525252525254, "27": 0.6770833333333334, "28": 0.328125, "29": 0.23469387755102042, "30": 0.2638888888888889},
  "recall": 0.456795889771135,
  "scene_recalls": {"1": 0.40609137055837563, "2": 0.5306122448979592, "3": 0.6331877729257642, "4": 0.441025641025641, "5": 0.5491803278688525, "6": 0.38461538461538464, "7": 0.49226804123711343, "8": 0.3741496598639456, "9": 0.39963503649635035, "10": 0.4513888888888889, "11": 0.6649746192893401, "12": 0.6116838487972509, "13": 0.296398891966759, "14": 0.3283582089552239, "15": 0.2837370242214533, "16": 0.5813953488372093, "17": 0.5153374233128835, "18": 0.4463667820069204, "19": 0.5576470588235294, "20": 0.4005270092226614},
  "targets_count": 6423,
  "tp_count": 2934
}