{
  "gt_count": 6900,
  "mean_obj_recall": 0.4572367541306494,
  "mean_scene_recall": 0.4536279863455609,
  "obj_recalls": {"1": 0.34589502018842533, "2": 0.4467120181405896, "3": 0.4479166666666667, "4": 0.3434343434343434, "5": 0.6105263157894737, "6": 0.336734693877551, "7": 0.588, "8": 0.5466666666666666, "9": 0.7682926829268293, "10": 0.5734265734265734, "11": 0.48, "12": 0.49640287769784175, "13": 0.6, "14": 0.547945205479452, "15": 0.6164383561643836, "16": 0.7074468085106383, "17": 0.7876712328767124, "18": 0.3767123287671233, "19": 0.2670157068062827, "20": 0.18333333333333332, "21": 0.33714285714285713, "22": 0.2393617021276596, "23": 0.5806451612903226, "24": 0.4635416666666667, "25": 0.37894736842105264, "26": 0.21212121212121213, "27": 0.65625, "28": 0.3072916666666667, "29": 0.21428571428571427, "30": 0.2569444444444444},
  "recall": 0.44496341273548184,
  "scene_recalls": {"1": 0.38071065989847713, "2": 0.5102040816326531, "3": 0.6244541484716157, "4": 0.38974358974358975, "5": 0.5409836065573771, "6": 0.3717948717948718, "7": 0.48195876288659795, "8": 0.36054421768707484, "9": 0.39233576642335766, "10": 0.4409722222222222, "11": 0.649746192893401, "12": 0.6082474226804123, "13": 0.27977839335180055, "14": 0.31343283582089554, "15": 0.2698961937716263, "16": 0.5736434108527132, "17": 0.50920245398773, "18": 0.4290657439446367, "19": 0.5505882352941176, "20": 0.3952569169960474},
  "targets_count": 6423,
  "tp_count": 2858
}