{
  "gt_count": 6900,
  "mean_obj_recall": 0.3128042762244158,
  "mean_scene_recall": 0.3062823726668195,
  "obj_recalls": {"1": 0.21399730820995963, "2": 0.30385487528344673, "3": 0.3203125, "4": 0.22895622895622897, "5": 0.5157894736842106, "6": 0.1836734693877551, "7": 0.432, "8": 0.2866666666666667, "9": 0.6300813008130082, "10": 0.3986013986013986, "11": 0.18857142857142858, "12": 0.35251798561151076, "13": 0.5285714285714286, "14": 0.3972602739726027, "15": 0.5684931506849316, "16": 0.675531914893617, "17": 0.773972602739726, "18": 0.2465753424657534, "19": 0.13089005235602094, "20": 0.09583333333333334, "21": 0.13142857142857142, "22": 0.05319148936170213, "23": 0.3588709677419355, "24": 0.34375, "25": 0.2, "26": 0.04040404040404041, "27": 0.4270833333333333, "28": 0.109375, "29": 0.10204081632653061, "30": 0.14583333333333334},
  "recall": 0.30453059318075665,
  "scene_recalls": {"1": 0.2436548223350254, "2": 0.38095238095238093, "3": 0.44541484716157204, "4": 0.19487179487179487, "5": 0.36885245901639346, "6": 0.1794871794871795, "7": 0.37628865979381443, "8": 0.20748299319727892, "9": 0.27007299270072993, "10": 0.2708333333333333, "11": 0.5025380710659898, "12": 0.44673539518900346, "13": 0.12742382271468145, "14": 0.15223880597014924, "15": 0.10726643598615918, "16": 0.4573643410852713, "17": 0.3159509202453988, "18": 0.31833910034602075, "19": 0.4752941176470588, "20": 0.2845849802371542},
  "targets_count": 6423,
  "tp_count": 1956
}