{
  "gt_count": 6900,
  "mean_obj_recall": 0.1350244987731748,
  "mean_scene_recall": 0.11886495313948778,
  "obj_recalls": {"1": 0.08613728129205922, "2": 0.11564625850340136, "3": 0.17708333333333334, "4": 0.0707070707070707, "5": 0.21052631578947367, "6": 0.01020408163265306, "7": 0.144, "8": 0.06, "9": 0.26422764227642276, "10": 0.04195804195804196, "11": 0.017142857142857144, "12": 0.10071942446043165, "13": 0.20714285714285716, "14": 0.17123287671232876, "15": 0.4589041095890411, "16": 0.5585106382978723, "17": 0.7191780821917808, "18": 0.0, "19": 0.02617801047120419, "20": 0.020833333333333332, "21": 0.005714285714285714, "22": 0.010638297872340425, "23": 0.13306451612903225, "24": 0.11979166666666667, "25": 0.042105263157894736, "26": 0.0, "27": 0.22916666666666666, "28": 0.015625, "29": 0.02040816326530612, "30": 0.013888888888888888},
  "recall": 0.12953448544293944,
  "scene_recalls": {"1": 0.04568527918781726, "2": 0.08163265306122448, "3": 0.11353711790393013, "4": 0.05128205128205128, "5": 0.13934426229508196, "6": 0.021367521367521368, "7": 0.25257731958762886, "8": 0.061224489795918366, "9": 0.11496350364963503, "10": 0.0798611111111111, "11": 0.14213197969543148, "12": 0.19931271477663232, "13": 0.0332409972299169, "14": 0.03880597014925373, "15": 0.02422145328719723, "16": 0.26356589147286824, "17": 0.12883435582822086, "18": 0.12802768166089964, "19": 0.33647058823529413, "20": 0.12121212121212122},
  "targets_count": 6423,
  "tp_count": 832
}