{
  "gt_count": 6900,
  "mean_obj_recall": 0.24452440868366032,
  "mean_scene_recall": 0.23598483201623668,
  "obj_recalls": {"1": 0.15343203230148048, "2": 0.2290249433106576, "3": 0.2864583333333333, "4": 0.1734006734006734, "5": 0.4263157894736842, "6": 0.12244897959183673, "7": 0.304, "8": 0.18666666666666668, "9": 0.5365853658536586, "10": 0.23776223776223776, "11": 0.06857142857142857, "12": 0.2589928057553957, "13": 0.4857142857142857, "14": 0.3013698630136986, "15": 0.547945205479452, "16": 0.6382978723404256, "17": 0.7397260273972602, "18": 0.1917808219178082, "19": 0.07329842931937172, "20": 0.05416666666666667, "21": 0.07428571428571429, "22": 0.0425531914893617, "23": 0.2661290322580645, "24": 0.265625, "25": 0.12631578947368421, "26": 0.030303030303030304, "27": 0.3229166666666667, "28": 0.036458333333333336, "29": 0.05102040816326531, "30": 0.10416666666666667},
  "recall": 0.23742799314961857,
  "scene_recalls": {"1": 0.16243654822335024, "2": 0.3129251700680272, "3": 0.31877729257641924, "4": 0.11794871794871795, "5": 0.26639344262295084, "6": 0.09401709401709402, "7": 0.33762886597938147, "8": 0.1598639455782313, "9": 0.2062043795620438, "10": 0.1909722222222222, "11": 0.40609137055837563, "12": 0.3642611683848797, "13": 0.07479224376731301, "14": 0.1044776119402985, "15": 0.058823529411764705, "16": 0.3798449612403101, "17": 0.24539877300613497, "18": 0.2664359861591695, "19": 0.4376470588235294, "20": 0.2147562582345191},
  "targets_count": 6423,
  "tp_count": 1525
}