{
  "gt_count": 6900,
  "mean_obj_recall": 0.36250980550322615,
  "mean_scene_recall": 0.3593832051810715,
  "obj_recalls": {"1": 0.26379542395693134, "2": 0.36281179138321995, "3": 0.3463541666666667, "4": 0.28114478114478114, "5": 0.5631578947368421, "6": 0.23469387755102042, "7": 0.532, "8": 0.36, "9": 0.7073170731707317, "10": 0.45454545454545453, "11": 0.33714285714285713, "12": 0.4172661870503597, "13": 0.5357142857142857, "14": 0.4452054794520548, "15": 0.589041095890411, "16": 0.6968085106382979, "17": 0.7876712328767124, "18": 0.2945205479452055, "19": 0.18324607329842932, "20": 0.1125, "21": 0.19428571428571428, "22": 0.10106382978723404, "23": 0.4274193548387097, "24": 0.40625, "25": 0.23157894736842105, "26": 0.050505050505050504, "27": 0.5, "28": 0.15625, "29": 0.12244897959183673, "30": 0.18055555555555555},
  "recall": 0.355908453993461,
  "scene_recalls": {"1": 0.28426395939086296, "2": 0.43537414965986393, "3": 0.5240174672489083, "4": 0.24102564102564103, "5": 0.430327868852459, "6": 0.2777777777777778, "7": 0.4097938144329897, "8": 0.25510204081632654, "9": 0.32116788321167883, "10": 0.3368055555555556, "11": 0.5634517766497462, "12": 0.5051546391752577, "13": 0.1523545706371191, "14": 0.2, "15": 0.1384083044982699, "16": 0.4935400516795866, "17": 0.3987730061349693, "18": 0.3633217993079585, "19": 0.5223529411764706, "20": 0.3346508563899868},
  "targets_count": 6423,
  "tp_count": 2286
}