{
  "gt_count": 6900,
  "mean_obj_recall": 0.4421455198662423,
  "mean_scene_recall": 0.4398326648692582,
  "obj_recalls": {"1": 0.33378196500672946, "2": 0.4399092970521542, "3": 0.4401041666666667, "4": 0.33164983164983164, "5": 0.6, "6": 0.3163265306122449, "7": 0.58, "8": 0.5133333333333333, "9": 0.7520325203252033, "10": 0.5524475524475524, "11": 0.48, "12": 0.4892086330935252, "13": 0.5571428571428572, "14": 0.5342465753424658, "15": 0.6095890410958904, "16": 0.7074468085106383, "17": 0.7876712328767124, "18": 0.363013698630137, "19": 0.2513089005235602, "20": 0.16666666666666666, "21": 0.32571428571428573, "22": 0.2074468085106383, "23": 0.5725806451612904, "24": 0.4583333333333333, "25": 0.3473684210526316, "26": 0.1919191919191919, "27": 0.625, "28": 0.2760416666666667, "29": 0.20408163265306123, "30": 0.25},
  "recall": 0.43157403082671647,
  "scene_recalls": {"1": 0.3756345177664975, "2": 0.5034013605442177, "3": 0.6026200873362445, "4": 0.36923076923076925, "5": 0.5163934426229508, "6": 0.36324786324786323, "7": 0.46134020618556704, "8": 0.36054421768707484, "9": 0.38503649635036497, "10": 0.4166666666666667, "11": 0.6446700507614214, "12": 0.6013745704467354, "13": 0.2631578947368421, "14": 0.28955223880597014, "15": 0.2422145328719723, "16": 0.5633074935400517, "17": 0.49693251533742333, "18": 0.4117647058823529, "19": 0.5435294117647059, "20": 0.38603425559947296},
  "targets_count": 6423,
  "tp_count": 2772
}