{
  "gt_count": 6900,
  "mean_obj_recall": 0.4004678903838542,
  "mean_scene_recall": 0.3984593536390572,
  "obj_recalls": {"1": 0.29878869448183043, "2": 0.39909297052154197, "3": 0.3776041666666667, "4": 0.3164983164983165, "5": 0.5842105263157895, "6": 0.2857142857142857, "7": 0.572, "8": 0.43333333333333335, "9": 0.7357723577235772, "10": 0.4965034965034965, "11": 0.44, "12": 0.4676258992805755, "13": 0.5428571428571428, "14": 0.5068493150684932, "15": 0.6027397260273972, "16": 0.7021276595744681, "17": 0.7876712328767124, "18": 0.3219178082191781, "19": 0.19895287958115182, "20": 0.12083333333333333, "21": 0.2571428571428571, "22": 0.14361702127659576, "23": 0.5080645161290323, "24": 0.4322916666666667, "25": 0.2736842105263158, "26": 0.0707070707070707, "27": 0.5625, "28": 0.21354166666666666, "29": 0.15306122448979592, "30": 0.20833333333333334},
  "recall": 0.39311848046084386,
  "scene_recalls": {"1": 0.3147208121827411, "2": 0.48299319727891155, "3": 0.5676855895196506, "4": 0.28205128205128205, "5": 0.4672131147540984, "6": 0.3418803418803419, "7": 0.42783505154639173, "8": 0.30612244897959184, "9": 0.35583941605839414, "10": 0.3715277777777778, "11": 0.6040609137055838, "12": 0.5463917525773195, "13": 0.19667590027700832, "14": 0.23880597014925373, "15": 0.18339100346020762, "16": 0.5426356589147286, "17": 0.4539877300613497, "18": 0.39100346020761245, "19": 0.5294117647058824, "20": 0.36495388669301715},
  "targets_count": 6423,
  "tp_count": 2525
}