{
  "gt_count": 6900,
  "mean_obj_recall": 0.03320754795695602,
  "mean_scene_recall": 0.022956236195598806,
  "obj_recalls": {"1": 0.006729475100942127, "2": 0.015873015873015872, "3": 0.044270833333333336, "4": 0.003367003367003367, "5": 0.03684210526315789, "6": 0.0, "7": 0.0, "8": 0.0, "9": 0.008130081300813009, "10": 0.0, "11": 0.0, "12": 0.007194244604316547, "13": 0.007142857142857143, "14": 0.0410958904109589, "15": 0.17123287671232876, "16": 0.18617021276595744, "17": 0.4178082191780822, "18": 0.0, "19": 0.0, "20": 0.004166666666666667, "21": 0.0, "22": 0.0, "23": 0.020161290322580645, "24": 0.005208333333333333, "25": 0.0, "26": 0.0, "27": 0.020833333333333332, "28": 0.0, "29": 0.0, "30": 0.0},
  "recall": 0.0277129067413981,
  "scene_recalls": {"1": 0.0, "2": 0.013605442176870748, "3": 0.004366812227074236, "4": 0.015384615384615385, "5": 0.004098360655737705, "6": 0.0, "7": 0.0979381443298969, "8": 0.013605442176870748, "9": 0.016423357664233577, "10": 0.003472222222222222, "11": 0.01015228426395939, "12": 0.013745704467353952, "13": 0.002770083102493075, "14": 0.0029850746268656717, "15": 0.006920415224913495, "16": 0.07751937984496124, "17": 0.006134969325153374, "18": 0.010380622837370242, "19": 0.1411764705882353, "20": 0.01844532279314888},
  "targets_count": 6423,
  "tp_count": 178
}