{
  "gt_count": 6900,
  "mean_obj_recall": 0.6999552523171799,
  "mean_scene_recall": 0.7127471653489349,
  "obj_recalls": {"1": 0.784656796769852, "2": 0.8231292517006803, "3": 0.9010416666666666, "4": 0.8148148148148148, "5": 0.7210526315789474, "6": 0.7551020408163265, "7": 0.568, "8": 0.5, "9": 0.9349593495934959, "10": 0.6713286713286714, "11": 0.7657142857142857, "12": 0.8201438848920863, "13": 0.9428571428571428, "14": 0.9041095890410958, "15": 0.952054794520548, "16": 0.9308510638297872, "17": 0.9178082191780822, "18": 0.4315068493150685, "19": 0.680628272251309, "20": 0.6208333333333333, "21": 0.4342857142857143, "22": 0.5372340425531915, "23": 0.6451612903225806, "24": 0.9166666666666666, "25": 0.2, "26": 0.31313131313131315, "27": 0.6770833333333334, "28": 0.24479166666666666, "29": 0.6938775510204082, "30": 0.8958333333333334},
  "recall": 0.7323680523120037,
  "scene_recalls": {"1": 0.6802030456852792, "2": 0.7006802721088435, "3": 0.7554585152838428, "4": 0.38461538461538464, "5": 0.7786885245901639, "6": 0.6666666666666666, "7": 0.8041237113402062, "8": 0.673469387755102, "9": 0.8394160583941606, "10": 0.7916666666666666, "11": 0.7817258883248731, "12": 0.8865979381443299, "13": 0.42105263157894735, "14": 0.564179104477612, "15": 0.4809688581314879, "16": 0.8268733850129198, "17": 0.7975460122699386, "18": 0.7197231833910035, "19": 0.8870588235294118, "20": 0.8142292490118577},
  "targets_count": 6423,
  "tp_count": 4704
}