{
  "gt_count": 6900,
  "mean_obj_recall": 0.12017265079254054,
  "mean_scene_recall": 0.10379560470285334,
  "obj_recalls": {"1": 0.1278600269179004, "2": 0.2290249433106576, "3": 0.2526041666666667, "4": 0.15993265993265993, "5": 0.0, "6": 0.0, "7": 0.004, "8": 0.0, "9": 0.008130081300813009, "10": 0.0, "11": 0.06857142857142857, "12": 0.014388489208633094, "13": 0.4642857142857143, "14": 0.3698630136986301, "15": 0.5753424657534246, "16": 0.48936170212765956, "17": 0.2191780821917808, "18": 0.0, "19": 0.005235602094240838, "20": 0.025, "21": 0.0, "22": 0.02127659574468085, "23": 0.012096774193548387, "24": 0.21875, "25": 0.0, "26": 0.0, "27": 0.0, "28": 0.0, "29": 0.0, "30": 0.3402777777777778},
  "recall": 0.13031293787949555,
  "scene_recalls": {"1": 0.1065989847715736, "2": 0.0, "3": 0.034934497816593885, "4": 0.0, "5": 0.028688524590163935, "6": 0.02564102564102564, "7": 0.27319587628865977, "8": 0.03741496598639456, "9": 0.21897810218978103, "10": 0.10416666666666667, "11": 0.0, "12": 0.1718213058419244, "13": 0.0, "14": 0.03283582089552239, "15": 0.06920415224913495, "16": 0.28165374677002586, "17": 0.10429447852760736, "18": 0.07958477508650519, "19": 0.31058823529411766, "20": 0.1963109354413702},
  "targets_count": 6423,
  "tp_count": 837
}