{
  "gt_count": 6900,
  "mean_obj_recall": 0.6391552331305916,
  "mean_scene_recall": 0.650507160988598,
  "obj_recalls": {"1": 0.7160161507402423, "2": 0.7664399092970522, "3": 0.8645833333333334, "4": 0.7878787878787878, "5": 0.6631578947368421, "6": 0.6632653061224489, "7": 0.492, "8": 0.4, "9": 0.9065040650406504, "10": 0.5804195804195804, "11": 0.6514285714285715, "12": 0.697841726618705, "13": 0.9, "14": 0.9041095890410958, "15": 0.9452054794520548, "16": 0.9202127659574468, "17": 0.910958904109589, "18": 0.363013698630137, "19": 0.5968586387434555, "20": 0.5541666666666667, "21": 0.3657142857142857, "22": 0.4148936170212766, "23": 0.6008064516129032, "24": 0.8802083333333334, "25": 0.1368421052631579, "26": 0.21212121212121213, "27": 0.6458333333333334, "28": 0.15104166666666666, "29": 0.6428571428571429, "30": 0.8402777777777778},
  "recall": 0.674451191032228,
  "scene_recalls": {"1": 0.6294416243654822, "2": 0.6326530612244898, "3": 0.6768558951965066, "4": 0.2923076923076923, "5": 0.7336065573770492, "6": 0.5641025641025641, "7": 0.7757731958762887, "8": 0.5918367346938775, "9": 0.7755474452554745, "10": 0.7152777777777778, "11": 0.6954314720812182, "12": 0.8384879725085911, "13": 0.3601108033240997, "14": 0.49850746268656715, "15": 0.4117647058823529, "16": 0.7803617571059431, "17": 0.7515337423312883, "18": 0.657439446366782, "19": 0.851764705882353, "20": 0.7773386034255599},
  "targets_count": 6423,
  "tp_count": 4332
}