{
  "gt_count": 6900,
  "mean_obj_recall": 0.49087660221564827,
  "mean_scene_recall": 0.5004007356686568,
  "obj_recalls": {"1": 0.6177658142664872, "2": 0.671201814058957, "3": 0.7578125, "4": 0.6902356902356902, "5": 0.4842105263157895, "6": 0.46938775510204084, "7": 0.2, "8": 0.24666666666666667, "9": 0.6991869918699187, "10": 0.3776223776223776, "11": 0.48, "12": 0.49640287769784175, "13": 0.8142857142857143, "14": 0.8082191780821918, "15": 0.9178082191780822, "16": 0.8776595744680851, "17": 0.8356164383561644, "18": 0.19863013698630136, "19": 0.418848167539267, "20": 0.39166666666666666, "21": 0.14857142857142858, "22": 0.2765957446808511, "23": 0.3588709677419355, "24": 0.8333333333333334, "25": 0.021052631578947368, "26": 0.030303030303030304, "27": 0.3645833333333333, "28": 0.06770833333333333, "29": 0.40816326530612246, "30": 0.7638888888888888},
  "recall": 0.5365094192744824,
  "scene_recalls": {"1": 0.47715736040609136, "2": 0.40816326530612246, "3": 0.519650655021834, "4": 0.14358974358974358, "5": 0.5532786885245902, "6": 0.37606837606837606, "7": 0.6701030927835051, "8": 0.41836734693877553, "9": 0.6587591240875912, "10": 0.5486111111111112, "11": 0.5177664974619289, "12": 0.6632302405498282, "13": 0.21606648199445982, "14": 0.3194029850746269, "15": 0.2768166089965398, "16": 0.6718346253229974, "17": 0.5920245398773006, "18": 0.5051903114186851, "19": 0.7670588235294118, "20": 0.7048748353096179},
  "targets_count": 6423,
  "tp_count": 3446
}