{
  "gt_count": 6900,
  "mean_obj_recall": 0.5567697799376269,
  "mean_scene_recall": 0.5667944584528299,
  "obj_recalls": {"1": 0.6594885598923284, "2": 0.7006802721088435, "3": 0.7916666666666666, "4": 0.734006734006734, "5": 0.5736842105263158, "6": 0.5714285714285714, "7": 0.332, "8": 0.31333333333333335, "9": 0.8089430894308943, "10": 0.4965034965034965, "11": 0.5714285714285714, "12": 0.5971223021582733, "13": 0.8571428571428571, "14": 0.8835616438356164, "15": 0.9246575342465754, "16": 0.898936170212766, "17": 0.8767123287671232, "18": 0.2808219178082192, "19": 0.4869109947643979, "20": 0.475, "21": 0.2571428571428571, "22": 0.3191489361702128, "23": 0.43548387096774194, "24": 0.859375, "25": 0.05263157894736842, "26": 0.0707070707070707, "27": 0.4791666666666667, "28": 0.08333333333333333, "29": 0.5204081632653061, "30": 0.7916666666666666},
  "recall": 0.5967616378639266,
  "scene_recalls": {"1": 0.5431472081218274, "2": 0.5170068027210885, "3": 0.5851528384279476, "4": 0.16923076923076924, "5": 0.6639344262295082, "6": 0.4829059829059829, "7": 0.729381443298969, "8": 0.47959183673469385, "9": 0.6970802919708029, "10": 0.6076388888888888, "11": 0.6345177664974619, "12": 0.7491408934707904, "13": 0.26869806094182824, "14": 0.4059701492537313, "15": 0.3079584775086505, "16": 0.7157622739018088, "17": 0.6687116564417178, "18": 0.5570934256055363, "19": 0.8164705882352942, "20": 0.7364953886693018},
  "targets_count": 6423,
  "tp_count": 3833
}