{
  "gt_count": 6900,
  "mean_obj_recall": 0.7316589335334601,
  "mean_scene_recall": 0.7455470201134671,
  "obj_recalls": {"1": 0.8465679676985195, "2": 0.8390022675736961, "3": 0.9322916666666666, "4": 0.8249158249158249, "5": 0.7526315789473684, "6": 0.7857142857142857, "7": 0.624, "8": 0.5333333333333333, "9": 0.9390243902439024, "10": 0.6923076923076923, "11": 0.8285714285714286, "12": 0.8633093525179856, "13": 0.95, "14": 0.9041095890410958, "15": 0.952054794520548, "16": 0.9521276595744681, "17": 0.9315068493150684, "18": 0.4589041095890411, "19": 0.7225130890052356, "20": 0.65, "21": 0.45714285714285713, "22": 0.574468085106383, "23": 0.6854838709677419, "24": 0.9322916666666666, "25": 0.24210526315789474, "26": 0.42424242424242425, "27": 0.71875, "28": 0.2708333333333333, "29": 0.7448979591836735, "30": 0.9166666666666666},
  "recall": 0.7638175307488713,
  "scene_recalls": {"1": 0.7157360406091371, "2": 0.7346938775510204, "3": 0.7641921397379913, "4": 0.46153846153846156, "5": 0.8155737704918032, "6": 0.7051282051282052, "7": 0.8298969072164949, "8": 0.6938775510204082, "9": 0.8813868613138686, "10": 0.8055555555555556, "11": 0.7969543147208121, "12": 0.9106529209621993, "13": 0.45706371191135736, "14": 0.6119402985074627, "15": 0.5259515570934256, "16": 0.8604651162790697, "17": 0.8466257668711656, "18": 0.7577854671280276, "19": 0.9058823529411765, "20": 0.8300395256916996},
  "targets_count": 6423,
  "tp_count": 4906
}