{
  "gt_count": 6900,
  "mean_obj_recall": 0.6736833139504493,
  "mean_scene_recall": 0.6850956808369507,
  "obj_recalls": {"1": 0.7402422611036339, "2": 0.8027210884353742, "3": 0.890625, "4": 0.8047138047138047, "5": 0.6894736842105263, "6": 0.6836734693877551, "7": 0.532, "8": 0.44666666666666666, "9": 0.926829268292683, "10": 0.6223776223776224, "11": 0.7542857142857143, "12": 0.7769784172661871, "13": 0.9, "14": 0.9041095890410958, "15": 0.952054794520548, "16": 0.925531914893617, "17": 0.9178082191780822, "18": 0.3972602739726027, "19": 0.643979057591623, "20": 0.5875, "21": 0.41714285714285715, "22": 0.48404255319148937, "23": 0.6370967741935484, "24": 0.90625, "25": 0.15789473684210525, "26": 0.29292929292929293, "27": 0.6770833333333334, "28": 0.1875, "29": 0.6836734693877551, "30": 0.8680555555555556},
  "recall": 0.7066791219056515,
  "scene_recalls": {"1": 0.6548223350253807, "2": 0.6598639455782312, "3": 0.7161572052401747, "4": 0.35384615384615387, "5": 0.7581967213114754, "6": 0.6324786324786325, "7": 0.788659793814433, "8": 0.6360544217687075, "9": 0.801094890510949, "10": 0.7569444444444444, "11": 0.7360406091370558, "12": 0.8694158075601375, "13": 0.3988919667590028, "14": 0.5462686567164179, "15": 0.44982698961937717, "16": 0.8165374677002584, "17": 0.7760736196319018, "18": 0.6851211072664359, "19": 0.8658823529411764, "20": 0.7997364953886693},
  "targets_count": 6423,
  "tp_count": 4539
}