{
  "gt_count": 6900,
  "mean_obj_recall": 0.6009924252451085,
  "mean_scene_recall": 0.6132114255856532,
  "obj_recalls": {"1": 0.693135935397039, "2": 0.7346938775510204, "3": 0.8307291666666666, "4": 0.7710437710437711, "5": 0.6263157894736842, "6": 0.6224489795918368, "7": 0.44, "8": 0.3466666666666667, "9": 0.8780487804878049, "10": 0.5594405594405595, "11": 0.6114285714285714, "12": 0.6330935251798561, "13": 0.8928571428571429, "14": 0.8904109589041096, "15": 0.9315068493150684, "16": 0.898936170212766, "17": 0.8972602739726028, "18": 0.3287671232876712, "19": 0.5706806282722513, "20": 0.5125, "21": 0.3142857142857143, "22": 0.3670212765957447, "23": 0.5362903225806451, "24": 0.875, "25": 0.07368421052631578, "26": 0.12121212121212122, "27": 0.5208333333333334, "28": 0.11979166666666667, "29": 0.6122448979591837, "30": 0.8194444444444444},
  "recall": 0.640666355285692,
  "scene_recalls": {"1": 0.5736040609137056, "2": 0.5986394557823129, "3": 0.6244541484716157, "4": 0.2153846153846154, "5": 0.7008196721311475, "6": 0.5170940170940171, "7": 0.75, "8": 0.54421768707483, "9": 0.7463503649635036, "10": 0.6701388888888888, "11": 0.6852791878172588, "12": 0.7938144329896907, "13": 0.3268698060941828, "14": 0.4597014925373134, "15": 0.35986159169550175, "16": 0.7493540051679587, "17": 0.7147239263803681, "18": 0.629757785467128, "19": 0.84, "20": 0.764163372859025},
  "targets_count": 6423,
  "tp_count": 4115
}