{
  "gt_count": 6900,
  "mean_obj_recall": 0.28359731972732777,
  "mean_scene_recall": 0.27038897274279444,
  "obj_recalls": {"1": 0.35935397039030953, "2": 0.4875283446712018, "3": 0.5651041666666666, "4": 0.43265993265993263, "5": 0.11052631578947368, "6": 0.14285714285714285, "7": 0.032, "8": 0.06, "9": 0.1951219512195122, "10": 0.11888111888111888, "11": 0.2342857142857143, "12": 0.17985611510791366, "13": 0.7357142857142858, "14": 0.6575342465753424, "15": 0.8082191780821918, "16": 0.75, "17": 0.7054794520547946, "18": 0.00684931506849315, "19": 0.07853403141361257, "20": 0.175, "21": 0.04, "22": 0.11170212765957446, "23": 0.11290322580645161, "24": 0.5208333333333334, "25": 0.0, "26": 0.0, "27": 0.09375, "28": 0.020833333333333332, "29": 0.09183673469387756, "30": 0.6805555555555556},
  "recall": 0.3166744511910322,
  "scene_recalls": {"1": 0.2893401015228426, "2": 0.06802721088435375, "3": 0.2183406113537118, "4": 0.035897435897435895, "5": 0.20901639344262296, "6": 0.14102564102564102, "7": 0.5438144329896907, "8": 0.1326530612244898, "9": 0.4416058394160584, "10": 0.3125, "11": 0.116751269035533, "12": 0.41580756013745707, "13": 0.05263157894736842, "14": 0.14328358208955225, "15": 0.1453287197231834, "16": 0.4935400516795866, "17": 0.35276073619631904, "18": 0.22491349480968859, "19": 0.5764705882352941, "20": 0.49407114624505927},
  "targets_count": 6423,
  "tp_count": 2034
}