{
  "gt_count": 6900,
  "mean_obj_recall": 0.40533081145135325,
  "mean_scene_recall": 0.4048451242418062,
  "obj_recalls": {"1": 0.5275908479138627, "2": 0.6190476190476191, "3": 0.6927083333333334, "4": 0.6043771043771043, "5": 0.33157894736842103, "6": 0.35714285714285715, "7": 0.108, "8": 0.14, "9": 0.44715447154471544, "10": 0.2727272727272727, "11": 0.36, "12": 0.38848920863309355, "13": 0.7928571428571428, "14": 0.773972602739726, "15": 0.8835616438356164, "16": 0.8617021276595744, "17": 0.7876712328767124, "18": 0.0821917808219178, "19": 0.28272251308900526, "20": 0.325, "21": 0.09714285714285714, "22": 0.2127659574468085, "23": 0.20967741935483872, "24": 0.7395833333333334, "25": 0.0, "26": 0.0, "27": 0.25, "28": 0.03125, "29": 0.24489795918367346, "30": 0.7361111111111112},
  "recall": 0.4494784368675074,
  "scene_recalls": {"1": 0.39593908629441626, "2": 0.24489795918367346, "3": 0.3930131004366812, "4": 0.08205128205128205, "5": 0.4016393442622951, "6": 0.2863247863247863, "7": 0.6365979381443299, "8": 0.30272108843537415, "9": 0.583941605839416, "10": 0.4652777777777778, "11": 0.34517766497461927, "12": 0.5498281786941581, "13": 0.1523545706371191, "14": 0.2208955223880597, "15": 0.22491349480968859, "16": 0.5968992248062015, "17": 0.49693251533742333, "18": 0.36678200692041524, "19": 0.7011764705882353, "20": 0.6495388669301713},
  "targets_count": 6423,
  "tp_count": 2887
}