{
  "gt_count": 6900,
  "mean_obj_recall": 0.03623798131710919,
  "mean_scene_recall": 0.027681281346330577,
  "obj_recalls": {"1": 0.013458950201884253, "2": 0.02040816326530612, "3": 0.059895833333333336, "4": 0.013468013468013467, "5": 0.042105263157894736, "6": 0.0, "7": 0.016, "8": 0.006666666666666667, "9": 0.044715447154471545, "10": 0.0, "11": 0.0, "12": 0.0, "13": 0.02142857142857143, "14": 0.0410958904109589, "15": 0.14383561643835616, "16": 0.1276595744680851, "17": 0.3424657534246575, "18": 0.0, "19": 0.0, "20": 0.0, "21": 0.0, "22": 0.0, "23": 0.03225806451612903, "24": 0.005208333333333333, "25": 0.021052631578947368, "26": 0.0, "27": 0.13541666666666666, "28": 0.0, "29": 0.0, "30": 0.0},
  "recall": 0.03144947843686751,
  "scene_recalls": {"1": 0.01015228426395939, "2": 0.02040816326530612, "3": 0.008733624454148471, "4": 0.010256410256410256, "5": 0.03278688524590164, "6": 0.0, "7": 0.08762886597938144, "8": 0.01020408163265306, "9": 0.03467153284671533, "10": 0.010416666666666666, "11": 0.015228426395939087, "12": 0.05154639175257732, "13": 0.0, "14": 0.005970149253731343, "15": 0.01730103806228374, "16": 0.06976744186046512, "17": 0.018404907975460124, "18": 0.02422145328719723, "19": 0.10352941176470588, "20": 0.022397891963109356},
  "targets_count": 6423,
  "tp_count": 202
}