{
  "gt_count": 6900,
  "mean_obj_recall": 0.06127567066757863,
  "mean_scene_recall": 0.050943733378530455,
  "obj_recalls": {"1": 0.02288021534320323, "2": 0.05442176870748299, "3": 0.08854166666666667, "4": 0.02861952861952862, "5": 0.08947368421052632, "6": 0.0, "7": 0.036, "8": 0.02, "9": 0.11788617886178862, "10": 0.02097902097902098, "11": 0.0, "12": 0.04316546762589928, "13": 0.07142857142857142, "14": 0.06164383561643835, "15": 0.2054794520547945, "16": 0.21808510638297873, "17": 0.410958904109589, "18": 0.00684931506849315, "19": 0.005235602094240838, "20": 0.004166666666666667, "21": 0.017142857142857144, "22": 0.005319148936170213, "23": 0.04435483870967742, "24": 0.036458333333333336, "25": 0.031578947368421054, "26": 0.010101010101010102, "27": 0.1875, "28": 0.0, "29": 0.0, "30": 0.0},
  "recall": 0.0554258134827962,
  "scene_recalls": {"1": 0.015228426395939087, "2": 0.034013605442176874, "3": 0.048034934497816595, "4": 0.02564102564102564, "5": 0.06147540983606557, "6": 0.008547008547008548, "7": 0.12886597938144329, "8": 0.04421768707482993, "9": 0.060218978102189784, "10": 0.024305555555555556, "11": 0.050761421319796954, "12": 0.10652920962199312, "13": 0.0, "14": 0.008955223880597015, "15": 0.020761245674740483, "16": 0.11886304909560723, "17": 0.03987730061349693, "18": 0.04498269896193772, "19": 0.13411764705882354, "20": 0.043478260869565216},
  "targets_count": 6423,
  "tp_count": 356
}