{
  "gt_count": 6900,
  "mean_obj_recall": 0.14459174808048822,
  "mean_scene_recall": 0.13595663204225658,
  "obj_recalls": {"1": 0.09421265141318977, "2": 0.14285714285714285, "3": 0.1484375, "4": 0.09427609427609428, "5": 0.21052631578947367, "6": 0.11224489795918367, "7": 0.216, "8": 0.11333333333333333, "9": 0.2804878048780488, "10": 0.16083916083916083, "11": 0.09714285714285714, "12": 0.17266187050359713, "13": 0.14285714285714285, "14": 0.18493150684931506, "15": 0.2534246575342466, "16": 0.3191489361702128, "17": 0.5616438356164384, "18": 0.07534246575342465, "19": 0.05759162303664921, "20": 0.025, "21": 0.07428571428571429, "22": 0.026595744680851064, "23": 0.14919354838709678, "24": 0.11458333333333333, "25": 0.08421052631578947, "26": 0.030303030303030304, "27": 0.28125, "28": 0.041666666666666664, "29": 0.01020408163265306, "30": 0.0625},
  "recall": 0.13825315273236805,
  "scene_recalls": {"1": 0.09137055837563451, "2": 0.19047619047619047, "3": 0.18340611353711792, "4": 0.08717948717948718, "5": 0.1680327868852459, "6": 0.09401709401709402, "7": 0.17010309278350516, "8": 0.09523809523809523, "9": 0.1259124087591241, "10": 0.10069444444444445, "11": 0.13705583756345177, "12": 0.18556701030927836, "13": 0.030470914127423823, "14": 0.06865671641791045, "15": 0.0657439446366782, "16": 0.2248062015503876, "17": 0.15950920245398773, "18": 0.1453287197231834, "19": 0.2611764705882353, "20": 0.13438735177865613},
  "targets_count": 6423,
  "tp_count": 888
}