{
  "gt_count": 6900,
  "mean_obj_recall": 0.00646055077405432,
  "mean_scene_recall": 0.004243326866694718,
  "obj_recalls": {"1": 0.0013458950201884253, "2": 0.0045351473922902496, "3": 0.013020833333333334, "4": 0.0, "5": 0.005263157894736842, "6": 0.0, "7": 0.0, "8": 0.0, "9": 0.0, "10": 0.0, "11": 0.0, "12": 0.0, "13": 0.0, "14": 0.00684931506849315, "15": 0.0410958904109589, "16": 0.031914893617021274, "17": 0.07534246575342465, "18": 0.0, "19": 0.0, "20": 0.0, "21": 0.0, "22": 0.0, "23": 0.004032258064516129, "24": 0.0, "25": 0.0, "26": 0.0, "27": 0.010416666666666666, "28": 0.0, "29": 0.0, "30": 0.0},
  "recall": 0.005449167055892885,
  "scene_recalls": {"1": 0.0, "2": 0.0, "3": 0.0, "4": 0.005128205128205128, "5": 0.0, "6": 0.0, "7": 0.015463917525773196, "8": 0.003401360544217687, "9": 0.0036496350364963502, "10": 0.0, "11": 0.0, "12": 0.003436426116838488, "13": 0.0, "14": 0.0, "15": 0.0034602076124567475, "16": 0.015503875968992248, "17": 0.0, "18": 0.0, "19": 0.02823529411764706, "20": 0.006587615283267457},
  "targets_count": 6423,
  "tp_count": 35
}