{
  "gt_count": 6900,
  "mean_obj_recall": 0.08404065285202747,
  "mean_scene_recall": 0.07475591662379115,
  "obj_recalls": {"1": 0.03768506056527591, "2": 0.08163265306122448, "3": 0.10416666666666667, "4": 0.04040404040404041, "5": 0.14210526315789473, "6": 0.04081632653061224, "7": 0.092, "8": 0.04666666666666667, "9": 0.2032520325203252, "10": 0.04895104895104895, "11": 0.005714285714285714, "12": 0.07194244604316546, "13": 0.1, "14": 0.0958904109589041, "15": 0.2328767123287671, "16": 0.26595744680851063, "17": 0.4452054794520548, "18": 0.02054794520547945, "19": 0.010471204188481676, "20": 0.008333333333333333, "21": 0.03428571428571429, "22": 0.005319148936170213, "23": 0.06048387096774194, "24": 0.052083333333333336, "25": 0.042105263157894736, "26": 0.010101010101010102, "27": 0.19791666666666666, "28": 0.010416666666666666, "29": 0.0, "30": 0.013888888888888888},
  "recall": 0.07800093414292386,
  "scene_recalls": {"1": 0.03553299492385787, "2": 0.07482993197278912, "3": 0.09170305676855896, "4": 0.046153846153846156, "5": 0.0778688524590164, "6": 0.038461538461538464, "7": 0.13659793814432988, "8": 0.05782312925170068, "9": 0.072992700729927, "10": 0.03819444444444445, "11": 0.08121827411167512, "12": 0.140893470790378, "13": 0.008310249307479225, "14": 0.01791044776119403, "15": 0.02422145328719723, "16": 0.13695090439276486, "17": 0.07975460122699386, "18": 0.08996539792387544, "19": 0.1811764705882353, "20": 0.06455862977602109},
  "targets_count": 6423,
  "tp_count": 501
}