{
  "gt_count": 6900,
  "mean_obj_recall": 0.11643142638685561,
  "mean_scene_recall": 0.1091194515511631,
  "obj_recalls": {"1": 0.06729475100942127, "2": 0.12018140589569161, "3": 0.13020833333333334, "4": 0.06902356902356903, "5": 0.18947368421052632, "6": 0.061224489795918366, "7": 0.188, "8": 0.06666666666666667, "9": 0.2601626016260163, "10": 0.13286713286713286, "11": 0.04, "12": 0.11510791366906475, "13": 0.1357142857142857, "14": 0.1232876712328767, "15": 0.2534246575342466, "16": 0.2872340425531915, "17": 0.5068493150684932, "18": 0.0547945205479452, "19": 0.03664921465968586, "20": 0.0125, "21": 0.045714285714285714, "22": 0.015957446808510637, "23": 0.11693548387096774, "24": 0.08854166666666667, "25": 0.06315789473684211, "26": 0.010101010101010102, "27": 0.25, "28": 0.020833333333333332, "29": 0.01020408163265306, "30": 0.020833333333333332},
  "recall": 0.11131869842752608,
  "scene_recalls": {"1": 0.07106598984771574, "2": 0.1360544217687075, "3": 0.14847161572052403, "4": 0.06153846153846154, "5": 0.14344262295081966, "6": 0.05982905982905983, "7": 0.15206185567010308, "8": 0.08163265306122448, "9": 0.09671532846715329, "10": 0.06597222222222222, "11": 0.12690355329949238, "12": 0.16838487972508592, "13": 0.01662049861495845, "14": 0.04776119402985075, "15": 0.04498269896193772, "16": 0.1731266149870801, "17": 0.13190184049079753, "18": 0.12802768166089964, "19": 0.2211764705882353, "20": 0.1067193675889328},
  "targets_count": 6423,
  "tp_count": 715
}