{
  "gt_count": 6900,
  "mean_obj_recall": 0.15629972791652694,
  "mean_scene_recall": 0.14732227154549338,
  "obj_recalls": {"1": 0.09959623149394348, "2": 0.15192743764172337, "3": 0.15104166666666666, "4": 0.10606060606060606, "5": 0.21578947368421053, "6": 0.11224489795918367, "7": 0.232, "8": 0.14, "9": 0.3170731707317073, "10": 0.16783216783216784, "11": 0.12571428571428572, "12": 0.17266187050359713, "13": 0.15714285714285714, "14": 0.1917808219178082, "15": 0.2534246575342466, "16": 0.3351063829787234, "17": 0.5753424657534246, "18": 0.10273972602739725, "19": 0.06282722513089005, "20": 0.025, "21": 0.08571428571428572, "22": 0.026595744680851064, "23": 0.1532258064516129, "24": 0.13020833333333334, "25": 0.09473684210526316, "26": 0.050505050505050504, "27": 0.3229166666666667, "28": 0.046875, "29": 0.02040816326530612, "30": 0.0625},
  "recall": 0.14884010586953136,
  "scene_recalls": {"1": 0.10152284263959391, "2": 0.19047619047619047, "3": 0.2096069868995633, "4": 0.09230769230769231, "5": 0.18032786885245902, "6": 0.10256410256410256, "7": 0.18298969072164947, "8": 0.1054421768707483, "9": 0.13138686131386862, "10": 0.10069444444444445, "11": 0.18274111675126903, "12": 0.19243986254295534, "13": 0.04155124653739612, "14": 0.07164179104477612, "15": 0.07958477508650519, "16": 0.22739018087855298, "17": 0.1687116564417178, "18": 0.1695501730103806, "19": 0.27058823529411763, "20": 0.14492753623188406},
  "targets_count": 6423,
  "tp_count": 956
}