{
  "gt_count": 6900,
  "mean_obj_recall": 0.12951827382885,
  "mean_scene_recall": 0.12194885631201388,
  "obj_recalls": {"1": 0.08209959623149395, "2": 0.13151927437641722, "3": 0.13802083333333334, "4": 0.09090909090909091, "5": 0.19473684210526315, "6": 0.08163265306122448, "7": 0.196, "8": 0.1, "9": 0.2764227642276423, "10": 0.13286713286713286, "11": 0.08, "12": 0.1510791366906475, "13": 0.1357142857142857, "14": 0.15753424657534246, "15": 0.2534246575342466, "16": 0.30851063829787234, "17": 0.5273972602739726, "18": 0.06164383561643835, "19": 0.041884816753926704, "20": 0.016666666666666666, "21": 0.06857142857142857, "22": 0.02127659574468085, "23": 0.12903225806451613, "24": 0.09375, "25": 0.07368421052631578, "26": 0.020202020202020204, "27": 0.25, "28": 0.026041666666666668, "29": 0.01020408163265306, "30": 0.034722222222222224},
  "recall": 0.12486377082360267,
  "scene_recalls": {"1": 0.07614213197969544, "2": 0.1564625850340136, "3": 0.1703056768558952, "4": 0.08205128205128205, "5": 0.15163934426229508, "6": 0.07692307692307693, "7": 0.16237113402061856, "8": 0.08843537414965986, "9": 0.11496350364963503, "10": 0.0763888888888889, "11": 0.12690355329949238, "12": 0.17869415807560138, "13": 0.024930747922437674, "14": 0.056716417910447764, "15": 0.05190311418685121, "16": 0.1937984496124031, "17": 0.15030674846625766, "18": 0.1314878892733564, "19": 0.2447058823529412, "20": 0.12384716732542819},
  "targets_count": 6423,
  "tp_count": 802
}