{
  "gt_count": 6900,
  "mean_obj_recall": 0.10292646136226892,
  "mean_scene_recall": 0.09395031261004094,
  "obj_recalls": {"1": 0.05114401076716016, "2": 0.10204081632653061, "3": 0.12239583333333333, "4": 0.05723905723905724, "5": 0.1736842105263158, "6": 0.05102040816326531, "7": 0.132, "8": 0.06, "9": 0.23170731707317074, "10": 0.0979020979020979, "11": 0.011428571428571429, "12": 0.10071942446043165, "13": 0.12857142857142856, "14": 0.10273972602739725, "15": 0.2465753424657534, "16": 0.28191489361702127, "17": 0.4794520547945205, "18": 0.0410958904109589, "19": 0.02617801047120419, "20": 0.0125, "21": 0.045714285714285714, "22": 0.015957446808510637, "23": 0.08870967741935484, "24": 0.08333333333333333, "25": 0.05263157894736842, "26": 0.010101010101010102, "27": 0.23958333333333334, "28": 0.010416666666666666, "29": 0.01020408163265306, "30": 0.020833333333333332},
  "recall": 0.0966837926202709,
  "scene_recalls": {"1": 0.06598984771573604, "2": 0.10204081632653061, "3": 0.1222707423580786, "4": 0.05641025641025641, "5": 0.11065573770491803, "6": 0.04700854700854701, "7": 0.14690721649484537, "8": 0.06802721088435375, "9": 0.08029197080291971, "10": 0.0625, "11": 0.116751269035533, "12": 0.15120274914089346, "13": 0.013850415512465374, "14": 0.03880597014925373, "15": 0.03806228373702422, "16": 0.15762273901808785, "17": 0.0950920245398773, "18": 0.10726643598615918, "19": 0.20470588235294118, "20": 0.09354413702239789},
  "targets_count": 6423,
  "tp_count": 621
}