{
  "gt_count": 6900,
  "mean_obj_recall": 0.1695245425443395,
  "mean_scene_recall": 0.16103283680390462,
  "obj_recalls": {"1": 0.11036339165545088, "2": 0.17006802721088435, "3": 0.16927083333333334, "4": 0.1127946127946128, "5": 0.22105263157894736, "6": 0.1326530612244898, "7": 0.248, "8": 0.16666666666666666, "9": 0.34146341463414637, "10": 0.17482517482517482, "11": 0.13142857142857142, "12": 0.17985611510791366, "13": 0.16428571428571428, "14": 0.21232876712328766, "15": 0.2602739726027397, "16": 0.35106382978723405, "17": 0.5821917808219178, "18": 0.13013698630136986, "19": 0.06282722513089005, "20": 0.025, "21": 0.09142857142857143, "22": 0.026595744680851064, "23": 0.1774193548387097, "24": 0.15625, "25": 0.11578947368421053, "26": 0.08080808080808081, "27": 0.3333333333333333, "28": 0.06770833333333333, "29": 0.02040816326530612, "30": 0.06944444444444445},
  "recall": 0.16176241631636307,
  "scene_recalls": {"1": 0.1065989847715736, "2": 0.2108843537414966, "3": 0.22707423580786026, "4": 0.11794871794871795, "5": 0.20081967213114754, "6": 0.1111111111111111, "7": 0.1958762886597938, "8": 0.11224489795918367, "9": 0.14416058394160583, "10": 0.125, "11": 0.20812182741116753, "12": 0.20962199312714777, "13": 0.04986149584487535, "14": 0.07462686567164178, "15": 0.09342560553633218, "16": 0.23772609819121446, "17": 0.17177914110429449, "18": 0.17993079584775087, "19": 0.28705882352941176, "20": 0.15678524374176547},
  "targets_count": 6423,
  "tp_count": 1039
}